-- phpMyAdmin SQL Dump
-- version 4.8.2
-- https://www.phpmyadmin.net/
--
-- Servidor: localhost
-- Tiempo de generación: 28-08-2018 a las 11:00:18
-- Versión del servidor: 5.7.23-0ubuntu0.16.04.1
-- Versión de PHP: 7.2.7-1+ubuntu16.04.1+deb.sury.org+1

SET SQL_MODE = "NO_AUTO_VALUE_ON_ZERO";
SET AUTOCOMMIT = 0;
START TRANSACTION;
SET time_zone = "+00:00";


/*!40101 SET @OLD_CHARACTER_SET_CLIENT=@@CHARACTER_SET_CLIENT */;
/*!40101 SET @OLD_CHARACTER_SET_RESULTS=@@CHARACTER_SET_RESULTS */;
/*!40101 SET @OLD_COLLATION_CONNECTION=@@COLLATION_CONNECTION */;
/*!40101 SET NAMES utf8mb4 */;

--
-- Base de datos: `sysmedic`
--

-- --------------------------------------------------------

--
-- Estructura de tabla para la tabla `abilities`
--

CREATE TABLE `abilities` (
  `id` int(10) UNSIGNED NOT NULL,
  `name` varchar(150) COLLATE utf8mb4_unicode_ci NOT NULL,
  `title` varchar(191) COLLATE utf8mb4_unicode_ci DEFAULT NULL,
  `entity_id` int(10) UNSIGNED DEFAULT NULL,
  `entity_type` varchar(150) COLLATE utf8mb4_unicode_ci DEFAULT NULL,
  `only_owned` tinyint(1) NOT NULL DEFAULT '0',
  `created_at` timestamp NULL DEFAULT NULL,
  `updated_at` timestamp NULL DEFAULT NULL
) ENGINE=InnoDB DEFAULT CHARSET=utf8mb4 COLLATE=utf8mb4_unicode_ci;

--
-- Volcado de datos para la tabla `abilities`
--

INSERT INTO `abilities` (`id`, `name`, `title`, `entity_id`, `entity_type`, `only_owned`, `created_at`, `updated_at`) VALUES
(1, 'users_manage', NULL, NULL, NULL, 0, '2018-07-02 01:41:41', '2018-07-02 01:41:41'),
(2, 'users_admin_sedes', NULL, NULL, NULL, 0, '2018-07-02 01:45:38', '2018-07-02 01:45:38'),
(3, 'users_managefull', NULL, NULL, NULL, 0, '2018-07-14 01:10:26', '2018-07-14 01:10:26'),
(4, 'users_profesional', NULL, NULL, NULL, 0, '2018-08-23 19:11:23', '2018-08-23 19:11:23');

-- --------------------------------------------------------

--
-- Estructura de tabla para la tabla `analises`
--

CREATE TABLE `analises` (
  `id` int(11) NOT NULL,
  `name` varchar(100) NOT NULL,
  `laboratorio` varchar(100) NOT NULL,
  `preciopublico` text NOT NULL,
  `costlab` text NOT NULL,
  `porcentaje` varchar(200) DEFAULT NULL,
  `created_at` date NOT NULL,
  `updated_at` date NOT NULL,
  `id_empresa` int(11) NOT NULL,
  `id_sucursal` int(11) NOT NULL
) ENGINE=InnoDB DEFAULT CHARSET=latin1;

--
-- Volcado de datos para la tabla `analises`
--

INSERT INTO `analises` (`id`, `name`, `laboratorio`, `preciopublico`, `costlab`, `porcentaje`, `created_at`, `updated_at`, `id_empresa`, `id_sucursal`) VALUES
(3, 'Azucar', 'laboratorio1', '123', '250', '', '2018-07-03', '2018-07-03', 1, 2),
(5, 'bbbbbbb', 'laboratorio', '545', '4445', '', '2018-07-13', '2018-07-13', 1, 2),
(6, 'PERFIL OBSTETRICO CON HIV', 'BLUFSTEIN', '120.00', '29.00', '10.00', '2018-07-16', '2018-08-08', 1, 1),
(20, 'CA-123 MARCADOR TUMORAL', 'BGL LABORATORIOS', '200.00', '45.00', '40.00', '2018-08-02', '2018-08-15', 1, 1),
(21, 'GRUPO SANG. Y FACTOR RH', 'BGL', '15.00', '4.50', '3.00', '2018-08-06', '2018-08-13', 1, 5),
(22, 'HEMATOCRITO', 'BGL', '15.00', '3.50', '3.00', '2018-08-06', '2018-08-13', 1, 5),
(23, 'HEMOGLOBINA', 'BGL', '15.00', '3.50', '3.00', '2018-08-06', '2018-08-13', 1, 5),
(24, 'HEMOGRAMA COMPLETO (AUTOMATIZADO)', 'BGL', '25.00', '8.00', '5.00', '2018-08-06', '2018-08-17', 1, 5),
(25, 'VELOC.DE SEDIM.GLOBULAR', 'BGL', '15.00', '3.50', '3.00', '2018-08-06', '2018-08-13', 1, 5),
(26, 'TIEMPO DE COAGULACIÓN', 'BGL', '15.00', '2.50', '3.00', '2018-08-06', '2018-08-13', 1, 5),
(27, 'TIEMPO DE PROTOMBINA', 'BGL', '35.00', '13.00', '7.00', '2018-08-06', '2018-08-13', 1, 5),
(28, 'TIEMPO DE TROMBINA', 'BGL', '50.00', '20.00', '10.00', '2018-08-06', '2018-08-13', 1, 5),
(29, 'AC. URICO', 'BGL', '15.00', '4.50', '3.00', '2018-08-06', '2018-08-13', 1, 5),
(30, 'AMILASA', 'BGL', '28.00', '8.00', '5.50', '2018-08-06', '2018-08-13', 1, 5),
(31, 'BILIRRUBINA T-F', 'BGL', '15.00', '4.50', '3.00', '2018-08-06', '2018-08-13', 1, 5),
(32, 'BILIRRUBINA T-F', 'BGL', '15.00', '4.50', '3.00', '2018-08-06', '2018-08-13', 1, 5),
(33, 'COLESTEROL TOTAL', 'BGL', '15.00', '4.50', '3.00', '2018-08-06', '2018-08-13', 1, 5),
(34, 'CREATININA', 'BGL', '15.00', '4.50', '3.00', '2018-08-06', '2018-08-13', 1, 5),
(35, 'FOSFATASA ALCALINA', 'BGL', '25.00', '6.00', '5.00', '2018-08-06', '2018-08-13', 1, 5),
(36, 'GLUCOSA', 'BGL', '15.00', '3.50', '3.00', '2018-08-06', '2018-08-13', 1, 5),
(37, 'HDL COLESTEROL', 'BGL', '15.00', '4.50', '3.00', '2018-08-06', '2018-08-13', 1, 5),
(38, 'LDL COLESTEROL', 'BGL', '15.00', '4.50', '3.00', '2018-08-06', '2018-08-13', 1, 5),
(39, 'LIPIDOS TOTALES', 'BGL', '30.00', '8.50', '6.00', '2018-08-06', '2018-08-13', 1, 5),
(40, 'PROTEINAS  T-F', 'BGL', '20.00', '5.00', '4.00', '2018-08-06', '2018-08-13', 1, 5),
(41, 'TGO', 'BGL', '30.00', '4.50', '6.00', '2018-08-06', '2018-08-13', 1, 5),
(42, 'TGP', 'BGL', '30.00', '4.50', '6.00', '2018-08-06', '2018-08-13', 1, 5),
(43, 'TRIGLICERIDOS', 'BGL', '25.00', '5.00', '4.00', '2018-08-06', '2018-08-13', 1, 5),
(44, 'UREA', 'BGL', '25.00', '4.50', '5.00', '2018-08-06', '2018-08-13', 1, 5),
(45, 'VLDL COLESTEROL', 'BGL', '20.00', '5.00', '4.00', '2018-08-06', '2018-08-13', 1, 5),
(46, 'GLUCOSA POST PRANDIAL', 'BGL', '20.00', '3.50', '4.00', '2018-08-06', '2018-08-13', 1, 5),
(47, 'HEMOGLOBINA GLUCOSILADA', 'BGL', '70.00', '24.00', '14.00', '2018-08-06', '2018-08-13', 1, 5),
(48, 'AGLUTINACIONES EN PLACA', 'BGL', '25.00', '7.00', '5.00', '2018-08-06', '2018-08-13', 1, 5),
(49, 'PROTEINA C REACTIVA', 'BGL', '35.00', '7.00', '7.00', '2018-08-06', '2018-08-13', 1, 5),
(50, 'VDRL O RPR', 'BGL', '25.00', '5.50', '5.00', '2018-08-06', '2018-08-13', 1, 5),
(51, 'HEPATITIS A ig M', 'BGL', '100.00', '39.00', '15.00', '2018-08-06', '2018-08-13', 1, 5),
(52, 'HEPATITIS  D IgM', 'BGL', '215.00', '120.00', '30.00', '2018-08-06', '2018-08-16', 1, 5),
(53, 'HEPATITIS B ANTICORE  Ig M', 'BGL', '80.00', '40.00', '10.00', '2018-08-06', '2018-08-16', 1, 5),
(54, 'HEPATITIS B ANTICORE  TOTAL', 'BGL', '80.00', '35.00', '15.00', '2018-08-06', '2018-08-16', 1, 5),
(55, 'HERPES I IgM/HERPES I IgG c/u', 'BGL', '65.00', '28.00', '13.00', '2018-08-06', '2018-08-16', 1, 5),
(56, 'HERPES II IgM/HERPES II IgG c/u', 'BGL', '65.00', '28.00', '13.00', '2018-08-06', '2018-08-16', 1, 5),
(57, 'HIV- ELISA', 'BGL', '50.00', '18.00', '10.00', '2018-08-06', '2018-08-16', 1, 5),
(58, 'Ig M', 'BGL', '65.00', '28.00', '13.00', '2018-08-06', '2018-08-16', 1, 5),
(59, 'Ig G', 'BGL', '65.00', '28.00', '13.00', '2018-08-06', '2018-08-16', 1, 5),
(60, 'COLORACION GRAM', 'BGL', '15.00', '4.50', '3.00', '2018-08-06', '2018-08-16', 1, 5),
(61, 'EXAMEN COMPLETO DE ORINA', 'BGL', '15.00', '4.50', '3.00', '2018-08-06', '2018-08-16', 1, 5),
(62, 'REACCION INFLAMATORIA DE -HECES', 'BGL', '15.00', '4.50', '3.00', '2018-08-06', '2018-08-16', 1, 5),
(63, 'PARASITOX3 MUESTRAS', 'BGL', '65.00', '9.00', '13.00', '2018-08-06', '2018-08-16', 1, 5),
(64, 'SECREC. CULTIVO Y ANTIBIOGRAMA', 'BGL', '45.00', '15.50', '9.00', '2018-08-06', '2018-08-16', 1, 5),
(65, 'UROCULTIVO Y ANTIBIOGRAMA', 'BGL', '35.00', '18.00', '7.00', '2018-08-06', '2018-08-24', 1, 5),
(66, 'CULTIVO DE SECRECION VAGINAL', 'BGL', '45.00', '15.50', '9.00', '2018-08-06', '2018-08-16', 1, 5),
(67, 'PROLACTINA', 'BGL', '60.00', '18.50', '12.00', '2018-08-06', '2018-08-16', 1, 5),
(68, 'HCG -ANTISUBUNIDAD BETA(CUALITATIVO)', 'BGL', '60.00', '11.00', '12.00', '2018-08-06', '2018-08-16', 1, 5),
(69, 'INSULINA', 'BGL', '75.00', '30.00', '15.00', '2018-08-06', '2018-08-16', 1, 5),
(70, 'PSA TOTAL', 'BGL', '60.00', '19.00', '12.00', '2018-08-06', '2018-08-16', 1, 5),
(71, 'PSA(LIBRE)', 'BGL', '75.00', '30.00', '15.00', '2018-08-06', '2018-08-16', 1, 5),
(72, 'INDICE DE PSA', 'BGL', '105.00', '50.00', '10.00', '2018-08-06', '2018-08-16', 1, 5),
(73, 'PROTEINAS EN 24HRS', 'BGL', '35.00', '9.00', '7.00', '2018-08-06', '2018-08-16', 1, 5),
(74, 'CREATININA  ORINA SIMPLE', 'BGL', '20.00', '5.00', '4.00', '2018-08-06', '2018-08-16', 1, 5),
(75, 'CREATININA  ORINA SIMPLE', 'BGL', '20.00', '5.00', '4.00', '2018-08-06', '2018-08-16', 1, 5),
(76, 'BIOPSIA <1.0 cm', 'BGL', '250.00', '40.00', '25.00', '2018-08-06', '2018-08-16', 1, 5),
(77, 'HELYCOBACRER PYLORI Ig M', 'BGL', '90.00', '30.00', '18.00', '2018-08-06', '2018-08-16', 1, 5),
(78, 'PERFIL LIPIDICO (Col.total, HDL, LDL, VLDL, TRIGLIT., RIESGO CORONARIO)', 'BGL', '60.00', '20.00', '12.00', '2018-08-06', '2018-08-16', 1, 5),
(79, 'PERFIL HEPATICO', 'BGL', '80.00', '19.50', '16.00', '2018-08-06', '2018-08-16', 1, 5),
(80, 'PERFIL TIROIDEO', 'BGL', '150.00', '48.50', '20.00', '2018-08-06', '2018-08-16', 1, 5),
(81, 'PERFIL HORMONAL FEMENINO', 'BGL', '150.00', '69.00', '25.00', '2018-08-06', '2018-08-16', 1, 5),
(82, 'PERFIL PRENATAL', 'BGL', '140.00', '30.00', '25.00', '2018-08-06', '2018-08-16', 1, 5),
(83, 'HEMOGRAMA COMPLETO', 'BLUFSTEIN', '25.60', '5.00', '10.00', '2018-08-07', '2018-08-07', 1, 1),
(84, 'PAP', 'TAXA', '40.00', '12.00', '20.00', '2018-08-19', '2018-08-19', 1, 5),
(85, 'GLUCOSA', 'LABORATORIO PROPIO', '15.00', '0.01', '4.50', '2018-08-20', '2018-08-20', 3, 7),
(86, 'GLUCOSA 20', 'LABORATORIO PROPIO', '15.00', '0.01', '3.00', '2018-08-20', '2018-08-20', 3, 7),
(87, 'GLUCOSA 15', 'LABORATORIO PROPIO', '15.00', '0.01', '2.25', '2018-08-20', '2018-08-20', 3, 7),
(88, 'UROCULTIVO Y ANTIBIOGRAMA', 'BGL', '50.00', '18.00', NULL, '2018-08-20', '2018-08-20', 1, 6),
(89, 'ACIDO URICO', 'LABMEDIC', '20.00', '3.00', NULL, '2018-08-22', '2018-08-22', 4, 8),
(90, 'CREATININA', 'LABMEDIC', '15.00', '3.00', NULL, '2018-08-22', '2018-08-22', 4, 8),
(91, 'FACTOR REMATOIDEO', 'LABMEDIC', '25.00', '3.00', NULL, '2018-08-22', '2018-08-22', 4, 8),
(92, 'GLUCOSA BASAL', 'LABMEDIC', '20.00', '3.00', NULL, '2018-08-22', '2018-08-22', 4, 8),
(93, 'HEMOGLOBINA', 'laboratorio1', '20.00', '3.00', NULL, '2018-08-22', '2018-08-22', 4, 8),
(94, 'HEMOGRAMA COMPLETA', 'laboratorio1', '25.00', '5.00', NULL, '2018-08-22', '2018-08-22', 4, 8),
(95, 'HIDATEDOSIS ANTICUERPO ELISA', 'laboratorio1', '45.00', '25.00', NULL, '2018-08-22', '2018-08-22', 4, 8),
(96, 'PCR PROTEINA C REACTIVA', 'laboratorio1', '20.00', '5.00', NULL, '2018-08-22', '2018-08-22', 4, 8),
(97, 'PROGESTERONA', 'LABMEDIC', '40.00', '20.00', NULL, '2018-08-22', '2018-08-22', 4, 8),
(98, 'PROLACTINA', 'LABMEDIC', '40.00', '18.00', NULL, '2018-08-22', '2018-08-22', 4, 8),
(99, 'TEST DE GRAHAM', 'LABMEDIC', '20.00', '5.00', NULL, '2018-08-22', '2018-08-22', 4, 8),
(100, 'TRIGLICERIDOS', 'LABMEDIC', '20.00', '3.00', NULL, '2018-08-22', '2018-08-22', 4, 8),
(101, 'TSH ULTRASENSIBLE', 'LABMEDIC', '35.00', '20.00', NULL, '2018-08-22', '2018-08-22', 4, 8),
(102, 'UREA', 'LABMEDIC', '20.00', '3.00', NULL, '2018-08-22', '2018-08-22', 4, 8),
(103, 'PERFIL RUMATOIDEO', 'LABMEDIC', '60.00', '10.00', NULL, '2018-08-22', '2018-08-22', 4, 8),
(104, 'PERFIL TIROIDEO', 'LABMEDIC', '85.00', '50.00', NULL, '2018-08-22', '2018-08-22', 4, 8),
(105, 'PERFIL LIPIDICO', 'LABMEDIC', '50.00', '10.00', NULL, '2018-08-22', '2018-08-22', 4, 8),
(106, 'PERFIL RENAL', 'LABMEDIC', '60.00', '25.00', NULL, '2018-08-22', '2018-08-22', 4, 8),
(107, 'PERFIL HEPATICO', 'BLUFSTEIN', '80.00', '22.00', NULL, '2018-08-23', '2018-08-23', 1, 1),
(108, 'ORINA COMPLETA', 'BGL', '20.00', '4.50', NULL, '2018-08-23', '2018-08-23', 1, 6),
(110, 'HEMOGRAMA COMPLETO', 'BGL', '25.00', '8.00', NULL, '2018-08-23', '2018-08-23', 1, 6),
(111, 'COPROLOGICO FUNCIONAL', 'BGL', '45.00', '14.00', NULL, '2018-08-23', '2018-08-23', 1, 6),
(112, 'PERFIL HEPATICO', 'LABMEDIC', '30.00', '10.00', NULL, '2018-08-23', '2018-08-23', 4, 9),
(113, 'HEMOGRAMA COMPLETO', 'CIOQ', '25.00', '0.01', NULL, '2018-08-23', '2018-08-23', 4, 9),
(114, 'ACIDO FOLICO', 'LABMEDIC', '55.00', '33.00', NULL, '2018-08-24', '2018-08-24', 4, 9),
(115, 'COPROCULTIVO', 'LABMEDIC', '25.00', '10.00', NULL, '2018-08-24', '2018-08-24', 4, 9),
(116, 'CULTIVO DE HONGOS', 'LABMEDIC', '30.00', '15.00', NULL, '2018-08-24', '2018-08-24', 4, 9),
(117, 'CULTIVO DE SECRECIÓN VAGINAL', 'LABMEDIC', '30.00', '10.00', NULL, '2018-08-24', '2018-08-24', 4, 9),
(118, 'EXAMEN DIRECTO PÀRA HONGOS', 'LABMEDIC', '20.00', '5.00', NULL, '2018-08-24', '2018-08-24', 4, 9),
(119, 'FACTOR REMATOIDEO CUALITATIVO', 'LABMEDIC', '15.00', '3.00', NULL, '2018-08-24', '2018-08-24', 4, 9),
(120, 'FACTOR REMATOIDEO CUANTITATIVA', 'LABMEDIC', '25.00', '6.00', NULL, '2018-08-24', '2018-08-24', 4, 9),
(121, 'FOSFATASA ALCALINA', 'LABMEDIC', '15.00', '3.00', NULL, '2018-08-24', '2018-08-24', 4, 9),
(122, 'GOTA GRUESA', 'LABMEDIC', '30.00', '10.00', NULL, '2018-08-24', '2018-08-24', 4, 9),
(123, 'HEMOCULTIVO Y ANTIBIOGRAMA', 'LABMEDIC', '50.00', '25.00', NULL, '2018-08-24', '2018-08-24', 4, 9),
(124, 'HEMOGLOBINA GLICOSILADA', 'LABMEDIC', '45.00', '23.00', NULL, '2018-08-24', '2018-08-24', 4, 9),
(125, 'HORMONA GONADOTROPINA CUANTITATIVA', 'LABMEDIC', '40.00', '20.00', NULL, '2018-08-24', '2018-08-24', 4, 9),
(126, 'INSULINA', 'LABMEDIC', '50.00', '25.00', NULL, '2018-08-24', '2018-08-24', 4, 9),
(127, 'PROLACTINA', 'LABMEDIC', '30.00', '18.00', NULL, '2018-08-24', '2018-08-24', 4, 9),
(128, 'PSA TOTAL (ANTIGENO PROSTATICO)', 'LABMEDIC', '40.00', '20.00', NULL, '2018-08-24', '2018-08-24', 4, 9),
(129, 'PSA LIBRE (ANTIGENO PROSTATICO)', 'LABMEDIC', '45.00', '25.00', NULL, '2018-08-24', '2018-08-24', 4, 9),
(130, 'T3 TOTAL (TRIYODOTIRONINA)', 'LABMEDIC', '35.00', '18.00', NULL, '2018-08-24', '2018-08-24', 4, 9),
(131, 'T3 LIBRE', 'LABMEDIC', '35.00', '18.00', NULL, '2018-08-24', '2018-08-24', 4, 9),
(132, 'T4 TOTAL (TIROXINA)', 'LABMEDIC', '40.00', '18.00', NULL, '2018-08-24', '2018-08-24', 4, 9),
(133, 'T4 LIBRE', 'LABMEDIC', '40.00', '18.00', NULL, '2018-08-24', '2018-08-24', 4, 9),
(134, 'TSH (HORMONA ESTIMULANTE DE TIROIDES)', 'LABMEDIC', '40.00', '18.00', NULL, '2018-08-24', '2018-08-24', 4, 9),
(135, 'TSH ULTRASENSIBLE', 'LABMEDIC', '45.00', '20.00', NULL, '2018-08-24', '2018-08-24', 4, 9),
(136, 'UROCULTIVO Y ANTIBIOGRAMA', 'LABMEDIC', '25.00', '10.00', NULL, '2018-08-24', '2018-08-24', 4, 9),
(137, 'UREA', 'LABMEDIC', '15.00', '3.00', NULL, '2018-08-24', '2018-08-24', 4, 9),
(138, 'PERFIL LIPÍDICO (COLESTEROL TOTAL, TRIG, LDL HDL, VLDL, LT, R1Y2)', 'LABMEDIC', '30.00', '10.00', NULL, '2018-08-24', '2018-08-24', 4, 9),
(139, 'PERFIL REUMATICO (PCR, FR, ASO, VSG, AU)', 'LABMEDIC', '30.00', '10.00', NULL, '2018-08-24', '2018-08-24', 4, 9),
(140, 'PERFIL RENAL (UREA, CREATININA, AC. U, DEP, DE CREAT ENDOGENA, PROTEINURIA, EX. ORINA)', 'LABMEDIC', '50.00', '25.00', NULL, '2018-08-24', '2018-08-24', 4, 9),
(141, 'HIV-ELISA', 'BGL', '50.00', '18.00', NULL, '2018-08-24', '2018-08-24', 1, 6),
(142, 'FTA (abs)', 'BGL', '65.00', '31.00', NULL, '2018-08-24', '2018-08-24', 1, 6),
(143, 'ACIDO ÚRICO', 'CIOQ', '15.00', '0.01', NULL, '2018-08-24', '2018-08-24', 4, 9),
(144, 'GLUCOSA', 'CIOQ', '15.00', '0.01', NULL, '2018-08-24', '2018-08-24', 4, 9),
(145, 'COLESTEROL', 'CIOQ', '15.00', '0.01', NULL, '2018-08-24', '2018-08-24', 4, 9),
(146, 'COLESTEROL', 'CIOQ', '15.00', '0.01', NULL, '2018-08-24', '2018-08-24', 4, 9),
(147, 'TRIGLICERIDOS', 'CIOQ', '15.00', '0.01', NULL, '2018-08-24', '2018-08-24', 4, 9),
(148, 'TRIGLICERIDOS', 'CIOQ', '15.00', '0.01', NULL, '2018-08-24', '2018-08-24', 4, 9),
(149, 'HEMOGLOBINA', 'CIOQ', '15.00', '0.01', NULL, '2018-08-24', '2018-08-24', 4, 9),
(150, 'HEMOGLOBINA', 'CIOQ', '15.00', '0.01', NULL, '2018-08-24', '2018-08-24', 4, 9),
(151, 'EXAMEN DE ORINA', 'CIOQ', '15.00', '0.01', NULL, '2018-08-24', '2018-08-24', 4, 9),
(152, 'EXAMEN DE HECES', 'CIOQ', '15.00', '0.01', NULL, '2018-08-24', '2018-08-24', 4, 9),
(153, 'EXAMEN DE HECES', 'CIOQ', '15.00', '0.01', NULL, '2018-08-24', '2018-08-24', 4, 9),
(154, 'FACTOR RH (GRUPO SANGUINEO)', 'CIOQ', '20.00', '0.01', NULL, '2018-08-24', '2018-08-24', 4, 9),
(155, 'FACTOR RH (GRUPO SANGUINEO)', 'CIOQ', '20.00', '0.01', NULL, '2018-08-24', '2018-08-24', 4, 9),
(156, 'TEST DE GRAHAM', 'BGL LABORATORIOS', '15.00', '3.00', NULL, '2018-08-25', '2018-08-25', 1, 5),
(157, '17- HIDROCORTICOIDES', 'laboratorio1', '110.00', '110.00', NULL, '2018-08-27', '2018-08-27', 5, 10),
(158, '17- HIDROXIPROGESTERONA', 'laboratorio1', '72.00', '72.00', NULL, '2018-08-27', '2018-08-27', 5, 10),
(159, '17- HIDROXIPROGESTERONA TAMIZAJE NEINATAL', 'laboratorio1', '94.00', '94.00', NULL, '2018-08-27', '2018-08-27', 5, 10),
(160, '17-KETOESTEROIDES (ORINA 24 HORAS)', 'laboratorio1', '110.00', '110.00', NULL, '2018-08-27', '2018-08-27', 5, 10),
(161, 'SECRECION VAGINAL COL GRAM', 'BGL', '30.00', '4.50', NULL, '2018-08-27', '2018-08-27', 1, 6),
(162, 'PERFIL LIPIDICO', 'BGL', '60.00', '20.00', NULL, '2018-08-27', '2018-08-27', 1, 6),
(163, 'COLESTEROL TOTAL', 'BGL', '25.00', '4.50', NULL, '2018-08-27', '2018-08-27', 1, 6),
(164, 'GLUCOSA', 'BGL', '25.00', '3.50', NULL, '2018-08-27', '2018-08-27', 1, 6),
(165, 'TRIGLICERIDOS', 'BGL', '30.00', '5.00', NULL, '2018-08-27', '2018-08-27', 1, 6);

-- --------------------------------------------------------

--
-- Estructura de tabla para la tabla `assigned_roles`
--

CREATE TABLE `assigned_roles` (
  `role_id` int(10) UNSIGNED NOT NULL,
  `entity_id` int(10) UNSIGNED NOT NULL,
  `entity_type` varchar(191) COLLATE utf8mb4_unicode_ci NOT NULL
) ENGINE=InnoDB DEFAULT CHARSET=utf8mb4 COLLATE=utf8mb4_unicode_ci;

--
-- Volcado de datos para la tabla `assigned_roles`
--

INSERT INTO `assigned_roles` (`role_id`, `entity_id`, `entity_type`) VALUES
(1, 1, 'App\\User'),
(1, 2, 'App\\User'),
(1, 3, 'App\\User'),
(2, 4, 'App\\User'),
(1, 5, 'App\\User'),
(1, 6, 'App\\User'),
(1, 7, 'App\\User'),
(1, 8, 'App\\User'),
(1, 9, 'App\\User'),
(1, 10, 'App\\User'),
(1, 11, 'App\\User'),
(1, 12, 'App\\User'),
(3, 13, 'App\\User'),
(3, 14, 'App\\User'),
(3, 15, 'App\\User'),
(3, 16, 'App\\User'),
(3, 17, 'App\\User'),
(3, 18, 'App\\User'),
(3, 19, 'App\\User'),
(3, 20, 'App\\User'),
(3, 21, 'App\\User'),
(3, 22, 'App\\User'),
(1, 23, 'App\\User'),
(1, 24, 'App\\User'),
(1, 25, 'App\\User'),
(1, 26, 'App\\User'),
(1, 27, 'App\\User'),
(1, 28, 'App\\User'),
(3, 29, 'App\\User'),
(3, 30, 'App\\User');

-- --------------------------------------------------------

--
-- Estructura de tabla para la tabla `atencions`
--

CREATE TABLE `atencions` (
  `id` int(11) NOT NULL,
  `id_empresa` int(11) NOT NULL,
  `id_sucursal` int(11) NOT NULL,
  `created_at` date NOT NULL,
  `updated_at` date NOT NULL
) ENGINE=InnoDB DEFAULT CHARSET=latin1;

--
-- Volcado de datos para la tabla `atencions`
--

INSERT INTO `atencions` (`id`, `id_empresa`, `id_sucursal`, `created_at`, `updated_at`) VALUES
(2, 1, 1, '2018-07-27', '2018-07-27'),
(3, 1, 1, '2018-07-30', '2018-07-30'),
(4, 1, 1, '2018-07-30', '2018-07-30'),
(5, 1, 1, '2018-07-30', '2018-07-30'),
(6, 1, 1, '2018-08-01', '2018-08-01'),
(7, 1, 1, '2018-08-02', '2018-08-02'),
(8, 1, 1, '2018-08-02', '2018-08-02'),
(9, 1, 1, '2018-08-02', '2018-08-02'),
(10, 1, 1, '2018-08-02', '2018-08-02'),
(11, 1, 1, '2018-08-02', '2018-08-02'),
(12, 1, 1, '2018-08-02', '2018-08-02'),
(13, 1, 1, '2018-08-02', '2018-08-02'),
(14, 1, 1, '2018-08-02', '2018-08-02'),
(15, 1, 1, '2018-08-02', '2018-08-02'),
(16, 1, 1, '2018-08-02', '2018-08-02'),
(17, 1, 1, '2018-08-02', '2018-08-02'),
(18, 1, 1, '2018-08-02', '2018-08-02'),
(19, 1, 1, '2018-08-02', '2018-08-02'),
(20, 1, 1, '2018-08-02', '2018-08-02'),
(21, 1, 1, '2018-08-03', '2018-08-03'),
(22, 1, 1, '2018-08-03', '2018-08-03'),
(23, 1, 1, '2018-08-03', '2018-08-03'),
(24, 1, 1, '2018-08-03', '2018-08-03'),
(25, 1, 1, '2018-08-04', '2018-08-04'),
(26, 1, 1, '2018-08-05', '2018-08-05'),
(27, 1, 5, '2018-08-06', '2018-08-06'),
(28, 1, 1, '2018-08-07', '2018-08-07'),
(29, 1, 1, '2018-08-07', '2018-08-07'),
(30, 1, 1, '2018-08-07', '2018-08-07'),
(31, 1, 1, '2018-08-07', '2018-08-07'),
(32, 1, 1, '2018-08-07', '2018-08-07'),
(33, 1, 1, '2018-08-08', '2018-08-08'),
(34, 1, 1, '2018-08-08', '2018-08-08'),
(35, 1, 1, '2018-08-08', '2018-08-08'),
(36, 1, 1, '2018-08-08', '2018-08-08'),
(37, 1, 1, '2018-08-08', '2018-08-08'),
(38, 1, 5, '2018-08-08', '2018-08-08'),
(39, 1, 5, '2018-08-08', '2018-08-08'),
(40, 1, 5, '2018-08-08', '2018-08-08'),
(41, 1, 1, '2018-08-08', '2018-08-08'),
(42, 1, 1, '2018-08-10', '2018-08-10'),
(43, 1, 1, '2018-08-13', '2018-08-13'),
(44, 1, 1, '2018-08-13', '2018-08-13'),
(45, 1, 1, '2018-08-14', '2018-08-14'),
(46, 1, 1, '2018-08-14', '2018-08-14'),
(47, 1, 1, '2018-08-14', '2018-08-14'),
(48, 1, 5, '2018-08-14', '2018-08-14'),
(49, 1, 5, '2018-08-14', '2018-08-14'),
(50, 1, 1, '2018-08-14', '2018-08-14'),
(51, 1, 5, '2018-08-15', '2018-08-15'),
(52, 1, 5, '2018-08-15', '2018-08-15'),
(53, 1, 5, '2018-08-15', '2018-08-15'),
(54, 1, 5, '2018-08-15', '2018-08-15'),
(55, 1, 5, '2018-08-15', '2018-08-15'),
(56, 1, 5, '2018-08-15', '2018-08-15'),
(57, 1, 5, '2018-08-15', '2018-08-15'),
(58, 1, 5, '2018-08-15', '2018-08-15'),
(59, 1, 1, '2018-08-15', '2018-08-15'),
(60, 1, 5, '2018-08-15', '2018-08-15'),
(61, 1, 1, '2018-08-16', '2018-08-16'),
(62, 1, 1, '2018-08-17', '2018-08-17'),
(63, 1, 1, '2018-08-17', '2018-08-17'),
(64, 1, 1, '2018-08-17', '2018-08-17'),
(65, 1, 1, '2018-08-17', '2018-08-17'),
(66, 1, 1, '2018-08-17', '2018-08-17'),
(67, 1, 1, '2018-08-17', '2018-08-17'),
(68, 1, 1, '2018-08-17', '2018-08-17'),
(69, 1, 1, '2018-08-17', '2018-08-17'),
(70, 1, 1, '2018-08-17', '2018-08-17'),
(71, 1, 1, '2018-08-17', '2018-08-17'),
(72, 1, 1, '2018-08-17', '2018-08-17'),
(73, 1, 1, '2018-08-17', '2018-08-17'),
(74, 1, 1, '2018-08-17', '2018-08-17'),
(75, 1, 5, '2018-08-17', '2018-08-17'),
(76, 1, 1, '2018-08-18', '2018-08-18'),
(77, 1, 1, '2018-08-18', '2018-08-18'),
(78, 1, 1, '2018-08-18', '2018-08-18'),
(79, 1, 1, '2018-08-18', '2018-08-18'),
(80, 1, 1, '2018-08-18', '2018-08-18'),
(81, 1, 1, '2018-08-18', '2018-08-18'),
(82, 1, 6, '2018-08-18', '2018-08-18'),
(83, 1, 6, '2018-08-18', '2018-08-18'),
(84, 1, 5, '2018-08-18', '2018-08-18'),
(85, 1, 6, '2018-08-18', '2018-08-18'),
(86, 1, 5, '2018-08-18', '2018-08-18'),
(87, 1, 1, '2018-08-18', '2018-08-18'),
(88, 1, 1, '2018-08-18', '2018-08-18'),
(89, 1, 1, '2018-08-18', '2018-08-18'),
(90, 1, 1, '2018-08-18', '2018-08-18'),
(91, 1, 1, '2018-08-18', '2018-08-18'),
(92, 1, 1, '2018-08-18', '2018-08-18'),
(93, 1, 6, '2018-08-18', '2018-08-18'),
(94, 1, 6, '2018-08-18', '2018-08-18'),
(95, 1, 5, '2018-08-18', '2018-08-18'),
(96, 1, 5, '2018-08-18', '2018-08-18'),
(97, 1, 6, '2018-08-18', '2018-08-18'),
(98, 1, 5, '2018-08-18', '2018-08-18'),
(99, 1, 5, '2018-08-18', '2018-08-18'),
(100, 1, 6, '2018-08-18', '2018-08-18'),
(101, 1, 6, '2018-08-18', '2018-08-18'),
(102, 1, 5, '2018-08-18', '2018-08-18'),
(103, 1, 5, '2018-08-18', '2018-08-18'),
(104, 1, 6, '2018-08-18', '2018-08-18'),
(105, 1, 5, '2018-08-18', '2018-08-18'),
(106, 1, 6, '2018-08-18', '2018-08-18'),
(107, 1, 6, '2018-08-18', '2018-08-18'),
(108, 1, 6, '2018-08-18', '2018-08-18'),
(109, 1, 6, '2018-08-18', '2018-08-18'),
(110, 1, 6, '2018-08-18', '2018-08-18'),
(111, 1, 5, '2018-08-18', '2018-08-18'),
(112, 1, 6, '2018-08-18', '2018-08-18'),
(113, 1, 5, '2018-08-18', '2018-08-18'),
(114, 1, 5, '2018-08-18', '2018-08-18'),
(115, 1, 5, '2018-08-18', '2018-08-18'),
(116, 1, 5, '2018-08-19', '2018-08-19'),
(117, 1, 1, '2018-08-19', '2018-08-19'),
(118, 1, 1, '2018-08-20', '2018-08-20'),
(119, 1, 1, '2018-08-20', '2018-08-20'),
(120, 1, 5, '2018-08-20', '2018-08-20'),
(121, 1, 5, '2018-08-20', '2018-08-20'),
(122, 1, 6, '2018-08-20', '2018-08-20'),
(123, 1, 5, '2018-08-20', '2018-08-20'),
(124, 1, 6, '2018-08-20', '2018-08-20'),
(125, 1, 5, '2018-08-20', '2018-08-20'),
(126, 1, 6, '2018-08-20', '2018-08-20'),
(127, 1, 5, '2018-08-20', '2018-08-20'),
(128, 1, 5, '2018-08-20', '2018-08-20'),
(129, 1, 5, '2018-08-20', '2018-08-20'),
(130, 1, 5, '2018-08-20', '2018-08-20'),
(131, 1, 5, '2018-08-20', '2018-08-20'),
(132, 1, 6, '2018-08-20', '2018-08-20'),
(133, 1, 6, '2018-08-20', '2018-08-20'),
(134, 1, 6, '2018-08-20', '2018-08-20'),
(135, 1, 5, '2018-08-20', '2018-08-20'),
(136, 1, 6, '2018-08-20', '2018-08-20'),
(137, 1, 1, '2018-08-20', '2018-08-20'),
(138, 1, 6, '2018-08-20', '2018-08-20'),
(139, 1, 5, '2018-08-20', '2018-08-20'),
(140, 1, 5, '2018-08-20', '2018-08-20'),
(141, 1, 5, '2018-08-20', '2018-08-20'),
(142, 1, 6, '2018-08-20', '2018-08-20'),
(143, 1, 6, '2018-08-20', '2018-08-20'),
(144, 1, 5, '2018-08-20', '2018-08-20'),
(145, 1, 6, '2018-08-20', '2018-08-20'),
(146, 1, 5, '2018-08-20', '2018-08-20'),
(147, 1, 5, '2018-08-20', '2018-08-20'),
(148, 1, 5, '2018-08-20', '2018-08-20'),
(149, 1, 5, '2018-08-20', '2018-08-20'),
(150, 1, 6, '2018-08-20', '2018-08-20'),
(151, 1, 6, '2018-08-20', '2018-08-20'),
(152, 1, 6, '2018-08-20', '2018-08-20'),
(153, 1, 6, '2018-08-20', '2018-08-20'),
(154, 1, 6, '2018-08-20', '2018-08-20'),
(155, 1, 6, '2018-08-20', '2018-08-20'),
(156, 1, 5, '2018-08-20', '2018-08-20'),
(157, 1, 5, '2018-08-20', '2018-08-20'),
(158, 1, 5, '2018-08-21', '2018-08-21'),
(159, 1, 5, '2018-08-21', '2018-08-21'),
(160, 1, 5, '2018-08-21', '2018-08-21'),
(161, 1, 6, '2018-08-21', '2018-08-21'),
(162, 1, 5, '2018-08-21', '2018-08-21'),
(163, 1, 1, '2018-08-21', '2018-08-21'),
(164, 1, 1, '2018-08-22', '2018-08-22'),
(165, 1, 5, '2018-08-22', '2018-08-22'),
(166, 1, 5, '2018-08-22', '2018-08-22'),
(167, 1, 5, '2018-08-22', '2018-08-22'),
(168, 1, 5, '2018-08-22', '2018-08-22'),
(169, 1, 5, '2018-08-22', '2018-08-22'),
(170, 1, 5, '2018-08-22', '2018-08-22'),
(171, 1, 5, '2018-08-22', '2018-08-22'),
(172, 1, 5, '2018-08-22', '2018-08-22'),
(173, 1, 1, '2018-08-22', '2018-08-22'),
(174, 1, 5, '2018-08-22', '2018-08-22'),
(175, 1, 5, '2018-08-22', '2018-08-22'),
(176, 1, 5, '2018-08-22', '2018-08-22'),
(177, 4, 8, '2018-08-22', '2018-08-22'),
(178, 4, 8, '2018-08-22', '2018-08-22'),
(179, 1, 1, '2018-08-22', '2018-08-22'),
(180, 4, 8, '2018-08-22', '2018-08-22'),
(181, 4, 8, '2018-08-22', '2018-08-22'),
(182, 4, 8, '2018-08-22', '2018-08-22'),
(183, 4, 8, '2018-08-22', '2018-08-22'),
(184, 4, 8, '2018-08-23', '2018-08-23'),
(185, 4, 8, '2018-08-23', '2018-08-23'),
(186, 4, 8, '2018-08-23', '2018-08-23'),
(187, 4, 8, '2018-08-23', '2018-08-23'),
(188, 1, 1, '2018-08-23', '2018-08-23'),
(189, 1, 1, '2018-08-23', '2018-08-23'),
(190, 1, 1, '2018-08-23', '2018-08-23'),
(191, 1, 1, '2018-08-23', '2018-08-23'),
(192, 1, 1, '2018-08-23', '2018-08-23'),
(193, 1, 1, '2018-08-23', '2018-08-23'),
(194, 4, 8, '2018-08-23', '2018-08-23'),
(195, 1, 1, '2018-08-23', '2018-08-23'),
(196, 1, 5, '2018-08-23', '2018-08-23'),
(200, 1, 6, '2018-08-23', '2018-08-23'),
(201, 1, 6, '2018-08-23', '2018-08-23'),
(203, 1, 5, '2018-08-23', '2018-08-23'),
(204, 1, 5, '2018-08-23', '2018-08-23'),
(205, 1, 5, '2018-08-23', '2018-08-23'),
(206, 1, 5, '2018-08-23', '2018-08-23'),
(207, 1, 5, '2018-08-23', '2018-08-23'),
(208, 1, 5, '2018-08-23', '2018-08-23'),
(209, 1, 6, '2018-08-23', '2018-08-23'),
(210, 1, 6, '2018-08-23', '2018-08-23'),
(211, 1, 6, '2018-08-23', '2018-08-23'),
(212, 1, 1, '2018-08-23', '2018-08-23'),
(214, 1, 6, '2018-08-23', '2018-08-23'),
(216, 1, 1, '2018-08-23', '2018-08-23'),
(217, 1, 1, '2018-08-23', '2018-08-23'),
(218, 1, 1, '2018-08-23', '2018-08-23'),
(219, 1, 6, '2018-08-24', '2018-08-24'),
(220, 1, 6, '2018-08-24', '2018-08-24'),
(222, 1, 6, '2018-08-24', '2018-08-24'),
(223, 1, 5, '2018-08-24', '2018-08-24'),
(224, 1, 6, '2018-08-24', '2018-08-24'),
(225, 1, 6, '2018-08-24', '2018-08-24'),
(226, 1, 5, '2018-08-24', '2018-08-24'),
(227, 1, 5, '2018-08-24', '2018-08-24'),
(228, 1, 5, '2018-08-24', '2018-08-24'),
(229, 1, 5, '2018-08-24', '2018-08-24'),
(230, 1, 5, '2018-08-24', '2018-08-24'),
(231, 1, 1, '2018-08-24', '2018-08-24'),
(232, 1, 6, '2018-08-24', '2018-08-24'),
(233, 1, 6, '2018-08-24', '2018-08-24'),
(234, 1, 6, '2018-08-24', '2018-08-24'),
(235, 1, 6, '2018-08-24', '2018-08-24'),
(236, 1, 5, '2018-08-24', '2018-08-24'),
(237, 1, 5, '2018-08-24', '2018-08-24'),
(238, 1, 5, '2018-08-24', '2018-08-24'),
(239, 1, 5, '2018-08-24', '2018-08-24'),
(240, 1, 5, '2018-08-24', '2018-08-24'),
(241, 1, 6, '2018-08-24', '2018-08-24'),
(243, 1, 6, '2018-08-24', '2018-08-24'),
(244, 1, 6, '2018-08-24', '2018-08-24'),
(245, 1, 1, '2018-08-24', '2018-08-24'),
(246, 1, 5, '2018-08-25', '2018-08-25'),
(247, 1, 5, '2018-08-25', '2018-08-25'),
(248, 1, 5, '2018-08-25', '2018-08-25'),
(249, 1, 5, '2018-08-25', '2018-08-25'),
(250, 1, 6, '2018-08-25', '2018-08-25'),
(251, 1, 6, '2018-08-25', '2018-08-25'),
(252, 1, 6, '2018-08-25', '2018-08-25'),
(253, 4, 8, '2018-08-25', '2018-08-25'),
(254, 1, 5, '2018-08-25', '2018-08-25'),
(255, 4, 8, '2018-08-25', '2018-08-25'),
(256, 1, 5, '2018-08-25', '2018-08-25'),
(257, 1, 5, '2018-08-25', '2018-08-25'),
(258, 4, 8, '2018-08-25', '2018-08-25'),
(259, 1, 5, '2018-08-25', '2018-08-25'),
(260, 1, 6, '2018-08-25', '2018-08-25'),
(261, 4, 8, '2018-08-25', '2018-08-25'),
(262, 1, 6, '2018-08-25', '2018-08-25'),
(263, 4, 8, '2018-08-25', '2018-08-25'),
(264, 1, 5, '2018-08-25', '2018-08-25'),
(265, 1, 5, '2018-08-25', '2018-08-25'),
(266, 1, 5, '2018-08-25', '2018-08-25'),
(267, 1, 1, '2018-08-25', '2018-08-25'),
(268, 4, 8, '2018-08-25', '2018-08-25'),
(269, 1, 5, '2018-08-25', '2018-08-25'),
(270, 1, 5, '2018-08-25', '2018-08-25'),
(271, 4, 8, '2018-08-25', '2018-08-25'),
(272, 4, 8, '2018-08-25', '2018-08-25'),
(273, 1, 6, '2018-08-25', '2018-08-25'),
(274, 1, 5, '2018-08-25', '2018-08-25'),
(275, 1, 1, '2018-08-25', '2018-08-25'),
(276, 1, 5, '2018-08-25', '2018-08-25'),
(277, 1, 5, '2018-08-25', '2018-08-25'),
(278, 1, 6, '2018-08-25', '2018-08-25'),
(279, 4, 8, '2018-08-25', '2018-08-25'),
(280, 1, 5, '2018-08-25', '2018-08-25'),
(281, 1, 6, '2018-08-25', '2018-08-25'),
(282, 1, 5, '2018-08-25', '2018-08-25'),
(283, 1, 6, '2018-08-25', '2018-08-25'),
(284, 1, 5, '2018-08-25', '2018-08-25'),
(285, 1, 6, '2018-08-25', '2018-08-25'),
(286, 4, 8, '2018-08-25', '2018-08-25'),
(287, 1, 5, '2018-08-25', '2018-08-25'),
(288, 4, 8, '2018-08-25', '2018-08-25'),
(289, 4, 8, '2018-08-25', '2018-08-25'),
(290, 4, 8, '2018-08-25', '2018-08-25'),
(291, 1, 5, '2018-08-25', '2018-08-25'),
(292, 1, 6, '2018-08-25', '2018-08-25'),
(293, 1, 5, '2018-08-25', '2018-08-25'),
(294, 1, 5, '2018-08-25', '2018-08-25'),
(295, 4, 8, '2018-08-25', '2018-08-25'),
(296, 4, 8, '2018-08-25', '2018-08-25'),
(297, 4, 8, '2018-08-25', '2018-08-25'),
(298, 1, 5, '2018-08-25', '2018-08-25'),
(299, 4, 8, '2018-08-25', '2018-08-25'),
(300, 1, 6, '2018-08-25', '2018-08-25'),
(303, 1, 1, '2018-08-26', '2018-08-26'),
(305, 1, 1, '2018-08-26', '2018-08-26'),
(307, 1, 1, '2018-08-26', '2018-08-26'),
(308, 1, 1, '2018-08-26', '2018-08-26'),
(309, 1, 1, '2018-08-26', '2018-08-26'),
(310, 1, 1, '2018-08-26', '2018-08-26'),
(311, 1, 1, '2018-08-26', '2018-08-26'),
(312, 1, 1, '2018-08-26', '2018-08-26'),
(313, 1, 5, '2018-08-27', '2018-08-27'),
(314, 1, 5, '2018-08-27', '2018-08-27'),
(315, 4, 8, '2018-08-27', '2018-08-27'),
(316, 1, 5, '2018-08-27', '2018-08-27'),
(317, 4, 8, '2018-08-27', '2018-08-27'),
(318, 4, 8, '2018-08-27', '2018-08-27'),
(319, 1, 5, '2018-08-27', '2018-08-27'),
(320, 1, 5, '2018-08-27', '2018-08-27'),
(321, 1, 5, '2018-08-27', '2018-08-27'),
(322, 1, 5, '2018-08-27', '2018-08-27'),
(323, 1, 5, '2018-08-27', '2018-08-27'),
(324, 4, 8, '2018-08-27', '2018-08-27'),
(325, 1, 5, '2018-08-27', '2018-08-27'),
(326, 4, 8, '2018-08-27', '2018-08-27'),
(327, 1, 5, '2018-08-27', '2018-08-27'),
(328, 4, 8, '2018-08-27', '2018-08-27'),
(329, 1, 5, '2018-08-27', '2018-08-27'),
(330, 1, 5, '2018-08-27', '2018-08-27'),
(331, 1, 5, '2018-08-27', '2018-08-27'),
(332, 1, 6, '2018-08-27', '2018-08-27'),
(333, 1, 6, '2018-08-27', '2018-08-27'),
(334, 1, 1, '2018-08-27', '2018-08-27'),
(335, 1, 6, '2018-08-27', '2018-08-27'),
(336, 1, 5, '2018-08-27', '2018-08-27'),
(338, 1, 6, '2018-08-27', '2018-08-27'),
(339, 4, 8, '2018-08-27', '2018-08-27'),
(340, 1, 5, '2018-08-27', '2018-08-27'),
(341, 1, 5, '2018-08-27', '2018-08-27'),
(342, 1, 6, '2018-08-27', '2018-08-27'),
(343, 4, 8, '2018-08-27', '2018-08-27'),
(344, 1, 5, '2018-08-27', '2018-08-27'),
(345, 4, 8, '2018-08-27', '2018-08-27'),
(346, 1, 6, '2018-08-27', '2018-08-27'),
(347, 1, 6, '2018-08-27', '2018-08-27'),
(348, 1, 6, '2018-08-27', '2018-08-27'),
(349, 1, 5, '2018-08-27', '2018-08-27'),
(350, 1, 5, '2018-08-27', '2018-08-27'),
(351, 1, 5, '2018-08-27', '2018-08-27'),
(352, 1, 5, '2018-08-27', '2018-08-27'),
(353, 1, 5, '2018-08-27', '2018-08-27'),
(354, 4, 8, '2018-08-27', '2018-08-27'),
(355, 1, 5, '2018-08-27', '2018-08-27'),
(356, 1, 5, '2018-08-27', '2018-08-27'),
(357, 1, 5, '2018-08-27', '2018-08-27'),
(358, 4, 8, '2018-08-27', '2018-08-27'),
(359, 1, 5, '2018-08-27', '2018-08-27'),
(360, 1, 6, '2018-08-27', '2018-08-27'),
(361, 1, 5, '2018-08-27', '2018-08-27'),
(362, 1, 5, '2018-08-27', '2018-08-27'),
(363, 1, 6, '2018-08-27', '2018-08-27'),
(364, 4, 8, '2018-08-27', '2018-08-27'),
(365, 4, 8, '2018-08-27', '2018-08-27'),
(366, 1, 5, '2018-08-27', '2018-08-27'),
(367, 4, 8, '2018-08-27', '2018-08-27'),
(368, 1, 1, '2018-08-27', '2018-08-27'),
(369, 4, 8, '2018-08-27', '2018-08-27'),
(373, 5, 10, '2018-08-27', '2018-08-27'),
(374, 1, 5, '2018-08-28', '2018-08-28'),
(375, 1, 5, '2018-08-28', '2018-08-28'),
(376, 1, 6, '2018-08-28', '2018-08-28');

-- --------------------------------------------------------

--
-- Estructura de tabla para la tabla `atencion_detalles`
--

CREATE TABLE `atencion_detalles` (
  `id` int(11) NOT NULL,
  `id_atencion` int(11) NOT NULL,
  `id_paciente` int(11) NOT NULL,
  `id_servicio` int(11) DEFAULT '1',
  `costo` text,
  `porcentaje` text,
  `acuenta` text,
  `costoa` text,
  `pendiente` int(11) NOT NULL,
  `pagado` tinyint(1) NOT NULL DEFAULT '0',
  `tarjeta` varchar(200) DEFAULT NULL,
  `observaciones` varchar(200) DEFAULT NULL,
  `created_at` date NOT NULL,
  `updated_at` date NOT NULL,
  `origen` varchar(200) DEFAULT 'Otro'
) ENGINE=InnoDB DEFAULT CHARSET=latin1;

--
-- Volcado de datos para la tabla `atencion_detalles`
--

INSERT INTO `atencion_detalles` (`id`, `id_atencion`, `id_paciente`, `id_servicio`, `costo`, `porcentaje`, `acuenta`, `costoa`, `pendiente`, `pagado`, `tarjeta`, `observaciones`, `created_at`, `updated_at`, `origen`) VALUES
(6, 1, 9, NULL, '200,00', '110,00', 'PA', '10', 0, 0, 'prueba', 'tester', '2018-07-27', '2018-07-27', 'Otro'),
(7, 2, 14, NULL, '60,00', '45,80', 'PA', '60,00', 0, 0, '4', '4', '2018-07-27', '2018-07-27', 'Otro'),
(8, 3, 8, 7, '60,00', '45,80', 'PA', '60,00', 0, 0, 'x', 's', '2018-07-30', '2018-07-30', 'Otro'),
(9, 4, 8, NULL, '30.00', '0.52', 'EF', '30', 0, 0, 'giygui', 'jhjk', '2018-07-30', '2018-07-30', 'Otro'),
(10, 5, 8, 7, '30.00', '0.52', 'EF', '30', 0, 0, 'giygui', 'jhjk', '2018-07-30', '2018-07-30', 'Otro'),
(11, 6, 14, NULL, '1.250,90', '45.80', 'EF', '1250,90', 0, 0, '4', 's', '2018-08-01', '2018-08-01', 'Otro'),
(12, 7, 14, 7, '60', '50', 'EF', '60,00', 0, 0, '4', '4', '2018-08-02', '2018-08-02', 'Otro'),
(13, 8, 8, 6, '120.00', '50.00', 'EF', '20', 0, 0, 'ddd', 'ddddd', '2018-08-02', '2018-08-02', 'Otro'),
(14, 9, 8, 6, '250.00', '250.00', 'EF', '55', 0, 0, 'dfdfd', 'fdfdfd', '2018-08-02', '2018-08-02', 'Otro'),
(15, 10, 14, NULL, '234,50', '0.10', 'EF', '234,50', 0, 0, '4', 'jhjk', '2018-08-02', '2018-08-02', 'Otro'),
(16, 11, 14, NULL, '234,50', '0.52', '0', '234,50', 0, 0, 'x', '4', '2018-08-02', '2018-08-02', 'Otro'),
(17, 12, 15, 7, '60', '50', 'EF', '30', 0, 0, 'ghghgh', 'ghghghgh', '2018-08-02', '2018-08-02', 'Otro'),
(18, 13, 14, 7, '60', '50', 'EF', '60,00', 0, 0, 'x', '4', '2018-08-02', '2018-08-02', 'Otro'),
(19, 14, 15, NULL, '234.50', '0.52', 'EF', '234,50d', 0, 0, '4d', 'jhjk', '2018-08-02', '2018-08-02', 'Otro'),
(20, 15, 15, NULL, '234.50', '0.52', 'EF', '234,50', 0, 0, '4d', 'jhjk', '2018-08-02', '2018-08-02', 'Otro'),
(21, 16, 15, NULL, '234.50', '0.52', 'EF', '234,50', 0, 0, '4d', 'jhjk', '2018-08-02', '2018-08-02', 'Otro'),
(22, 17, 14, 8, '120.00', '50.00', 'EF', '12.50', 0, 0, 'NO DEBE SER OBLIG', 'NO DEBE SER OBLIGATORIO', '2018-08-02', '2018-08-02', 'Otro'),
(23, 18, 12, 5, '2121', '121', '0', '2121', 0, 0, 'giygui', 'jhjk', '2018-08-02', '2018-08-02', 'Otro'),
(24, 19, 14, NULL, '120.00', '50.00', 'EF', '120', 0, 0, 'giygui', 'jhjk', '2018-08-02', '2018-08-02', 'Otro'),
(25, 20, 12, NULL, '120.00', '0.52', 'EF', '120', 0, 0, 'x', 'jhjk', '2018-08-02', '2018-08-02', 'Otro'),
(26, 21, 16, 1, '60', '50', '0', '60,00', 0, 0, NULL, NULL, '2018-08-03', '2018-08-03', 'Otro'),
(27, 22, 14, 1, '60', '50', '0', '60,00', 0, 0, NULL, NULL, '2018-08-03', '2018-08-03', 'Otro'),
(28, 23, 9, 1, '50.00', '50', 'EF', '50,00', 0, 0, NULL, NULL, '2018-08-03', '2018-08-03', 'Otro'),
(29, 24, 13, 1, '60,00', '45,80', 'TJ', '60,00', 0, 0, '45557', NULL, '2018-08-03', '2018-08-03', 'Otro'),
(30, 25, 15, 1, '234,50', '0.10', '0', '234,50', 0, 0, NULL, NULL, '2018-08-04', '2018-08-04', 'Otro'),
(31, 26, 14, 1, '1.250,00', '1.250,00', 'EF', '1250,90', 0, 0, '4', 'jhjk', '2018-08-05', '2018-08-05', 'Otro'),
(32, 27, 17, 1, '25', '0', 'EF', '25', 0, 0, 'X', 'NINGUNA', '2018-08-06', '2018-08-06', 'Otro'),
(33, 28, 20, 1, '320', '0.10', 'EF', '200', 0, 0, NULL, NULL, '2018-08-07', '2018-08-07', 'Otro'),
(34, 29, 14, 1, '798', '0.10', 'EF', '798', 0, 0, NULL, NULL, '2018-08-07', '2018-08-07', 'Otro'),
(35, 30, 14, 1, '7.98', '0.10', 'EF', '798', 0, 0, 'x', '4', '2018-08-07', '2018-08-07', 'Otro'),
(36, 31, 14, 1, '798.00', '0.10', 'EF', '798', 0, 0, 'x', '4', '2018-08-07', '2018-08-07', 'Otro'),
(37, 32, 14, 1, '798.00', '0.10', 'EF', '798', 0, 0, 'x', '4', '2018-08-07', '2018-08-07', 'Otro'),
(38, 33, 21, 1, '60', '0', 'EF', '60,00', 0, 0, NULL, NULL, '2018-08-08', '2018-08-08', 'Otro'),
(39, 34, 16, 1, '530', '0', 'EF', '120', 0, 0, 'f', 'f', '2018-08-08', '2018-08-08', 'Otro'),
(40, 35, 15, 1, '460', '0', 'EF', '460.00', 0, 0, NULL, NULL, '2018-08-08', '2018-08-08', 'Otro'),
(41, 36, 14, 1, '180.00', '0', 'EF', '180', 0, 0, NULL, NULL, '2018-08-08', '2018-08-08', 'Otro'),
(42, 37, 20, 1, '120', '0', 'EF', '120', 0, 0, NULL, NULL, '2018-08-08', '2018-08-08', 'Otro'),
(43, 38, 17, 1, '60', '0', '0', '45', 0, 0, NULL, NULL, '2018-08-08', '2018-08-08', 'Otro'),
(44, 39, 17, 1, '60', '0', '0', '45', 0, 0, NULL, NULL, '2018-08-08', '2018-08-08', 'Otro'),
(45, 40, 23, 1, '45.00', '0', '0', '45', 0, 0, NULL, NULL, '2018-08-08', '2018-08-08', 'Otro'),
(46, 41, 14, 1, '70', '0', 'EF', '70.00', 0, 0, NULL, NULL, '2018-08-08', '2018-08-08', 'Otro'),
(47, 42, 14, 1, '45.00', '0', 'EF', '45.00', 0, 0, NULL, NULL, '2018-08-10', '2018-08-10', 'Otro'),
(48, 43, 15, 1, '250', '2.00', 'EF', '100.00', 0, 0, 'sdsd', 'sds', '2018-08-13', '2018-08-13', 'Otro'),
(49, 44, 24, 1, '120.00', '0.01', 'EF', '120.00', 0, 0, NULL, NULL, '2018-08-13', '2018-08-13', 'Otro'),
(50, 45, 14, 1, '60', '0', 'EF', '60.00', 0, 1, NULL, NULL, '2018-08-14', '2018-08-14', 'Otro'),
(51, 46, 24, 1, '50.00', '10.00', 'EF', '25.00', 25, 1, NULL, NULL, '2018-08-14', '2018-08-14', 'Otro'),
(52, 47, 24, 1, '60', '0', 'EF', '30.00', 30, 1, NULL, NULL, '2018-08-14', '2018-08-14', 'Otro'),
(53, 48, 35, 1, '60', '25.00', 'EF', '60.00', 0, 1, NULL, NULL, '2018-08-14', '2018-08-14', 'Otro'),
(54, 49, 23, 1, '25.00', '0.01', 'EF', '25.00', 0, 0, NULL, NULL, '2018-08-14', '2018-08-14', 'Otro'),
(55, 50, 14, 1, '120.00', '0.01', 'EF', '120.00', 0, 0, NULL, NULL, '2018-08-14', '2018-08-14', 'Otro'),
(56, 51, 39, 1, '60.00', '0.00', 'EF', '60.00', 0, 0, NULL, NULL, '2018-08-15', '2018-08-15', 'Otro'),
(57, 52, 40, 1, '60', '0.25', '0', '0.60', 59, 0, NULL, NULL, '2018-08-15', '2018-08-15', 'Otro'),
(58, 53, 41, 1, '25.00', '0.01', 'EF', '25.00', 0, 0, NULL, NULL, '2018-08-15', '2018-08-15', 'Otro'),
(59, 54, 17, 1, '35.00', '0.01', 'EF', '35.00', 0, 0, NULL, NULL, '2018-08-15', '2018-08-15', 'Otro'),
(60, 55, 43, 1, '130.00', '0.01', 'EF', '130.00', 0, 0, NULL, NULL, '2018-08-15', '2018-08-15', 'Otro'),
(61, 56, 44, 1, '75.00', '0.01', 'EF', '75.00', 0, 0, NULL, NULL, '2018-08-15', '2018-08-15', 'Otro'),
(62, 57, 47, 1, '60.00', '25.00', 'EF', '60.00', 0, 0, NULL, NULL, '2018-08-15', '2018-08-15', 'Otro'),
(63, 58, 48, 1, '50.00', '0', 'EF', '50.00', 0, 0, NULL, NULL, '2018-08-15', '2018-08-15', 'Otro'),
(64, 59, 15, 1, '1200.00', '0.00', 'EF', '22.22', 1178, 0, NULL, NULL, '2018-08-15', '2018-08-15', 'Otro'),
(65, 60, 17, 1, '45.00', '0', '0', '0.45', 45, 0, NULL, NULL, '2018-08-15', '2018-08-15', 'Otro'),
(66, 61, 16, 1, '120.00', '0.10', 'EF', '120.00', 0, 0, NULL, NULL, '2018-08-16', '2018-08-16', 'Otro'),
(67, 62, 15, 1, NULL, NULL, 'EF', '500.00', -500, 0, 'est', 'test', '2018-08-17', '2018-08-17', 'Otro'),
(68, 63, 24, 1, NULL, NULL, 'EF', '200.00', -200, 0, NULL, NULL, '2018-08-17', '2018-08-17', 'Otro'),
(69, 64, 14, 1, '180', NULL, '0', '100.00', -100, 0, NULL, NULL, '2018-08-17', '2018-08-17', 'Otro'),
(70, 65, 16, 1, '530', NULL, 'EF', '400.00', -400, 0, 'fddfd', 'dfdf', '2018-08-17', '2018-08-17', 'Otro'),
(71, 66, 21, 1, '180', NULL, 'EF', '180.00', -180, 0, NULL, NULL, '2018-08-17', '2018-08-17', 'Otro'),
(72, 67, 21, 1, '615.6', NULL, 'EF', '34.44', -34, 0, '433', '3443', '2018-08-17', '2018-08-17', 'Otro'),
(73, 68, 24, 1, NULL, NULL, 'EF', '99.99', -100, 0, NULL, NULL, '2018-08-17', '2018-08-17', 'Otro'),
(74, 69, 14, 1, NULL, NULL, 'EF', '2.00', -2, 0, 'sds', 'sddsa', '2018-08-17', '2018-08-17', 'Otro'),
(75, 70, 15, 1, NULL, NULL, 'TJ', '111.11', -111, 0, 's', 'sffd', '2018-08-17', '2018-08-17', 'Otro'),
(76, 71, 16, 1, NULL, NULL, 'TJ', '888.88', -889, 0, 'fddfff', 'dfddf', '2018-08-17', '2018-08-17', 'Otro'),
(77, 72, 53, 1, NULL, NULL, 'EF', '200.00', -200, 0, NULL, NULL, '2018-08-17', '2018-08-17', 'Otro'),
(78, 73, 15, 1, NULL, NULL, '0', '60.00', -60, 0, NULL, NULL, '2018-08-17', '2018-08-17', 'Otro'),
(79, 74, 24, 1, NULL, NULL, 'EF', '25.60', -26, 0, NULL, NULL, '2018-08-17', '2018-08-17', 'Otro'),
(80, 75, 23, 1, NULL, NULL, 'EF', '30.00', -30, 0, NULL, NULL, '2018-08-17', '2018-08-17', 'Otro'),
(81, 76, 15, 1, '360', NULL, 'EF', '180.00', 180, 0, NULL, NULL, '2018-08-18', '2018-08-18', 'Otro'),
(82, 80, 21, 1, '205.6', NULL, 'EF', '66.66', 139, 0, 'hjhjhj', 'hjhjh', '2018-08-18', '2018-08-18', 'Otro'),
(83, 81, 24, 1, '100', NULL, 'EF', '100.00', 0, 0, NULL, NULL, '2018-08-18', '2018-08-18', 'Otro'),
(84, 82, 19, 1, '45', NULL, '0', '0.45', 45, 0, NULL, NULL, '2018-08-18', '2018-08-18', 'Otro'),
(85, 83, 55, 1, '45', NULL, '0', '45.00', 0, 0, NULL, NULL, '2018-08-18', '2018-08-18', 'Otro'),
(86, 84, 43, 1, '35', NULL, 'EF', '30.00', 5, 0, NULL, NULL, '2018-08-18', '2018-08-18', 'Otro'),
(87, 85, 54, 1, '45', NULL, '0', '45.00', 0, 0, NULL, NULL, '2018-08-18', '2018-08-18', 'Otro'),
(88, 86, 56, 1, '25', NULL, 'EF', '25.00', 0, 0, NULL, NULL, '2018-08-18', '2018-08-18', 'Otro'),
(89, 87, 21, 1, '435.6', NULL, 'EF', '35.55', 400, 0, NULL, NULL, '2018-08-18', '2018-08-18', 'Otro'),
(90, 88, 21, 1, '43.56', NULL, 'EF', '35.55', 8, 0, NULL, NULL, '2018-08-18', '2018-08-18', 'Otro'),
(91, 89, 16, 1, '465.6', NULL, 'EF', '111.11', 354, 0, NULL, NULL, '2018-08-18', '2018-08-18', 'Otro'),
(92, 90, 16, 1, '180', NULL, 'EF', '180.00', 0, 0, NULL, NULL, '2018-08-18', '2018-08-18', 'Otro'),
(93, 91, 57, 1, '205.6', NULL, 'EF', '5.00', 201, 0, NULL, NULL, '2018-08-18', '2018-08-18', 'Otro'),
(94, 92, 16, 1, '360', NULL, 'EF', '200.00', 160, 0, NULL, NULL, '2018-08-18', '2018-08-18', 'Otro'),
(95, 93, 58, 1, '40', NULL, '0', '40.00', 0, 0, NULL, NULL, '2018-08-18', '2018-08-18', 'Otro'),
(96, 94, 19, 1, '50.00', NULL, '0', '50.00', 0, 0, NULL, NULL, '2018-08-18', '2018-08-18', 'Otro'),
(97, 95, 60, 1, '25', NULL, 'EF', '25.00', 0, 0, NULL, NULL, '2018-08-18', '2018-08-18', 'Otro'),
(98, 96, 61, 1, '40', NULL, 'EF', '40.00', 0, 0, NULL, NULL, '2018-08-18', '2018-08-18', 'Otro'),
(99, 97, 62, 1, '25.00', NULL, '0', '25.00', 0, 0, NULL, NULL, '2018-08-18', '2018-08-18', 'Otro'),
(100, 98, 63, 1, '60.00', NULL, 'EF', '60.00', 0, 0, NULL, NULL, '2018-08-18', '2018-08-18', 'Otro'),
(101, 99, 64, 1, '40', NULL, 'EF', '40.00', 0, 0, NULL, NULL, '2018-08-18', '2018-08-18', 'Otro'),
(102, 100, 65, 1, '45.00', NULL, '0', '45.00', 0, 0, NULL, NULL, '2018-08-18', '2018-08-18', 'Otro'),
(103, 101, 66, 1, '40', NULL, '0', '40.00', 0, 0, NULL, NULL, '2018-08-18', '2018-08-18', 'Otro'),
(104, 102, 67, 1, '40', NULL, 'EF', '40.00', 0, 0, NULL, NULL, '2018-08-18', '2018-08-18', 'Otro'),
(105, 103, 64, 1, '15', NULL, 'EF', '15.00', 0, 0, NULL, NULL, '2018-08-18', '2018-08-18', 'Otro'),
(106, 104, 68, 1, '25', NULL, '0', '25.00', 0, 0, NULL, NULL, '2018-08-18', '2018-08-18', 'Otro'),
(107, 105, 69, 1, '40', NULL, 'EF', '40.00', 0, 0, NULL, NULL, '2018-08-18', '2018-08-18', 'Otro'),
(108, 106, 70, 1, '60', NULL, '0', '60.00', 0, 0, NULL, NULL, '2018-08-18', '2018-08-18', 'Otro'),
(109, 107, 71, 1, '120', NULL, '0', '120.00', 0, 0, NULL, NULL, '2018-08-18', '2018-08-18', 'Otro'),
(110, 108, 72, 1, '40', NULL, '0', '40.00', 0, 0, NULL, NULL, '2018-08-18', '2018-08-18', 'Otro'),
(111, 109, 73, 1, '450', NULL, '0', '50.00', 400, 0, NULL, NULL, '2018-08-18', '2018-08-18', 'Otro'),
(112, 110, 74, 1, '25', NULL, '0', '25.00', 0, 0, NULL, NULL, '2018-08-18', '2018-08-18', 'Otro'),
(113, 111, 67, 1, '15', NULL, 'EF', '15.00', 0, 0, NULL, NULL, '2018-08-18', '2018-08-18', 'Otro'),
(114, 112, 75, 1, '25', NULL, '0', '25.00', 0, 0, NULL, NULL, '2018-08-18', '2018-08-18', 'Otro'),
(115, 113, 76, 1, '25', NULL, 'EF', '25.00', 0, 0, NULL, NULL, '2018-08-18', '2018-08-18', 'Otro'),
(116, 114, 77, 1, '25', NULL, 'EF', '25.00', 0, 0, NULL, NULL, '2018-08-18', '2018-08-18', 'Otro'),
(117, 115, 78, 1, '40', NULL, 'EF', '40.00', 0, 0, NULL, NULL, '2018-08-18', '2018-08-18', 'Otro'),
(118, 116, 48, 1, '180.00', NULL, 'EF', '180.00', 0, 0, NULL, NULL, '2018-08-19', '2018-08-19', 'Otro'),
(119, 117, 24, 1, '60', NULL, 'EF', '60.00', 0, 0, NULL, NULL, '2018-08-19', '2018-08-19', 'Otro'),
(120, 118, 14, 1, '440', NULL, 'EF', '2.00', 438, 0, NULL, NULL, '2018-08-20', '2018-08-20', 'Otro'),
(121, 119, 15, 1, '435.6', NULL, '0', '9.99', 426, 0, NULL, NULL, '2018-08-20', '2018-08-20', 'Otro'),
(122, 120, 79, 1, '40', NULL, 'EF', '40.00', 0, 0, NULL, NULL, '2018-08-20', '2018-08-20', 'Otro'),
(123, 121, 80, 1, '40', NULL, 'EF', '40.00', 0, 0, NULL, NULL, '2018-08-20', '2018-08-20', 'Otro'),
(124, 122, 19, 1, '40', NULL, '0', '40.00', 0, 0, NULL, NULL, '2018-08-20', '2018-08-20', 'Otro'),
(125, 123, 81, 1, '145', NULL, 'EF', '140.00', 5, 0, NULL, NULL, '2018-08-20', '2018-08-20', 'Otro'),
(126, 124, 84, 1, '40', NULL, '0', '40.00', 0, 0, NULL, NULL, '2018-08-20', '2018-08-20', 'Otro'),
(127, 125, 83, 1, '35', NULL, 'EF', '35.00', 0, 0, NULL, NULL, '2018-08-20', '2018-08-20', 'Otro'),
(128, 126, 85, 1, '100', NULL, '0', '100.00', 0, 0, NULL, NULL, '2018-08-20', '2018-08-20', 'Otro'),
(129, 127, 86, 1, '75', NULL, 'EF', '75.00', 0, 0, NULL, NULL, '2018-08-20', '2018-08-20', 'Otro'),
(130, 128, 87, 1, '20', NULL, 'EF', '20.00', 0, 0, NULL, NULL, '2018-08-20', '2018-08-20', 'Otro'),
(131, 129, 88, 1, '40', NULL, 'EF', '40.00', 0, 0, NULL, NULL, '2018-08-20', '2018-08-20', 'Otro'),
(132, 130, 89, 1, '40', NULL, 'EF', '40.00', 0, 0, NULL, NULL, '2018-08-20', '2018-08-20', 'Otro'),
(133, 131, 90, 1, '25', NULL, 'EF', '25.00', 0, 0, NULL, NULL, '2018-08-20', '2018-08-20', 'Otro'),
(134, 132, 19, 1, '40', NULL, '0', '40.00', 0, 0, NULL, NULL, '2018-08-20', '2018-08-20', 'Otro'),
(135, 133, 92, 1, '40', NULL, '0', '40.00', 0, 0, NULL, NULL, '2018-08-20', '2018-08-20', 'Otro'),
(136, 134, 93, 1, '40', NULL, '0', '40.00', 0, 0, NULL, NULL, '2018-08-20', '2018-08-20', 'Otro'),
(137, 135, 94, 1, '25', NULL, 'EF', '25.00', 0, 0, NULL, NULL, '2018-08-20', '2018-08-20', 'Otro'),
(138, 136, 95, 1, '50', NULL, '0', '50.00', 0, 0, NULL, NULL, '2018-08-20', '2018-08-20', 'Otro'),
(139, 137, 16, 1, '60', NULL, 'EF', '60.00', 0, 0, NULL, NULL, '2018-08-20', '2018-08-20', 'Otro'),
(140, 138, 96, 1, '25', NULL, '0', '25.00', 0, 0, NULL, NULL, '2018-08-20', '2018-08-20', 'Otro'),
(141, 139, 89, 1, '60', NULL, 'EF', '20.00', 40, 0, NULL, NULL, '2018-08-20', '2018-08-20', 'Otro'),
(142, 140, 97, 1, '0.20', NULL, 'EF', '20.00', -20, 0, NULL, NULL, '2018-08-20', '2018-08-20', 'Otro'),
(143, 141, 100, 1, '25', NULL, 'EF', '25.00', 0, 0, NULL, NULL, '2018-08-20', '2018-08-20', 'Otro'),
(144, 142, 99, 1, '60', NULL, '0', '60.00', 0, 0, NULL, NULL, '2018-08-20', '2018-08-20', 'Otro'),
(145, 143, 98, 1, '60', NULL, '0', '60.00', 0, 0, NULL, NULL, '2018-08-20', '2018-08-20', 'Otro'),
(146, 144, 101, 1, '25', NULL, 'EF', '25.00', 0, 0, NULL, NULL, '2018-08-20', '2018-08-20', 'Otro'),
(147, 145, 102, 1, '60', NULL, '0', '60.00', 0, 0, NULL, NULL, '2018-08-20', '2018-08-20', 'Otro'),
(148, 146, 103, 1, '60', NULL, 'EF', '60.00', 0, 0, NULL, NULL, '2018-08-20', '2018-08-20', 'Otro'),
(149, 147, 104, 1, '70.00', NULL, 'EF', '70.00', 0, 0, NULL, NULL, '2018-08-20', '2018-08-20', 'Otro'),
(150, 148, 105, 1, '115.00', NULL, 'EF', '115.00', 0, 0, NULL, NULL, '2018-08-20', '2018-08-20', 'Otro'),
(151, 149, 106, 1, '10.00', NULL, 'EF', '10.00', 0, 0, NULL, NULL, '2018-08-20', '2018-08-20', 'Otro'),
(152, 150, 107, 1, '40', NULL, '0', '40.00', 0, 0, NULL, NULL, '2018-08-20', '2018-08-20', 'Otro'),
(153, 151, 108, 1, '60', NULL, '0', '60.00', 0, 0, NULL, NULL, '2018-08-20', '2018-08-20', 'Otro'),
(154, 152, 109, 1, '60', NULL, '0', '60.00', 0, 0, NULL, NULL, '2018-08-20', '2018-08-20', 'Otro'),
(155, 153, 110, 1, '60', NULL, '0', '60.00', 0, 0, NULL, NULL, '2018-08-20', '2018-08-20', 'Otro'),
(156, 154, 111, 1, '40', NULL, '0', '40.00', 0, 0, NULL, NULL, '2018-08-20', '2018-08-20', 'Otro'),
(157, 155, 112, 1, '50', NULL, '0', '50.00', 0, 0, NULL, NULL, '2018-08-20', '2018-08-20', 'Otro'),
(158, 156, 113, 1, '25', NULL, 'EF', '25.00', 0, 0, NULL, NULL, '2018-08-20', '2018-08-20', 'Otro'),
(159, 157, 114, 1, '60', NULL, 'EF', '60.00', 0, 0, NULL, NULL, '2018-08-20', '2018-08-20', 'Otro'),
(160, 158, 115, 1, '25', NULL, 'EF', '25.00', 0, 0, NULL, NULL, '2018-08-21', '2018-08-21', 'Otro'),
(161, 159, 115, 1, '25', NULL, 'EF', '25.00', 0, 0, NULL, NULL, '2018-08-21', '2018-08-21', 'Otro'),
(162, 160, 116, 1, '60', NULL, 'EF', '60.00', 0, 0, NULL, NULL, '2018-08-21', '2018-08-21', 'Otro'),
(163, 161, 117, 1, '25', NULL, '0', '25.00', 0, 0, NULL, NULL, '2018-08-21', '2018-08-21', 'Otro'),
(164, 162, 118, 1, '25', NULL, 'EF', '25.00', 0, 0, NULL, NULL, '2018-08-21', '2018-08-21', 'Otro'),
(165, 163, 15, 1, '360', NULL, 'EF', '180.00', 180, 0, NULL, NULL, '2018-08-21', '2018-08-21', 'Otro'),
(166, 164, 21, 1, '60', NULL, '0', '60.00', 0, 0, NULL, NULL, '2018-08-22', '2018-08-22', 'Otro'),
(167, 165, 119, 1, '45', NULL, 'EF', '45.00', 0, 0, NULL, NULL, '2018-08-22', '2018-08-22', 'Otro'),
(168, 166, 120, 1, '80.00', NULL, 'EF', '80.00', 0, 0, NULL, NULL, '2018-08-22', '2018-08-22', 'Otro'),
(169, 167, 121, 1, '40', NULL, 'EF', '40.00', 0, 0, NULL, NULL, '2018-08-22', '2018-08-22', 'Otro'),
(170, 168, 122, 1, '50.00', NULL, 'EF', '50.00', 0, 0, NULL, NULL, '2018-08-22', '2018-08-22', 'Otro'),
(171, 169, 123, 1, '65.00', NULL, 'EF', '65.00', 0, 0, NULL, NULL, '2018-08-22', '2018-08-22', 'Otro'),
(172, 170, 124, 1, '65.00', NULL, 'EF', '65.00', 0, 0, NULL, NULL, '2018-08-22', '2018-08-22', 'Otro'),
(173, 171, 125, 1, '45', NULL, 'EF', '45.00', 0, 0, NULL, NULL, '2018-08-22', '2018-08-22', 'Otro'),
(174, 172, 87, 1, '85.00', NULL, 'EF', '85.00', 0, 0, NULL, NULL, '2018-08-22', '2018-08-22', 'Otro'),
(175, 173, 15, 1, '360.00', NULL, 'EF', '180.00', 180, 0, NULL, NULL, '2018-08-22', '2018-08-22', 'Otro'),
(176, 174, 126, 1, '25', NULL, 'EF', '25.00', 0, 0, NULL, NULL, '2018-08-22', '2018-08-22', 'Otro'),
(177, 175, 127, 1, '25', NULL, 'EF', '25.00', 0, 0, NULL, NULL, '2018-08-22', '2018-08-22', 'Otro'),
(178, 176, 128, 1, '85', NULL, 'EF', '0.85', 84, 0, NULL, NULL, '2018-08-22', '2018-08-22', 'Otro'),
(179, 177, 130, 1, '20', NULL, 'EF', '20.00', 0, 0, NULL, NULL, '2018-08-22', '2018-08-22', 'Otro'),
(180, 178, 131, 1, '20', NULL, 'EF', '20.00', 0, 0, NULL, NULL, '2018-08-22', '2018-08-22', 'Otro'),
(181, 179, 57, 1, '680', NULL, 'EF', '2.00', 678, 0, NULL, NULL, '2018-08-22', '2018-08-22', 'Otro'),
(182, 180, 132, 1, '100.00', NULL, 'EF', '100.00', 0, 0, NULL, NULL, '2018-08-22', '2018-08-22', 'Otro'),
(183, 181, 133, 1, '20', NULL, 'EF', '20.00', 0, 0, NULL, NULL, '2018-08-22', '2018-08-22', 'Otro'),
(184, 182, 130, 1, '20', NULL, 'EF', '20.00', 0, 0, NULL, NULL, '2018-08-22', '2018-08-22', 'Otro'),
(185, 183, 131, 1, '20', NULL, 'EF', '20.00', 0, 0, NULL, NULL, '2018-08-22', '2018-08-22', 'Otro'),
(186, 184, 134, 1, '20', NULL, 'EF', '20.00', 0, 0, NULL, NULL, '2018-08-23', '2018-08-23', 'Otro'),
(187, 185, 130, 1, '20', NULL, 'EF', '20.00', 0, 0, NULL, NULL, '2018-08-23', '2018-08-23', 'Otro'),
(188, 186, 133, 1, '20', NULL, 'EF', '20.00', 0, 0, NULL, NULL, '2018-08-23', '2018-08-23', 'Otro'),
(189, 187, 130, 1, '20', NULL, 'EF', '20.00', 0, 0, NULL, NULL, '2018-08-23', '2018-08-23', 'Otro'),
(190, 188, 21, 1, '60', '0', 'EF', '60.00', 0, 1, NULL, NULL, '2018-08-23', '2018-08-23', 'Otro'),
(191, 189, 24, 1, '60', '0', 'EF', '60.00', 0, 0, NULL, NULL, '2018-08-23', '2018-08-23', 'Otro'),
(192, 190, 53, 1, '300', '0', 'EF', '50.00', 250, 1, NULL, NULL, '2018-08-23', '2018-08-26', 'Otro'),
(193, 191, 57, 1, '360', '0', 'EF', '2.00', 358, 0, NULL, NULL, '2018-08-23', '2018-08-23', 'Otro'),
(194, 192, 16, 1, '480', '0', 'EF', '2.00', 478, 0, NULL, NULL, '2018-08-23', '2018-08-23', 'Otro'),
(195, 193, 24, 1, '320', '0', 'EF', '11.11', 309, 1, NULL, NULL, '2018-08-23', '2018-08-26', 'Otro'),
(196, 194, 132, 1, '100', '0', 'EF', '100.00', 0, 0, NULL, NULL, '2018-08-23', '2018-08-23', 'Otro'),
(197, 195, 57, 1, '320', '0', 'EF', '22.22', 298, 0, NULL, NULL, '2018-08-23', '2018-08-23', 'Otro'),
(198, 196, 23, 1, '40', '0', 'EF', '40.00', 0, 0, NULL, NULL, '2018-08-23', '2018-08-23', 'Otro'),
(202, 200, 136, 1, '40', '0', '0', '40.00', 0, 0, NULL, NULL, '2018-08-23', '2018-08-23', 'Otro'),
(203, 201, 137, 1, '120', '0', '0', '120.00', 0, 0, NULL, NULL, '2018-08-23', '2018-08-23', 'Otro'),
(205, 203, 138, 1, '40', '0', 'EF', '40.00', 0, 0, NULL, NULL, '2018-08-23', '2018-08-23', 'Otro'),
(206, 204, 42, 1, '40', '0', 'EF', '40.00', 0, 0, NULL, NULL, '2018-08-23', '2018-08-23', 'Otro'),
(207, 205, 139, 1, '60', '0', 'EF', '60.00', 0, 0, NULL, NULL, '2018-08-23', '2018-08-23', 'Otro'),
(208, 206, 140, 1, '60', '0', 'EF', '60.00', 0, 0, NULL, NULL, '2018-08-23', '2018-08-23', 'Otro'),
(209, 207, 141, 1, '40', '0', 'EF', '40.00', 0, 0, NULL, NULL, '2018-08-23', '2018-08-23', 'Otro'),
(210, 208, 142, 1, '40', '0', 'EF', '40.00', 0, 0, NULL, NULL, '2018-08-23', '2018-08-23', 'Otro'),
(211, 209, 143, 1, '40', '0', '0', '40.00', 0, 0, NULL, NULL, '2018-08-23', '2018-08-23', 'Otro'),
(212, 210, 144, 1, '60', '0', '0', '60.00', 0, 0, NULL, NULL, '2018-08-23', '2018-08-23', 'Otro'),
(213, 211, 145, 1, '60', '0', '0', '60.00', 0, 0, NULL, NULL, '2018-08-23', '2018-08-23', 'Otro'),
(214, 212, 57, 1, '400', '0', 'EF', '44.44', 356, 0, NULL, NULL, '2018-08-23', '2018-08-23', 'Otro'),
(216, 214, 135, 1, '25', '0', '0', '25.00', 0, 0, NULL, NULL, '2018-08-23', '2018-08-23', 'Otro'),
(218, 216, 15, 1, '60', '0', 'EF', '60.00', 0, 0, NULL, NULL, '2018-08-23', '2018-08-23', 'Otro'),
(219, 217, 24, 1, '60', '0', 'EF', '60.00', 0, 0, NULL, NULL, '2018-08-23', '2018-08-23', 'Otro'),
(220, 218, 53, 1, '180', '0', 'EF', '180.00', 0, 0, NULL, NULL, '2018-08-23', '2018-08-23', 'Otro'),
(221, 219, 148, 1, '20', '0', '0', '20.00', 0, 0, NULL, NULL, '2018-08-24', '2018-08-24', 'Otro'),
(222, 220, 150, 1, '45', '0', '0', '45.00', 0, 0, NULL, NULL, '2018-08-24', '2018-08-24', 'Otro'),
(224, 222, 151, 1, '60', '0', '0', '60.00', 0, 0, NULL, NULL, '2018-08-24', '2018-08-24', 'Otro'),
(225, 223, 152, 1, '60', '0', 'EF', '60.00', 0, 0, NULL, NULL, '2018-08-24', '2018-08-24', 'Otro'),
(226, 224, 148, 1, '110.00', '0', 'EF', '110.00', 0, 0, NULL, NULL, '2018-08-24', '2018-08-24', 'Otro'),
(227, 225, 153, 1, '60', '0', '0', '60.00', 0, 0, NULL, NULL, '2018-08-24', '2018-08-24', 'Otro'),
(228, 226, 154, 1, '20', '0', 'EF', '20.00', 0, 0, NULL, NULL, '2018-08-24', '2018-08-24', 'Otro'),
(229, 227, 155, 1, '25', '0', 'EF', '25.00', 0, 0, NULL, NULL, '2018-08-24', '2018-08-24', 'Otro'),
(230, 228, 154, 1, '40', '0', 'EF', '40.00', 0, 0, NULL, NULL, '2018-08-24', '2018-08-24', 'Otro'),
(231, 229, 156, 1, '60', '0', 'EF', '60.00', 0, 0, NULL, NULL, '2018-08-24', '2018-08-24', 'Otro'),
(232, 230, 157, 1, '40', '0', 'EF', '40.00', 0, 0, NULL, NULL, '2018-08-24', '2018-08-24', 'Otro'),
(233, 231, 57, 1, '300', '0', 'EF', '2.00', 298, 1, NULL, NULL, '2018-08-24', '2018-08-26', 'Profesional'),
(234, 232, 158, 1, '80', '0', '0', '80.00', 0, 0, NULL, NULL, '2018-08-24', '2018-08-24', 'Personal'),
(235, 233, 159, 1, '40', '0', '0', '40.00', 0, 0, NULL, NULL, '2018-08-24', '2018-08-24', 'Personal'),
(236, 234, 148, 1, '120', '0', '0', '60.00', 60, 0, NULL, NULL, '2018-08-24', '2018-08-24', 'Personal'),
(237, 235, 160, 1, '20.00', '0', '0', '20.00', 0, 0, NULL, NULL, '2018-08-24', '2018-08-24', 'Personal'),
(238, 236, 161, 1, '25', '0', 'EF', '25.00', 0, 0, NULL, NULL, '2018-08-24', '2018-08-24', 'Personal'),
(239, 237, 162, 1, '60', '0', 'EF', '60.00', 0, 0, NULL, NULL, '2018-08-24', '2018-08-24', 'Personal'),
(240, 238, 163, 1, '40', '0', 'EF', '40.00', 0, 0, NULL, NULL, '2018-08-24', '2018-08-24', 'Personal'),
(241, 239, 164, 1, '25', '0', 'EF', '25.00', 0, 0, NULL, NULL, '2018-08-24', '2018-08-24', 'Personal'),
(242, 240, 165, 1, '60', '0', 'EF', '60.00', 0, 0, NULL, NULL, '2018-08-24', '2018-08-24', 'Profesional'),
(243, 241, 166, 1, '40', '0', '0', '40.00', 0, 0, NULL, NULL, '2018-08-24', '2018-08-24', 'Profesional'),
(245, 243, 167, 1, '50.00', '0', '0', '50.00', 0, 0, NULL, NULL, '2018-08-24', '2018-08-24', 'Profesional'),
(246, 244, 168, 1, '20', '0', '0', '20.00', 0, 0, NULL, NULL, '2018-08-24', '2018-08-24', 'Personal'),
(247, 245, 21, 1, '260', '0', 'EF', '260.00', 0, 0, NULL, NULL, '2018-08-24', '2018-08-24', 'Profesional'),
(248, 246, 171, 1, '60.00', '0', 'EF', '60.00', 0, 0, NULL, NULL, '2018-08-25', '2018-08-25', 'Personal'),
(249, 247, 172, 1, '40', '0', 'EF', '40.00', 0, 0, NULL, NULL, '2018-08-25', '2018-08-25', 'Personal'),
(250, 248, 173, 1, '40', '0', 'EF', '40.00', 0, 0, NULL, NULL, '2018-08-25', '2018-08-25', 'Personal'),
(251, 249, 174, 1, '60', '0', 'EF', '60.00', 0, 0, NULL, NULL, '2018-08-25', '2018-08-25', 'Profesional'),
(252, 250, 175, 1, '45.00', '0', '0', '45.00', 0, 0, NULL, NULL, '2018-08-25', '2018-08-25', 'Profesional'),
(253, 251, 177, 1, '40', '0', '0', '40.00', 0, 0, NULL, NULL, '2018-08-25', '2018-08-25', 'Profesional'),
(254, 252, 178, 1, '20', '0', '0', '20.00', 0, 0, NULL, NULL, '2018-08-25', '2018-08-25', 'Personal'),
(255, 253, 176, 1, '20', '0', 'EF', '20.00', 0, 0, NULL, NULL, '2018-08-25', '2018-08-25', 'Personal'),
(256, 254, 174, 1, '20.00', '0', 'EF', '20.00', 0, 0, NULL, NULL, '2018-08-25', '2018-08-25', 'Personal'),
(257, 255, 176, 1, '100', '0', 'EF', '80.00', 20, 0, NULL, NULL, '2018-08-25', '2018-08-25', 'Personal'),
(258, 256, 154, 1, '75', '0', 'EF', '75.00', 0, 0, NULL, NULL, '2018-08-25', '2018-08-25', 'Personal'),
(259, 257, 179, 1, '40', '0', 'EF', '40.00', 0, 0, NULL, NULL, '2018-08-25', '2018-08-25', 'Personal'),
(260, 258, 181, 1, '20', '0', 'EF', '20.00', 0, 0, NULL, NULL, '2018-08-25', '2018-08-25', 'Personal'),
(261, 259, 182, 1, '25', '0', 'EF', '25.00', 0, 0, NULL, NULL, '2018-08-25', '2018-08-25', 'Personal'),
(262, 260, 183, 1, '40', '0', 'EF', '40.00', 0, 0, NULL, NULL, '2018-08-25', '2018-08-25', 'Personal'),
(263, 261, 180, 1, '50', '0', 'EF', '50.00', 0, 0, NULL, NULL, '2018-08-25', '2018-08-25', 'Personal'),
(264, 262, 19, 1, '20', '0', 'EF', '20.00', 0, 0, NULL, NULL, '2018-08-25', '2018-08-25', 'Personal'),
(265, 263, 185, 1, '20', '0', 'EF', '20.00', 0, 0, NULL, NULL, '2018-08-25', '2018-08-25', 'Personal'),
(266, 264, 186, 1, '60', '0', 'EF', '60.00', 0, 0, NULL, NULL, '2018-08-25', '2018-08-25', 'Personal'),
(267, 265, 187, 1, '60', '0', 'EF', '60.00', 0, 0, NULL, NULL, '2018-08-25', '2018-08-25', 'Personal'),
(268, 266, 188, 1, '40', '0', 'EF', '40.00', 0, 0, NULL, NULL, '2018-08-25', '2018-08-25', 'Personal'),
(269, 267, 21, 1, '60', '0', 'EF', '60.00', 0, 0, NULL, NULL, '2018-08-25', '2018-08-25', 'Profesional'),
(270, 268, 189, 1, '100', '0', 'EF', '100.00', 0, 0, NULL, NULL, '2018-08-25', '2018-08-25', 'Personal'),
(271, 269, 190, 1, '40', '0', 'EF', '40.00', 0, 0, NULL, NULL, '2018-08-25', '2018-08-25', 'Personal'),
(272, 270, 191, 1, '40', '0', 'EF', '40.00', 0, 0, NULL, NULL, '2018-08-25', '2018-08-25', 'Personal'),
(273, 271, 192, 1, '120', '0', 'EF', '120.00', 0, 0, NULL, NULL, '2018-08-25', '2018-08-25', '0'),
(274, 272, 193, 1, '150', '0', 'EF', '150.00', 0, 0, NULL, NULL, '2018-08-25', '2018-08-25', '0'),
(275, 273, 168, 1, '60', '0', 'EF', '60.00', 0, 0, NULL, NULL, '2018-08-25', '2018-08-25', 'Personal'),
(276, 274, 195, 1, '25', '0', 'EF', '25.00', 0, 0, NULL, NULL, '2018-08-25', '2018-08-25', 'Personal'),
(277, 275, 53, 1, '180', '0', 'EF', '100.00', 80, 1, NULL, NULL, '2018-08-25', '2018-08-25', 'Profesional'),
(278, 276, 199, 1, '25', '0', 'EF', '25.00', 0, 0, NULL, NULL, '2018-08-25', '2018-08-25', 'Personal'),
(279, 277, 200, 1, '15.00', '0', 'EF', '15.00', 0, 0, NULL, NULL, '2018-08-25', '2018-08-25', 'Personal'),
(280, 278, 19, 1, '100.00', '0', 'EF', '100.00', 0, 0, NULL, NULL, '2018-08-25', '2018-08-25', 'Profesional'),
(281, 279, 201, 1, '80.00', '0', 'EF', '80.00', 0, 0, NULL, NULL, '2018-08-25', '2018-08-25', 'Personal'),
(282, 280, 202, 1, '15.00', '0', 'EF', '15.00', 0, 0, NULL, NULL, '2018-08-25', '2018-08-25', 'Personal'),
(283, 281, 203, 1, '40', '0', 'EF', '40.00', 0, 0, NULL, NULL, '2018-08-25', '2018-08-25', 'Personal'),
(284, 282, 205, 1, '40', '0', 'EF', '40.00', 0, 0, NULL, NULL, '2018-08-25', '2018-08-25', 'Personal'),
(285, 283, 207, 1, '25', '0', 'EF', '25.00', 0, 0, NULL, NULL, '2018-08-25', '2018-08-25', 'Personal'),
(286, 284, 208, 1, '40', '0', 'EF', '40.00', 0, 0, NULL, NULL, '2018-08-25', '2018-08-25', 'Personal'),
(287, 285, 209, 1, '45.00', '0', 'EF', '45.00', 0, 0, NULL, NULL, '2018-08-25', '2018-08-25', 'Profesional'),
(288, 286, 130, 1, '90.00', '0', '0', '90.00', 0, 0, NULL, NULL, '2018-08-25', '2018-08-25', '0'),
(289, 287, 206, 1, '60.00', '0', 'EF', '60.00', 0, 0, NULL, NULL, '2018-08-25', '2018-08-25', 'Profesional'),
(290, 288, 130, 1, '90.00', '0', '0', '90.00', 0, 0, NULL, NULL, '2018-08-25', '2018-08-25', '0'),
(291, 289, 130, 1, '90.00', '0', '0', '90.00', 0, 0, NULL, NULL, '2018-08-25', '2018-08-25', '0'),
(292, 290, 130, 1, '90.00', '0', 'EF', '90.00', 0, 0, NULL, NULL, '2018-08-25', '2018-08-25', '0'),
(293, 291, 211, 1, '40', '0', 'EF', '40.00', 0, 0, NULL, NULL, '2018-08-25', '2018-08-25', 'Personal'),
(294, 292, 212, 1, '40', '0', 'EF', '40.00', 0, 0, NULL, NULL, '2018-08-25', '2018-08-25', 'Personal'),
(295, 293, 213, 1, '20.00', '0', 'EF', '20.00', 0, 0, NULL, NULL, '2018-08-25', '2018-08-25', 'Personal'),
(296, 294, 211, 1, '20.00', '0', 'EF', '20.00', 0, 0, NULL, NULL, '2018-08-25', '2018-08-25', 'Personal'),
(297, 295, 214, 1, '120.00', '0', 'EF', '120.00', 0, 0, NULL, NULL, '2018-08-25', '2018-08-25', '0'),
(298, 296, 215, 1, '80.00', '0', 'EF', '80.00', 0, 0, NULL, NULL, '2018-08-25', '2018-08-25', 'Personal'),
(299, 297, 216, 1, '80.00', '0', 'EF', '80.00', 0, 0, NULL, NULL, '2018-08-25', '2018-08-25', 'Personal'),
(300, 298, 217, 1, '60', '0', 'EF', '60.00', 0, 0, NULL, NULL, '2018-08-25', '2018-08-25', 'Personal'),
(301, 299, 218, 1, '50.00', '0', 'EF', '50.00', 0, 0, NULL, NULL, '2018-08-25', '2018-08-25', '0'),
(302, 300, 19, 1, '100.00', '0', 'EF', '100.00', 0, 0, NULL, NULL, '2018-08-25', '2018-08-25', 'PRO'),
(305, 303, 57, 1, '60', '0', 'EF', '60.00', 0, 0, NULL, NULL, '2018-08-26', '2018-08-26', 'Profesional'),
(307, 305, 16, 1, '225.6', '0', 'EF', '200.00', 26, 0, NULL, NULL, '2018-08-26', '2018-08-26', 'Personal'),
(309, 307, 210, 1, '560', '0', 'EF', '2.00', 558, 0, NULL, NULL, '2018-08-26', '2018-08-26', 'Profesional'),
(310, 308, 57, 1, '420', '0', 'EF', '2.00', 418, 0, NULL, NULL, '2018-08-26', '2018-08-26', 'Profesional'),
(311, 309, 21, 1, '270', '0', 'EF', '22.22', 248, 0, NULL, NULL, '2018-08-26', '2018-08-26', 'Profesional'),
(312, 310, 21, 1, '380', '0', 'EF', '2.00', 378, 0, NULL, NULL, '2018-08-26', '2018-08-26', 'Profesional'),
(313, 311, 14, 1, '140', '0', 'EF', '140.00', 0, 0, NULL, NULL, '2018-08-26', '2018-08-26', 'Profesional'),
(314, 312, 15, 1, '100', '0', 'EF', '100.00', 0, 0, NULL, NULL, '2018-08-26', '2018-08-26', 'Profesional'),
(315, 313, 219, 1, '25', '0', 'EF', '25.00', 0, 0, NULL, NULL, '2018-08-27', '2018-08-27', 'Personal'),
(316, 314, 220, 1, '40', '0', 'EF', '40.00', 0, 0, NULL, NULL, '2018-08-27', '2018-08-27', 'Personal'),
(317, 315, 221, 1, '100', '0', 'EF', '100.00', 0, 0, NULL, NULL, '2018-08-27', '2018-08-27', 'Personal'),
(318, 316, 220, 1, '20.00', '0', 'EF', '20.00', 0, 0, NULL, NULL, '2018-08-27', '2018-08-27', 'Personal'),
(319, 317, 222, 1, '35', '0', 'EF', '35.00', 0, 0, NULL, NULL, '2018-08-27', '2018-08-27', 'Personal'),
(320, 318, 223, 1, '80.00', '0', 'EF', '80.00', 0, 0, NULL, NULL, '2018-08-27', '2018-08-27', 'Personal'),
(321, 319, 39, 1, '190.00', '0', 'EF', '190.00', 0, 0, NULL, NULL, '2018-08-27', '2018-08-27', 'Personal'),
(322, 320, 224, 1, '55', '0', 'EF', '55.00', 0, 0, NULL, NULL, '2018-08-27', '2018-08-27', 'Personal'),
(323, 321, 225, 1, '45', '0', 'EF', '45.00', 0, 0, NULL, NULL, '2018-08-27', '2018-08-27', 'Personal'),
(324, 322, 226, 1, '45', '0', 'EF', '45.00', 0, 0, NULL, NULL, '2018-08-27', '2018-08-27', 'Profesional'),
(325, 323, 228, 1, '60', '0', 'EF', '60.00', 0, 0, NULL, NULL, '2018-08-27', '2018-08-27', 'Profesional'),
(326, 324, 227, 1, '50', '0', 'EF', '50.00', 0, 0, NULL, NULL, '2018-08-27', '2018-08-27', 'Personal'),
(327, 325, 230, 1, '40', '0', 'EF', '40.00', 0, 0, NULL, NULL, '2018-08-27', '2018-08-27', 'Personal'),
(328, 326, 229, 1, '80.00', '0', 'EF', '80.00', 0, 0, NULL, NULL, '2018-08-27', '2018-08-27', 'Personal'),
(329, 327, 231, 1, '25', '0', 'EF', '25.00', 0, 0, NULL, NULL, '2018-08-27', '2018-08-27', 'Personal'),
(330, 328, 181, 1, '80.00', '0', 'EF', '80.00', 0, 0, NULL, NULL, '2018-08-27', '2018-08-27', 'Personal'),
(331, 329, 232, 1, '40', '0', 'EF', '40.00', 0, 0, NULL, NULL, '2018-08-27', '2018-08-27', 'Personal'),
(332, 330, 233, 1, '25', '0', 'EF', '25.00', 0, 0, NULL, NULL, '2018-08-27', '2018-08-27', 'Personal'),
(333, 331, 234, 1, '25', '0', 'EF', '25.00', 0, 0, NULL, NULL, '2018-08-27', '2018-08-27', 'Personal'),
(334, 332, 235, 1, '100', '0', 'EF', '100.00', 0, 0, NULL, NULL, '2018-08-27', '2018-08-27', 'Personal'),
(335, 333, 236, 1, '40', '0', 'EF', '40.00', 0, 0, NULL, NULL, '2018-08-27', '2018-08-27', 'Personal'),
(336, 334, 15, 1, '360', '0', 'EF', '200.00', 160, 0, NULL, NULL, '2018-08-27', '2018-08-27', 'Profesional'),
(337, 335, 237, 1, '60', '0', 'EF', '60.00', 0, 0, NULL, NULL, '2018-08-27', '2018-08-27', 'Personal'),
(338, 336, 238, 1, '60', '0', 'EF', '60.00', 0, 0, NULL, NULL, '2018-08-27', '2018-08-27', 'Personal'),
(340, 338, 239, 1, '60', '0', 'EF', '60.00', 0, 0, NULL, NULL, '2018-08-27', '2018-08-27', 'Personal'),
(341, 339, 240, 1, '20', '0', 'EF', '20.00', 0, 0, NULL, NULL, '2018-08-27', '2018-08-27', '0'),
(342, 340, 241, 1, '40', '0', 'EF', '40.00', 0, 0, NULL, NULL, '2018-08-27', '2018-08-27', 'Personal'),
(343, 341, 243, 1, '40', '0', 'EF', '40.00', 0, 0, NULL, NULL, '2018-08-27', '2018-08-27', 'Personal'),
(344, 342, 242, 1, '55.00', '0', 'EF', '55.00', 0, 0, NULL, NULL, '2018-08-27', '2018-08-27', 'Profesional'),
(345, 343, 240, 1, '100', '0', 'EF', '100.00', 0, 0, NULL, NULL, '2018-08-27', '2018-08-27', 'Personal'),
(346, 344, 246, 1, '20.00', '0', 'EF', '20.00', 0, 0, NULL, NULL, '2018-08-27', '2018-08-27', 'Personal'),
(347, 345, 244, 1, '70', '0', 'EF', '70.00', 0, 0, NULL, NULL, '2018-08-27', '2018-08-27', 'Personal'),
(348, 346, 247, 1, '25', '0', 'EF', '25.00', 0, 0, NULL, NULL, '2018-08-27', '2018-08-27', 'Personal'),
(349, 347, 248, 1, '40', '0', 'EF', '40.00', 0, 0, NULL, NULL, '2018-08-27', '2018-08-27', 'Profesional'),
(350, 348, 249, 1, '25', '0', 'EF', '25.00', 0, 0, NULL, NULL, '2018-08-27', '2018-08-27', 'Personal'),
(351, 349, 250, 1, '25', '0', 'EF', '25.00', 0, 0, NULL, NULL, '2018-08-27', '2018-08-27', 'Personal'),
(352, 350, 251, 1, '60', '0', 'EF', '60.00', 0, 0, NULL, NULL, '2018-08-27', '2018-08-27', 'Personal'),
(353, 351, 252, 1, '40', '0', 'EF', '40.00', 0, 0, NULL, NULL, '2018-08-27', '2018-08-27', 'Personal'),
(354, 352, 253, 1, '20', '0', 'EF', '20.00', 0, 0, NULL, NULL, '2018-08-27', '2018-08-27', 'Personal'),
(355, 353, 254, 1, '40', '0', 'EF', '40.00', 0, 0, NULL, NULL, '2018-08-27', '2018-08-27', 'Personal'),
(356, 354, 255, 1, '100', '0', 'EF', '100.00', 0, 0, NULL, NULL, '2018-08-27', '2018-08-27', 'Personal'),
(357, 355, 256, 1, '40', '0', 'EF', '40.00', 0, 0, NULL, NULL, '2018-08-27', '2018-08-27', 'Profesional'),
(358, 356, 253, 1, '45.00', '0', 'EF', '45.00', 0, 0, NULL, NULL, '2018-08-27', '2018-08-27', 'Personal'),
(359, 357, 258, 1, '40', '0', 'EF', '40.00', 0, 0, NULL, NULL, '2018-08-27', '2018-08-27', 'Personal'),
(360, 358, 257, 1, '100', '0', 'EF', '100.00', 0, 0, NULL, NULL, '2018-08-27', '2018-08-27', 'Personal'),
(361, 359, 206, 1, '45', '0', 'EF', '40.00', 5, 0, NULL, NULL, '2018-08-27', '2018-08-27', 'Profesional'),
(362, 360, 259, 1, '60', '0', 'EF', '60.00', 0, 0, NULL, NULL, '2018-08-27', '2018-08-27', 'Profesional'),
(363, 361, 260, 1, '20.00', '0', 'EF', '20.00', 0, 0, NULL, NULL, '2018-08-27', '2018-08-27', 'Profesional'),
(364, 362, 261, 1, '40', '0', 'EF', '40.00', 0, 0, NULL, NULL, '2018-08-27', '2018-08-27', 'Personal'),
(365, 363, 259, 1, '20', '0', 'EF', '20.00', 0, 0, NULL, NULL, '2018-08-27', '2018-08-27', 'Profesional'),
(366, 364, 204, 1, '130.00', '0', 'EF', '130.00', 0, 0, NULL, NULL, '2018-08-27', '2018-08-27', 'Personal'),
(367, 365, 216, 1, '80.00', '0', 'EF', '80.00', 0, 0, NULL, NULL, '2018-08-27', '2018-08-27', 'Personal'),
(368, 366, 262, 1, '45', '0', 'EF', '45.00', 0, 0, NULL, NULL, '2018-08-27', '2018-08-27', 'Profesional'),
(369, 367, 263, 1, '45.00', '0', 'EF', '45.00', 0, 0, NULL, NULL, '2018-08-27', '2018-08-27', 'Profesional'),
(370, 368, 264, 1, '260', '0', 'EF', '200.00', 60, 0, NULL, NULL, '2018-08-27', '2018-08-27', 'Profesional'),
(371, 369, 216, 1, '150', '0', 'EF', '150.00', 0, 0, NULL, NULL, '2018-08-27', '2018-08-27', '0'),
(375, 373, 265, 1, '72', '0', 'EF', '72.00', 0, 0, NULL, 'tiquet 2222', '2018-08-27', '2018-08-27', 'Personal'),
(376, 374, 141, 1, '350', '0', 'EF', '350.00', 0, 0, NULL, NULL, '2018-08-28', '2018-08-28', '0'),
(377, 375, 267, 1, '35', '0', 'EF', '35.00', 0, 0, NULL, NULL, '2018-08-28', '2018-08-28', 'Personal'),
(378, 376, 268, 1, '40', '0', 'EF', '40.00', 0, 0, NULL, NULL, '2018-08-28', '2018-08-28', 'Personal');

-- --------------------------------------------------------

--
-- Estructura de tabla para la tabla `atencion_laboratorios`
--

CREATE TABLE `atencion_laboratorios` (
  `id` int(11) NOT NULL,
  `id_atencion` int(11) NOT NULL,
  `id_analisis` int(11) NOT NULL,
  `pagado` int(1) NOT NULL DEFAULT '0',
  `id_empresa` int(11) NOT NULL,
  `id_sucursal` int(11) NOT NULL,
  `created_at` date NOT NULL,
  `updated_at` date NOT NULL,
  `id_profesional` int(11) DEFAULT NULL,
  `porcentaje` varchar(200) NOT NULL,
  `montolab` int(11) NOT NULL,
  `origen` varchar(200) NOT NULL,
  `recibo` varchar(200) DEFAULT NULL
) ENGINE=InnoDB DEFAULT CHARSET=latin1;

--
-- Volcado de datos para la tabla `atencion_laboratorios`
--

INSERT INTO `atencion_laboratorios` (`id`, `id_atencion`, `id_analisis`, `pagado`, `id_empresa`, `id_sucursal`, `created_at`, `updated_at`, `id_profesional`, `porcentaje`, `montolab`, `origen`, `recibo`) VALUES
(1, 30, 1, 0, 0, 0, '2018-07-28', '2018-07-28', 0, '', 0, '', NULL),
(2, 30, 7, 0, 0, 0, '2018-07-28', '2018-07-28', 0, '', 0, '', NULL),
(3, 31, 4, 0, 0, 0, '2018-07-28', '2018-07-28', 0, '', 0, '', NULL),
(4, 32, 2, 0, 0, 0, '2018-07-28', '2018-07-28', 0, '', 0, '', NULL),
(5, 32, 6, 0, 0, 0, '2018-07-28', '2018-07-28', 0, '', 0, '', NULL),
(6, 33, 2, 1, 1, 1, '2018-07-28', '2018-07-28', 0, '', 0, '', NULL),
(7, 33, 6, 1, 1, 1, '2018-07-28', '2018-07-28', 0, '', 0, '', NULL),
(8, 33, 7, 1, 1, 1, '2018-07-28', '2018-07-28', 0, '', 0, '', NULL),
(9, 34, 2, 0, 1, 1, '2018-07-28', '2018-07-28', 0, '', 0, '', NULL),
(10, 34, 6, 0, 1, 1, '2018-07-28', '2018-07-28', 0, '', 0, '', NULL),
(11, 34, 7, 0, 1, 1, '2018-07-28', '2018-07-28', 0, '', 0, '', NULL),
(12, 35, 2, 0, 1, 1, '2018-07-28', '2018-07-28', 0, '', 0, '', NULL),
(13, 35, 8, 0, 1, 1, '2018-07-28', '2018-07-28', 0, '', 0, '', NULL),
(14, 36, 2, 0, 1, 1, '2018-07-28', '2018-07-28', 0, '', 0, '', NULL),
(15, 38, 2, 1, 1, 1, '2018-07-29', '2018-07-30', 0, '', 0, '', NULL),
(16, 38, 4, 0, 1, 1, '2018-07-29', '2018-07-29', 0, '', 0, '', NULL),
(17, 39, 4, 0, 1, 1, '2018-07-29', '2018-07-29', 0, '', 0, '', NULL),
(18, 39, 6, 0, 1, 1, '2018-07-29', '2018-07-29', 0, '', 0, '', NULL),
(19, 40, 2, 0, 1, 1, '2018-07-29', '2018-07-29', 0, '', 0, '', NULL),
(20, 41, 2, 0, 1, 1, '2018-07-29', '2018-07-29', 0, '', 0, '', NULL),
(21, 41, 7, 0, 1, 1, '2018-07-29', '2018-07-29', 0, '', 0, '', NULL),
(22, 8, 2, 0, 1, 1, '2018-08-02', '2018-08-02', 0, '', 0, '', NULL),
(23, 8, 4, 0, 1, 1, '2018-08-02', '2018-08-02', 0, '', 0, '', NULL),
(24, 9, 2, 0, 1, 1, '2018-08-02', '2018-08-02', 0, '', 0, '', NULL),
(25, 12, 2, 0, 1, 1, '2018-08-02', '2018-08-02', 0, '', 0, '', NULL),
(26, 16, 1, 0, 1, 1, '2018-08-02', '2018-08-02', 0, '', 0, '', NULL),
(27, 17, 2, 0, 1, 1, '2018-08-02', '2018-08-02', 0, '', 0, '', NULL),
(28, 17, 7, 0, 1, 1, '2018-08-02', '2018-08-02', 0, '', 0, '', NULL),
(29, 18, 2, 0, 1, 1, '2018-08-02', '2018-08-02', 0, '', 0, '', NULL),
(30, 19, 2, 0, 1, 1, '2018-08-02', '2018-08-02', 0, '', 0, '', NULL),
(31, 19, 20, 0, 1, 1, '2018-08-02', '2018-08-02', 0, '', 0, '', NULL),
(32, 20, 6, 0, 1, 1, '2018-08-02', '2018-08-02', 0, '', 0, '', NULL),
(33, 21, 2, 0, 1, 1, '2018-08-03', '2018-08-03', 0, '', 0, '', NULL),
(34, 22, 1, 0, 1, 1, '2018-08-03', '2018-08-03', 0, '', 0, '', NULL),
(35, 26, 2, 0, 1, 1, '2018-08-05', '2018-08-05', 0, '', 0, '', NULL),
(36, 26, 7, 0, 1, 1, '2018-08-05', '2018-08-05', 0, '', 0, '', NULL),
(37, 26, 8, 0, 1, 1, '2018-08-05', '2018-08-05', 0, '', 0, '', NULL),
(38, 28, 20, 1, 1, 1, '2018-08-07', '2018-08-07', 0, '', 0, '', NULL),
(39, 29, 1, 0, 1, 1, '2018-08-07', '2018-08-07', 0, '', 0, '', NULL),
(40, 30, 1, 1, 1, 1, '2018-08-07', '2018-08-07', 0, '', 0, '', NULL),
(41, 31, 1, 0, 1, 1, '2018-08-07', '2018-08-07', 0, '', 0, '', NULL),
(42, 32, 1, 0, 1, 1, '2018-08-07', '2018-08-07', 0, '', 0, '', NULL),
(43, 34, 2, 0, 1, 1, '2018-08-08', '2018-08-08', 0, '', 0, '', NULL),
(44, 34, 6, 0, 1, 1, '2018-08-08', '2018-08-08', 0, '', 0, '', NULL),
(45, 35, 2, 0, 1, 1, '2018-08-08', '2018-08-08', 0, '', 0, '', NULL),
(46, 35, 6, 1, 1, 1, '2018-08-08', '2018-08-11', 0, '', 0, '', NULL),
(47, 44, 6, 0, 1, 1, '2018-08-13', '2018-08-13', 0, '', 0, '', NULL),
(48, 45, 6, 1, 1, 1, '2018-08-14', '2018-08-14', 0, '', 0, '', NULL),
(49, 46, 1, 1, 1, 1, '2018-08-14', '2018-08-14', 0, '', 0, '', NULL),
(50, 46, 6, 0, 1, 1, '2018-08-14', '2018-08-14', 0, '', 0, '', NULL),
(51, 47, 2, 0, 1, 1, '2018-08-14', '2018-08-14', 0, '', 0, '', NULL),
(52, 47, 6, 0, 1, 1, '2018-08-14', '2018-08-14', 0, '', 0, '', NULL),
(53, 49, 24, 1, 1, 5, '2018-08-14', '2018-08-14', 0, '', 0, '', NULL),
(54, 50, 6, 1, 1, 1, '2018-08-14', '2018-08-14', 0, '', 0, '', NULL),
(55, 54, 65, 0, 1, 5, '2018-08-15', '2018-08-15', 0, '', 0, '', NULL),
(56, 55, 82, 0, 1, 5, '2018-08-15', '2018-08-15', 0, '', 0, '', NULL),
(57, 56, 24, 0, 1, 5, '2018-08-15', '2018-08-15', 0, '', 0, '', NULL),
(58, 56, 67, 0, 1, 5, '2018-08-15', '2018-08-15', 0, '', 0, '', NULL),
(59, 59, 6, 1, 1, 1, '2018-08-15', '2018-08-15', 0, '', 0, '', NULL),
(60, 59, 20, 0, 1, 1, '2018-08-15', '2018-08-15', 0, '', 0, '', NULL),
(61, 59, 83, 0, 1, 1, '2018-08-15', '2018-08-15', 0, '', 0, '', NULL),
(62, 61, 6, 1, 1, 1, '2018-08-16', '2018-08-16', 0, '', 0, '', NULL),
(63, 62, 20, 1, 1, 1, '2018-08-17', '2018-08-17', 0, '', 0, '', NULL),
(64, 62, 83, 0, 1, 1, '2018-08-17', '2018-08-17', 0, '', 0, '', NULL),
(65, 63, 6, 0, 1, 1, '2018-08-17', '2018-08-17', 0, '', 0, '', NULL),
(66, 63, 83, 0, 1, 1, '2018-08-17', '2018-08-17', 0, '', 0, '', NULL),
(67, 64, 6, 0, 1, 1, '2018-08-17', '2018-08-17', 0, '', 0, '', NULL),
(68, 65, 20, 0, 1, 1, '2018-08-17', '2018-08-17', 0, '', 0, '', NULL),
(69, 67, 6, 0, 1, 1, '2018-08-17', '2018-08-17', 0, '', 0, '', NULL),
(70, 67, 83, 0, 1, 1, '2018-08-17', '2018-08-17', 0, '', 0, '', NULL),
(71, 68, 6, 0, 1, 1, '2018-08-17', '2018-08-17', 0, '', 0, '', NULL),
(72, 68, 83, 0, 1, 1, '2018-08-17', '2018-08-17', 0, '', 0, '', NULL),
(73, 69, 20, 0, 1, 1, '2018-08-17', '2018-08-17', 0, '', 0, '', NULL),
(74, 70, 20, 0, 1, 1, '2018-08-17', '2018-08-17', 0, '', 0, '', NULL),
(75, 71, 83, 0, 1, 1, '2018-08-17', '2018-08-17', 0, '', 0, '', NULL),
(76, 72, 20, 0, 1, 1, '2018-08-17', '2018-08-17', 0, '', 0, '', NULL),
(77, 74, 83, 0, 1, 1, '2018-08-17', '2018-08-17', 0, '', 0, '', NULL),
(78, 75, 23, 0, 1, 5, '2018-08-17', '2018-08-17', 0, '', 0, '', NULL),
(79, 75, 36, 0, 1, 5, '2018-08-17', '2018-08-17', 0, '', 0, '', NULL),
(80, 76, 6, 1, 1, 1, '2018-08-18', '2018-08-18', 0, '', 0, '', NULL),
(81, 80, 83, 0, 1, 1, '2018-08-18', '2018-08-18', 0, '', 0, '', NULL),
(82, 84, 65, 0, 1, 5, '2018-08-18', '2018-08-18', 0, '', 0, '', NULL),
(83, 87, 20, 0, 1, 1, '2018-08-18', '2018-08-18', 0, '', 0, '', NULL),
(84, 88, 20, 0, 1, 1, '2018-08-18', '2018-08-18', 0, '', 0, '', NULL),
(85, 88, 83, 0, 1, 1, '2018-08-18', '2018-08-18', 0, '', 0, '', NULL),
(86, 89, 20, 0, 1, 1, '2018-08-18', '2018-08-18', 0, '', 0, '', NULL),
(87, 89, 83, 0, 1, 1, '2018-08-18', '2018-08-18', 0, '', 0, '', NULL),
(88, 91, 83, 0, 1, 1, '2018-08-18', '2018-08-18', 0, '', 0, '', NULL),
(89, 92, 6, 0, 1, 1, '2018-08-18', '2018-08-18', 0, '', 0, '', NULL),
(90, 98, 23, 0, 1, 5, '2018-08-18', '2018-08-18', 0, '', 0, '', NULL),
(91, 103, 61, 0, 1, 5, '2018-08-18', '2018-08-18', 0, '', 0, '', NULL),
(92, 111, 61, 0, 1, 5, '2018-08-18', '2018-08-18', 0, '', 0, '', NULL),
(93, 116, 84, 0, 1, 5, '2018-08-19', '2018-08-19', 0, '', 0, '', NULL),
(94, 118, 20, 1, 1, 1, '2018-08-20', '2018-08-20', 0, '', 0, '', NULL),
(95, 119, 20, 0, 1, 1, '2018-08-20', '2018-08-20', 0, '', 0, '', NULL),
(96, 119, 83, 0, 1, 1, '2018-08-20', '2018-08-20', 0, '', 0, '', NULL),
(97, 125, 65, 0, 1, 5, '2018-08-20', '2018-08-20', 0, '', 0, '', NULL),
(98, 127, 61, 0, 1, 5, '2018-08-20', '2018-08-20', 0, '', 0, '', NULL),
(99, 148, 24, 0, 1, 5, '2018-08-20', '2018-08-20', 0, '', 0, '', NULL),
(100, 148, 48, 0, 1, 5, '2018-08-20', '2018-08-20', 0, '', 0, '', NULL),
(101, 149, 66, 0, 1, 5, '2018-08-20', '2018-08-20', 0, '', 0, '', NULL),
(102, 155, 88, 0, 1, 6, '2018-08-20', '2018-08-20', 0, '', 0, '', NULL),
(103, 163, 6, 0, 1, 1, '2018-08-21', '2018-08-21', 0, '', 0, '', NULL),
(104, 169, 33, 0, 1, 5, '2018-08-22', '2018-08-22', 0, '', 0, '', NULL),
(105, 169, 36, 0, 1, 5, '2018-08-22', '2018-08-22', 0, '', 0, '', NULL),
(106, 169, 43, 0, 1, 5, '2018-08-22', '2018-08-22', 0, '', 0, '', NULL),
(107, 170, 33, 0, 1, 5, '2018-08-22', '2018-08-22', 0, '', 0, '', NULL),
(108, 170, 36, 0, 1, 5, '2018-08-22', '2018-08-22', 0, '', 0, '', NULL),
(109, 170, 43, 0, 1, 5, '2018-08-22', '2018-08-22', 0, '', 0, '', NULL),
(110, 172, 60, 0, 1, 5, '2018-08-22', '2018-08-22', 0, '', 0, '', NULL),
(111, 172, 61, 0, 1, 5, '2018-08-22', '2018-08-22', 0, '', 0, '', NULL),
(112, 172, 84, 0, 1, 5, '2018-08-22', '2018-08-22', 0, '', 0, '', NULL),
(113, 173, 6, 0, 1, 1, '2018-08-22', '2018-08-22', 0, '', 0, '', NULL),
(114, 179, 6, 0, 1, 1, '2018-08-22', '2018-08-22', 0, '', 0, '', NULL),
(115, 179, 20, 0, 1, 1, '2018-08-22', '2018-08-22', 0, '', 0, '', NULL),
(116, 190, 0, 0, 1, 1, '2018-08-23', '2018-08-23', 1, '0.24', 1, 'Laboratorios', NULL),
(117, 191, 0, 0, 1, 1, '2018-08-23', '2018-08-23', 1, '12', 120, 'Laboratorios', NULL),
(118, 192, 0, 1, 1, 1, '2018-08-23', '2018-08-23', 1, '12', 120, 'Laboratorios', NULL),
(119, 193, 0, 0, 1, 1, '2018-08-23', '2018-08-23', 7, '12', 120, 'Laboratorios', NULL),
(120, 195, 0, 0, 1, 1, '2018-08-23', '2018-08-23', 7, '12', 120, 'Laboratorios', NULL),
(122, 212, 0, 0, 1, 1, '2018-08-23', '2018-08-23', 1, '20', 200, 'Laboratorios', NULL),
(124, 224, 0, 0, 1, 6, '2018-08-24', '2018-08-24', NULL, '0', 110, 'Laboratorios', NULL),
(125, 228, 0, 0, 1, 5, '2018-08-24', '2018-08-24', NULL, '0', 40, 'Laboratorios', NULL),
(126, 231, 0, 0, 1, 1, '2018-08-24', '2018-08-24', 1, '6.66', 120, 'Laboratorios', NULL),
(127, 245, 0, 0, 1, 1, '2018-08-24', '2018-08-24', 1, '40', 200, 'Laboratorios', NULL),
(128, 246, 0, 0, 1, 5, '2018-08-25', '2018-08-25', NULL, '0', 60, 'Laboratorios', NULL),
(129, 256, 0, 0, 1, 5, '2018-08-25', '2018-08-25', NULL, '0', 35, 'Laboratorios', NULL),
(130, 262, 0, 0, 1, 6, '2018-08-25', '2018-08-25', NULL, '0', 20, 'Laboratorios', NULL),
(131, 275, 0, 0, 1, 1, '2018-08-25', '2018-08-25', 10, '18', 120, 'Laboratorios', NULL),
(132, 287, 0, 0, 1, 5, '2018-08-25', '2018-08-25', 81, '12', 60, 'Laboratorios', NULL),
(134, 305, 0, 0, 1, 1, '2018-08-26', '2018-08-26', NULL, '0', 226, 'Laboratorios', NULL),
(135, 307, 0, 1, 1, 1, '2018-08-26', '2018-08-26', 1, '32', 320, 'Laboratorios', NULL),
(136, 311, 0, 0, 1, 1, '2018-08-26', '2018-08-26', 10, '0', 80, 'Laboratorios', NULL),
(137, 316, 0, 0, 1, 5, '2018-08-27', '2018-08-27', NULL, '0', 20, 'Laboratorios', NULL),
(138, 319, 0, 0, 1, 5, '2018-08-27', '2018-08-27', NULL, '0', 70, 'Laboratorios', NULL),
(139, 320, 0, 0, 1, 5, '2018-08-27', '2018-08-27', NULL, '0', 35, 'Laboratorios', NULL),
(140, 334, 0, 0, 1, 1, '2018-08-27', '2018-08-27', 10, '18', 120, 'Laboratorios', NULL),
(141, 356, 0, 0, 1, 5, '2018-08-27', '2018-08-27', NULL, '0', 45, 'Laboratorios', NULL),
(142, 361, 0, 0, 1, 5, '2018-08-27', '2018-08-27', 81, '4', 20, 'Laboratorios', NULL),
(143, 363, 0, 0, 1, 6, '2018-08-27', '2018-08-27', 37, '0', 20, 'Laboratorios', NULL),
(144, 368, 0, 0, 1, 1, '2018-08-27', '2018-08-27', 82, '40', 200, 'Laboratorios', NULL),
(148, 373, 0, 0, 5, 10, '2018-08-27', '2018-08-27', NULL, '0', 72, 'Laboratorios', NULL),
(149, 375, 0, 0, 1, 5, '2018-08-28', '2018-08-28', NULL, '0', 35, 'Laboratorios', NULL);

-- --------------------------------------------------------

--
-- Estructura de tabla para la tabla `atencion_paquetes`
--

CREATE TABLE `atencion_paquetes` (
  `id` int(11) NOT NULL,
  `id_atencion` int(11) NOT NULL,
  `id_paquete` int(11) NOT NULL,
  `id_empresa` int(11) NOT NULL,
  `id_sucursal` int(11) NOT NULL,
  `created_at` date NOT NULL,
  `updated_at` date NOT NULL
) ENGINE=InnoDB DEFAULT CHARSET=latin1;

--
-- Volcado de datos para la tabla `atencion_paquetes`
--

INSERT INTO `atencion_paquetes` (`id`, `id_atencion`, `id_paquete`, `id_empresa`, `id_sucursal`, `created_at`, `updated_at`) VALUES
(11, 62, 22, 1, 1, '2018-08-17', '2018-08-17'),
(12, 65, 22, 1, 1, '2018-08-17', '2018-08-17'),
(13, 69, 22, 1, 1, '2018-08-17', '2018-08-17'),
(14, 71, 22, 1, 1, '2018-08-17', '2018-08-17'),
(15, 81, 24, 1, 1, '2018-08-18', '2018-08-18'),
(16, 213, 24, 1, 1, '2018-08-23', '2018-08-23'),
(17, 213, 25, 1, 1, '2018-08-23', '2018-08-23'),
(18, 306, 24, 1, 1, '2018-08-26', '2018-08-26'),
(19, 312, 24, 1, 1, '2018-08-26', '2018-08-26');

-- --------------------------------------------------------

--
-- Estructura de tabla para la tabla `atencion_profesionales_laboratorios`
--

CREATE TABLE `atencion_profesionales_laboratorios` (
  `id` int(11) NOT NULL,
  `id_atencion` int(11) NOT NULL,
  `id_laboratorio` int(11) NOT NULL,
  `id_profesional` int(11) DEFAULT NULL,
  `pagado` int(11) DEFAULT '0',
  `id_empresa` int(11) NOT NULL,
  `id_sucursal` int(11) NOT NULL,
  `created_at` date NOT NULL,
  `updated_at` date NOT NULL,
  `porcentaje` varchar(200) NOT NULL,
  `montolab` int(11) NOT NULL,
  `status_redactar_resultados` tinyint(1) NOT NULL DEFAULT '0',
  `recibo` varchar(200) DEFAULT NULL
) ENGINE=InnoDB DEFAULT CHARSET=latin1;

--
-- Volcado de datos para la tabla `atencion_profesionales_laboratorios`
--

INSERT INTO `atencion_profesionales_laboratorios` (`id`, `id_atencion`, `id_laboratorio`, `id_profesional`, `pagado`, `id_empresa`, `id_sucursal`, `created_at`, `updated_at`, `porcentaje`, `montolab`, `status_redactar_resultados`, `recibo`) VALUES
(6, 88, 20, 7, 0, 1, 1, '2018-08-18', '2018-08-18', '', 0, 0, NULL),
(7, 88, 83, 7, 0, 1, 1, '2018-08-18', '2018-08-18', '', 0, 0, NULL),
(8, 89, 20, 1, 0, 1, 1, '2018-08-18', '2018-08-18', '', 0, 0, NULL),
(9, 89, 83, 1, 0, 1, 1, '2018-08-18', '2018-08-18', '', 0, 0, NULL),
(10, 91, 83, 10, 0, 1, 1, '2018-08-18', '2018-08-18', '', 0, 0, NULL),
(11, 92, 6, 10, 0, 1, 1, '2018-08-18', '2018-08-18', '', 0, 0, NULL),
(12, 98, 23, 11, 0, 1, 5, '2018-08-18', '2018-08-18', '', 0, 0, NULL),
(13, 103, 61, 11, 0, 1, 5, '2018-08-18', '2018-08-18', '', 0, 0, NULL),
(14, 111, 61, 11, 0, 1, 5, '2018-08-18', '2018-08-18', '', 0, 0, NULL),
(15, 116, 84, 11, 0, 1, 5, '2018-08-19', '2018-08-19', '', 0, 0, NULL),
(16, 118, 20, 9, 0, 1, 1, '2018-08-20', '2018-08-20', '', 0, 0, NULL),
(17, 119, 20, 8, 0, 1, 1, '2018-08-20', '2018-08-20', '', 0, 0, NULL),
(18, 119, 83, 8, 0, 1, 1, '2018-08-20', '2018-08-20', '', 0, 0, NULL),
(19, 125, 65, 33, 0, 1, 5, '2018-08-20', '2018-08-20', '', 0, 0, NULL),
(20, 127, 61, 35, 0, 1, 5, '2018-08-20', '2018-08-20', '', 0, 0, NULL),
(21, 148, 24, 18, 0, 1, 5, '2018-08-20', '2018-08-20', '', 0, 0, NULL),
(22, 148, 48, 18, 0, 1, 5, '2018-08-20', '2018-08-20', '', 0, 0, NULL),
(23, 149, 66, NULL, 0, 1, 5, '2018-08-20', '2018-08-20', '', 0, 0, NULL),
(24, 155, 88, 37, 0, 1, 6, '2018-08-20', '2018-08-20', '', 0, 0, NULL),
(25, 163, 6, 8, 0, 1, 1, '2018-08-21', '2018-08-21', '', 0, 0, NULL),
(26, 169, 33, NULL, 0, 1, 5, '2018-08-22', '2018-08-22', '', 0, 0, NULL),
(27, 169, 36, NULL, 0, 1, 5, '2018-08-22', '2018-08-22', '', 0, 0, NULL),
(28, 169, 43, NULL, 0, 1, 5, '2018-08-22', '2018-08-22', '', 0, 0, NULL),
(29, 170, 33, NULL, 0, 1, 5, '2018-08-22', '2018-08-22', '', 0, 0, NULL),
(30, 170, 36, NULL, 0, 1, 5, '2018-08-22', '2018-08-22', '', 0, 0, NULL),
(31, 170, 43, NULL, 0, 1, 5, '2018-08-22', '2018-08-22', '', 0, 0, NULL),
(32, 172, 60, NULL, 0, 1, 5, '2018-08-22', '2018-08-22', '', 0, 0, NULL),
(33, 172, 61, NULL, 0, 1, 5, '2018-08-22', '2018-08-22', '', 0, 0, NULL),
(34, 172, 84, NULL, 0, 1, 5, '2018-08-22', '2018-08-22', '', 0, 0, NULL),
(35, 173, 6, 7, 0, 1, 1, '2018-08-22', '2018-08-22', '', 0, 0, NULL),
(36, 179, 6, 7, 0, 1, 1, '2018-08-22', '2018-08-22', '', 0, 0, NULL),
(37, 179, 20, 7, 0, 1, 1, '2018-08-22', '2018-08-22', '', 0, 0, NULL),
(38, 190, 6, 1, 0, 1, 1, '2018-08-23', '2018-08-23', '0.24', 1, 0, NULL),
(39, 191, 6, 1, 0, 1, 1, '2018-08-23', '2018-08-23', '12', 120, 0, NULL),
(40, 192, 6, 1, 0, 1, 1, '2018-08-23', '2018-08-23', '12', 120, 0, NULL),
(41, 193, 6, 7, 0, 1, 1, '2018-08-23', '2018-08-23', '12', 120, 0, NULL),
(42, 195, 6, 7, 0, 1, 1, '2018-08-23', '2018-08-23', '12', 120, 0, NULL),
(44, 212, 20, 1, 0, 1, 1, '2018-08-23', '2018-08-23', '20', 200, 0, NULL),
(48, 224, 141, NULL, 1, 1, 6, '2018-08-24', '2018-08-24', '0', 110, 0, NULL),
(49, 224, 142, NULL, 1, 1, 6, '2018-08-24', '2018-08-24', '0', 110, 0, NULL),
(50, 228, 24, NULL, 0, 1, 5, '2018-08-24', '2018-08-24', '0', 40, 0, NULL),
(51, 228, 61, NULL, 0, 1, 5, '2018-08-24', '2018-08-24', '0', 40, 0, NULL),
(52, 231, 6, 1, 0, 1, 1, '2018-08-24', '2018-08-24', '6.66', 120, 0, NULL),
(53, 245, 20, 1, 0, 1, 1, '2018-08-24', '2018-08-24', '40', 200, 0, NULL),
(54, 246, 57, NULL, 1, 1, 5, '2018-08-25', '2018-08-25', '0', 60, 0, NULL),
(55, 256, 65, NULL, 1, 1, 5, '2018-08-25', '2018-08-25', '0', 35, 0, NULL),
(56, 262, 108, NULL, 1, 1, 6, '2018-08-25', '2018-08-25', '0', 20, 0, NULL),
(57, 275, 6, 10, 0, 1, 1, '2018-08-25', '2018-08-25', '18', 120, 0, NULL),
(58, 287, 63, 81, 0, 1, 5, '2018-08-25', '2018-08-25', '12', 60, 0, NULL),
(59, 287, 156, 81, 0, 1, 5, '2018-08-25', '2018-08-25', '12', 60, 0, NULL),
(61, 305, 20, NULL, 0, 1, 1, '2018-08-26', '2018-08-26', '0', 226, 0, NULL),
(62, 305, 83, NULL, 0, 1, 1, '2018-08-26', '2018-08-26', '0', 226, 0, NULL),
(63, 307, 6, 1, 0, 1, 1, '2018-08-26', '2018-08-26', '32', 320, 0, NULL),
(64, 307, 20, 1, 0, 1, 1, '2018-08-26', '2018-08-26', '32', 320, 1, NULL),
(65, 311, 107, 10, 0, 1, 1, '2018-08-26', '2018-08-26', '0', 80, 0, NULL),
(66, 316, 68, NULL, 0, 1, 5, '2018-08-27', '2018-08-27', '0', 20, 0, NULL),
(67, 319, 60, NULL, 0, 1, 5, '2018-08-27', '2018-08-27', '0', 70, 0, NULL),
(68, 319, 84, NULL, 0, 1, 5, '2018-08-27', '2018-08-27', '0', 70, 0, NULL),
(69, 320, 65, NULL, 1, 1, 5, '2018-08-27', '2018-08-27', '0', 35, 0, NULL),
(70, 334, 6, 10, 1, 1, 1, '2018-08-27', '2018-08-27', '18', 120, 0, NULL),
(71, 356, 60, NULL, 1, 1, 5, '2018-08-27', '2018-08-27', '0', 45, 0, NULL),
(72, 356, 61, NULL, 1, 1, 5, '2018-08-27', '2018-08-27', '0', 45, 0, NULL),
(73, 361, 62, 81, 0, 1, 5, '2018-08-27', '2018-08-27', '4', 20, 0, NULL),
(74, 363, 108, 37, 0, 1, 6, '2018-08-27', '2018-08-27', '0', 20, 0, NULL),
(75, 368, 20, 82, 0, 1, 1, '2018-08-27', '2018-08-27', '40', 200, 0, NULL),
(79, 373, 158, NULL, 0, 5, 10, '2018-08-27', '2018-08-27', '0', 72, 0, NULL),
(80, 375, 65, NULL, 0, 1, 5, '2018-08-28', '2018-08-28', '0', 35, 0, NULL);

-- --------------------------------------------------------

--
-- Estructura de tabla para la tabla `atencion_profesionales_servicios`
--

CREATE TABLE `atencion_profesionales_servicios` (
  `id` int(11) NOT NULL,
  `id_atencion` int(11) NOT NULL,
  `id_servicio` int(11) NOT NULL,
  `id_profesional` int(11) DEFAULT NULL,
  `pagado` int(11) NOT NULL DEFAULT '0',
  `id_empresa` int(11) NOT NULL,
  `id_sucursal` int(11) NOT NULL,
  `created_at` date NOT NULL,
  `updated_at` date NOT NULL,
  `porcentaje` varchar(200) NOT NULL,
  `montoser` int(11) NOT NULL,
  `status_redactar_resultados` tinyint(1) NOT NULL DEFAULT '0',
  `recibo` varchar(200) DEFAULT NULL
) ENGINE=InnoDB DEFAULT CHARSET=latin1;

--
-- Volcado de datos para la tabla `atencion_profesionales_servicios`
--

INSERT INTO `atencion_profesionales_servicios` (`id`, `id_atencion`, `id_servicio`, `id_profesional`, `pagado`, `id_empresa`, `id_sucursal`, `created_at`, `updated_at`, `porcentaje`, `montoser`, `status_redactar_resultados`, `recibo`) VALUES
(11, 89, 5, 1, 1, 1, 1, '2018-08-18', '2018-08-18', '', 0, 0, NULL),
(12, 89, 8, 1, 0, 1, 1, '2018-08-18', '2018-08-18', '', 0, 0, NULL),
(13, 90, 5, 1, 0, 1, 1, '2018-08-18', '2018-08-18', '', 0, 0, NULL),
(14, 91, 23, 10, 0, 1, 1, '2018-08-18', '2018-08-18', '', 0, 0, NULL),
(15, 92, 23, 10, 0, 1, 1, '2018-08-18', '2018-08-18', '', 0, 0, NULL),
(16, 92, 26, 10, 1, 1, 1, '2018-08-18', '2018-08-20', '', 0, 0, NULL),
(17, 93, 31, 12, 0, 1, 6, '2018-08-18', '2018-08-18', '', 0, 0, NULL),
(18, 94, 27, 22, 0, 1, 6, '2018-08-18', '2018-08-18', '', 0, 0, NULL),
(19, 95, 39, 11, 0, 1, 5, '2018-08-18', '2018-08-18', '', 0, 0, NULL),
(20, 96, 10, 11, 0, 1, 5, '2018-08-18', '2018-08-18', '', 0, 0, NULL),
(21, 97, 32, 12, 0, 1, 6, '2018-08-18', '2018-08-18', '', 0, 0, NULL),
(22, 98, 10, 11, 0, 1, 5, '2018-08-18', '2018-08-18', '', 0, 0, NULL),
(23, 99, 20, 11, 0, 1, 5, '2018-08-18', '2018-08-18', '', 0, 0, NULL),
(24, 100, 33, 20, 0, 1, 6, '2018-08-18', '2018-08-18', '', 0, 0, NULL),
(25, 101, 31, 30, 0, 1, 6, '2018-08-18', '2018-08-18', '', 0, 0, NULL),
(26, 102, 20, 11, 0, 1, 5, '2018-08-18', '2018-08-18', '', 0, 0, NULL),
(27, 104, 36, 12, 0, 1, 6, '2018-08-18', '2018-08-18', '', 0, 0, NULL),
(28, 105, 10, 11, 0, 1, 5, '2018-08-18', '2018-08-18', '', 0, 0, NULL),
(29, 106, 27, 20, 0, 1, 6, '2018-08-18', '2018-08-18', '', 0, 0, NULL),
(30, 107, 37, 29, 0, 1, 6, '2018-08-18', '2018-08-18', '', 0, 0, NULL),
(31, 108, 38, 12, 0, 1, 6, '2018-08-18', '2018-08-18', '', 0, 0, NULL),
(32, 109, 41, 12, 0, 1, 6, '2018-08-18', '2018-08-18', '', 0, 0, NULL),
(33, 110, 36, 12, 0, 1, 6, '2018-08-18', '2018-08-18', '', 0, 0, NULL),
(34, 112, 40, 12, 0, 1, 6, '2018-08-18', '2018-08-18', '', 0, 0, NULL),
(35, 113, 12, 11, 0, 1, 5, '2018-08-18', '2018-08-18', '', 0, 0, NULL),
(36, 114, 12, 11, 0, 1, 5, '2018-08-18', '2018-08-18', '', 0, 0, NULL),
(37, 115, 20, 11, 0, 1, 5, '2018-08-18', '2018-08-18', '', 0, 0, NULL),
(38, 116, 15, 11, 0, 1, 5, '2018-08-19', '2018-08-19', '', 0, 0, NULL),
(39, 116, 19, 11, 0, 1, 5, '2018-08-19', '2018-08-19', '', 0, 0, NULL),
(40, 117, 8, 10, 0, 1, 1, '2018-08-19', '2018-08-19', '', 0, 0, NULL),
(41, 118, 5, 9, 0, 1, 1, '2018-08-20', '2018-08-20', '', 0, 0, NULL),
(42, 118, 8, 9, 1, 1, 1, '2018-08-20', '2018-08-20', '', 0, 0, NULL),
(43, 119, 5, 8, 0, 1, 1, '2018-08-20', '2018-08-20', '', 0, 0, NULL),
(44, 119, 25, 8, 1, 1, 1, '2018-08-20', '2018-08-20', '', 0, 0, NULL),
(45, 120, 10, NULL, 0, 1, 5, '2018-08-20', '2018-08-20', '', 0, 0, NULL),
(46, 121, 17, NULL, 0, 1, 5, '2018-08-20', '2018-08-20', '', 0, 0, NULL),
(47, 122, 31, NULL, 0, 1, 6, '2018-08-20', '2018-08-20', '', 0, 0, NULL),
(48, 123, 9, 31, 1, 1, 5, '2018-08-20', '2018-08-21', '', 0, 0, NULL),
(49, 123, 13, 31, 0, 1, 5, '2018-08-20', '2018-08-20', '', 0, 0, NULL),
(50, 123, 16, 31, 0, 1, 5, '2018-08-20', '2018-08-20', '', 0, 0, NULL),
(51, 124, 31, 32, 0, 1, 6, '2018-08-20', '2018-08-20', '', 0, 0, NULL),
(52, 126, 28, 34, 0, 1, 6, '2018-08-20', '2018-08-20', '', 0, 0, NULL),
(53, 126, 38, 34, 0, 1, 6, '2018-08-20', '2018-08-20', '', 0, 0, NULL),
(54, 127, 9, 35, 0, 1, 5, '2018-08-20', '2018-08-20', '', 0, 0, NULL),
(55, 128, 21, NULL, 0, 1, 5, '2018-08-20', '2018-08-20', '', 0, 0, NULL),
(56, 129, 10, NULL, 0, 1, 5, '2018-08-20', '2018-08-20', '', 0, 0, NULL),
(57, 130, 17, 31, 0, 1, 5, '2018-08-20', '2018-08-20', '', 0, 0, NULL),
(58, 131, 39, NULL, 0, 1, 5, '2018-08-20', '2018-08-20', '', 0, 0, NULL),
(59, 132, 31, 29, 0, 1, 6, '2018-08-20', '2018-08-20', '', 0, 0, NULL),
(60, 133, 31, 32, 0, 1, 6, '2018-08-20', '2018-08-20', '', 0, 0, NULL),
(61, 134, 31, 29, 0, 1, 6, '2018-08-20', '2018-08-20', '', 0, 0, NULL),
(62, 135, 12, NULL, 0, 1, 5, '2018-08-20', '2018-08-20', '', 0, 0, NULL),
(63, 136, 30, 21, 0, 1, 6, '2018-08-20', '2018-08-20', '', 0, 0, NULL),
(64, 137, 8, 1, 0, 1, 1, '2018-08-20', '2018-08-20', '', 0, 0, NULL),
(65, 138, 40, NULL, 0, 1, 6, '2018-08-20', '2018-08-20', '', 0, 0, NULL),
(66, 139, 9, 31, 0, 1, 5, '2018-08-20', '2018-08-20', '', 0, 0, NULL),
(67, 140, 12, NULL, 0, 1, 5, '2018-08-20', '2018-08-20', '', 0, 0, NULL),
(68, 141, 12, NULL, 0, 1, 5, '2018-08-20', '2018-08-20', '', 0, 0, NULL),
(69, 142, 27, NULL, 0, 1, 6, '2018-08-20', '2018-08-20', '', 0, 0, NULL),
(70, 143, 27, 36, 0, 1, 6, '2018-08-20', '2018-08-20', '', 0, 0, NULL),
(71, 144, 35, NULL, 0, 1, 5, '2018-08-20', '2018-08-20', '', 0, 0, NULL),
(72, 145, 27, 32, 0, 1, 6, '2018-08-20', '2018-08-20', '', 0, 0, NULL),
(73, 146, 9, NULL, 0, 1, 5, '2018-08-20', '2018-08-20', '', 0, 0, NULL),
(74, 147, 9, NULL, 0, 1, 5, '2018-08-20', '2018-08-20', '', 0, 0, NULL),
(75, 147, 21, NULL, 0, 1, 5, '2018-08-20', '2018-08-20', '', 0, 0, NULL),
(76, 148, 9, 18, 0, 1, 5, '2018-08-20', '2018-08-20', '', 0, 0, NULL),
(77, 150, 31, 28, 0, 1, 6, '2018-08-20', '2018-08-20', '', 0, 0, NULL),
(78, 151, 27, 34, 0, 1, 6, '2018-08-20', '2018-08-20', '', 0, 0, NULL),
(79, 152, 27, NULL, 0, 1, 6, '2018-08-20', '2018-08-20', '', 0, 0, NULL),
(80, 153, 27, NULL, 0, 1, 6, '2018-08-20', '2018-08-20', '', 0, 0, NULL),
(81, 154, 38, NULL, 0, 1, 6, '2018-08-20', '2018-08-20', '', 0, 0, NULL),
(82, 156, 12, NULL, 0, 1, 5, '2018-08-20', '2018-08-20', '', 0, 0, NULL),
(83, 157, 17, NULL, 0, 1, 5, '2018-08-20', '2018-08-20', '', 0, 0, NULL),
(84, 157, 21, NULL, 0, 1, 5, '2018-08-20', '2018-08-20', '', 0, 0, NULL),
(85, 158, 35, NULL, 0, 1, 5, '2018-08-21', '2018-08-21', '', 0, 0, NULL),
(86, 159, 35, NULL, 0, 1, 5, '2018-08-21', '2018-08-21', '', 0, 0, NULL),
(87, 160, 9, 38, 0, 1, 5, '2018-08-21', '2018-08-21', '', 0, 0, NULL),
(88, 161, 40, NULL, 0, 1, 6, '2018-08-21', '2018-08-21', '', 0, 0, NULL),
(89, 162, 12, NULL, 0, 1, 5, '2018-08-21', '2018-08-21', '', 0, 0, NULL),
(90, 163, 5, 8, 0, 1, 1, '2018-08-21', '2018-08-21', '', 0, 0, NULL),
(91, 163, 8, 8, 0, 1, 1, '2018-08-21', '2018-08-21', '', 0, 0, NULL),
(92, 164, 8, 1, 0, 1, 1, '2018-08-22', '2018-08-22', '', 0, 0, NULL),
(93, 165, 16, NULL, 0, 1, 5, '2018-08-22', '2018-08-22', '', 0, 0, NULL),
(94, 166, 13, NULL, 0, 1, 5, '2018-08-22', '2018-08-22', '', 0, 0, NULL),
(95, 166, 16, NULL, 0, 1, 5, '2018-08-22', '2018-08-22', '', 0, 0, NULL),
(96, 167, 10, NULL, 0, 1, 5, '2018-08-22', '2018-08-22', '', 0, 0, NULL),
(97, 168, 9, NULL, 0, 1, 5, '2018-08-22', '2018-08-22', '', 0, 0, NULL),
(98, 171, 16, NULL, 0, 1, 5, '2018-08-22', '2018-08-22', '', 0, 0, NULL),
(99, 173, 8, 7, 0, 1, 1, '2018-08-22', '2018-08-22', '', 0, 0, NULL),
(100, 173, 23, 7, 0, 1, 1, '2018-08-22', '2018-08-22', '', 0, 0, NULL),
(101, 174, 12, NULL, 0, 1, 5, '2018-08-22', '2018-08-22', '', 0, 0, NULL),
(102, 175, 12, NULL, 0, 1, 5, '2018-08-22', '2018-08-22', '', 0, 0, NULL),
(103, 176, 16, 18, 0, 1, 5, '2018-08-22', '2018-08-22', '', 0, 0, NULL),
(104, 176, 17, 18, 0, 1, 5, '2018-08-22', '2018-08-22', '', 0, 0, NULL),
(105, 177, 59, NULL, 0, 4, 8, '2018-08-22', '2018-08-22', '', 0, 0, NULL),
(106, 178, 59, NULL, 0, 4, 8, '2018-08-22', '2018-08-22', '', 0, 0, NULL),
(107, 179, 5, 7, 0, 1, 1, '2018-08-22', '2018-08-22', '', 0, 0, NULL),
(108, 179, 23, 7, 0, 1, 1, '2018-08-22', '2018-08-22', '', 0, 0, NULL),
(109, 180, 59, NULL, 0, 4, 8, '2018-08-22', '2018-08-22', '', 0, 0, NULL),
(110, 180, 64, NULL, 0, 4, 8, '2018-08-22', '2018-08-22', '', 0, 0, NULL),
(111, 181, 59, NULL, 0, 4, 8, '2018-08-22', '2018-08-22', '', 0, 0, NULL),
(112, 182, 59, NULL, 0, 4, 8, '2018-08-22', '2018-08-22', '', 0, 0, NULL),
(113, 183, 59, NULL, 0, 4, 8, '2018-08-22', '2018-08-22', '', 0, 0, NULL),
(114, 184, 92, NULL, 0, 4, 8, '2018-08-23', '2018-08-23', '', 0, 0, NULL),
(115, 185, 59, NULL, 0, 4, 8, '2018-08-23', '2018-08-23', '', 0, 0, NULL),
(116, 186, 59, NULL, 0, 4, 8, '2018-08-23', '2018-08-23', '', 0, 0, NULL),
(117, 187, 59, NULL, 0, 4, 8, '2018-08-23', '2018-08-23', '', 0, 0, NULL),
(118, 188, 8, 10, 0, 1, 1, '2018-08-23', '2018-08-23', '30', 60, 0, NULL),
(119, 189, 26, 7, 0, 1, 1, '2018-08-23', '2018-08-23', '0.3', 1, 0, NULL),
(120, 190, 5, 1, 0, 1, 1, '2018-08-23', '2018-08-23', '3.6', 180, 0, NULL),
(121, 191, 5, 1, 0, 1, 1, '2018-08-23', '2018-08-23', '24', 240, 0, NULL),
(122, 191, 8, 1, 0, 1, 1, '2018-08-23', '2018-08-23', '24', 240, 0, NULL),
(123, 192, 5, 1, 0, 1, 1, '2018-08-23', '2018-08-23', '36', 360, 0, NULL),
(124, 192, 23, 1, 0, 1, 1, '2018-08-23', '2018-08-23', '36', 360, 0, NULL),
(125, 193, 1, 7, 0, 1, 1, '2018-08-23', '2018-08-23', '20', 200, 0, NULL),
(126, 194, 62, 75, 0, 4, 8, '2018-08-23', '2018-08-23', '20', 100, 0, NULL),
(127, 195, 1, 7, 0, 1, 1, '2018-08-23', '2018-08-23', '20', 200, 0, NULL),
(128, 196, 10, 35, 0, 1, 5, '2018-08-23', '2018-08-23', '20', 40, 0, NULL),
(130, 200, 94, NULL, 0, 1, 6, '2018-08-23', '2018-08-23', '0', 40, 0, NULL),
(131, 201, 37, 32, 0, 1, 6, '2018-08-23', '2018-08-23', '0', 120, 0, NULL),
(132, 203, 10, 76, 0, 1, 5, '2018-08-23', '2018-08-23', '0', 40, 0, NULL),
(133, 204, 10, NULL, 0, 1, 5, '2018-08-23', '2018-08-23', '0', 40, 0, NULL),
(134, 205, 9, NULL, 0, 1, 5, '2018-08-23', '2018-08-23', '0', 60, 0, NULL),
(135, 206, 9, NULL, 0, 1, 5, '2018-08-23', '2018-08-23', '0', 60, 0, NULL),
(136, 207, 20, NULL, 1, 1, 5, '2018-08-23', '2018-08-27', '0', 40, 0, '89099'),
(137, 208, 10, NULL, 0, 1, 5, '2018-08-23', '2018-08-23', '0', 40, 0, NULL),
(138, 209, 31, NULL, 0, 1, 6, '2018-08-23', '2018-08-23', '0', 40, 0, NULL),
(139, 210, 27, NULL, 0, 1, 6, '2018-08-23', '2018-08-23', '0', 60, 0, NULL),
(140, 211, 27, NULL, 1, 1, 6, '2018-08-23', '2018-08-27', '0', 60, 0, '89099'),
(141, 212, 1, 1, 0, 1, 1, '2018-08-23', '2018-08-23', '20', 200, 0, NULL),
(147, 214, 40, NULL, 0, 1, 6, '2018-08-23', '2018-08-23', '0', 25, 0, NULL),
(149, 216, 8, 8, 0, 1, 1, '2018-08-23', '2018-08-23', '30', 60, 0, NULL),
(150, 217, 8, 10, 0, 1, 1, '2018-08-23', '2018-08-23', '30', 60, 0, NULL),
(151, 218, 23, 1, 0, 1, 1, '2018-08-23', '2018-08-23', '0', 180, 0, NULL),
(152, 219, 93, NULL, 0, 1, 6, '2018-08-24', '2018-08-24', '0', 20, 0, NULL),
(153, 220, 32, NULL, 0, 1, 6, '2018-08-24', '2018-08-24', '0', 45, 0, NULL),
(155, 222, 27, 32, 0, 1, 6, '2018-08-24', '2018-08-24', '0', 60, 0, NULL),
(156, 223, 9, NULL, 0, 1, 5, '2018-08-24', '2018-08-24', '0', 60, 0, NULL),
(157, 225, 27, 59, 0, 1, 6, '2018-08-24', '2018-08-24', '24', 60, 0, NULL),
(158, 226, 21, NULL, 0, 1, 5, '2018-08-24', '2018-08-24', '0', 20, 0, NULL),
(159, 227, 12, NULL, 0, 1, 5, '2018-08-24', '2018-08-24', '0', 25, 0, NULL),
(160, 229, 9, NULL, 0, 1, 5, '2018-08-24', '2018-08-24', '0', 60, 0, NULL),
(161, 230, 10, NULL, 0, 1, 5, '2018-08-24', '2018-08-24', '0', 40, 0, NULL),
(162, 231, 5, 1, 0, 1, 1, '2018-08-24', '2018-08-25', '18', 180, 1, NULL),
(163, 232, 29, NULL, 0, 1, 6, '2018-08-24', '2018-08-24', '0', 80, 0, NULL),
(164, 232, 38, NULL, 0, 1, 6, '2018-08-24', '2018-08-24', '0', 80, 0, NULL),
(165, 233, 31, NULL, 0, 1, 6, '2018-08-24', '2018-08-24', '0', 40, 0, NULL),
(166, 234, 98, NULL, 0, 1, 6, '2018-08-24', '2018-08-24', '0', 120, 0, NULL),
(167, 235, 94, NULL, 0, 1, 6, '2018-08-24', '2018-08-24', '0', 20, 0, NULL),
(168, 236, 35, NULL, 0, 1, 5, '2018-08-24', '2018-08-24', '0', 25, 0, NULL),
(169, 237, 9, NULL, 0, 1, 5, '2018-08-24', '2018-08-24', '0', 60, 0, NULL),
(170, 238, 10, NULL, 0, 1, 5, '2018-08-24', '2018-08-24', '0', 40, 0, NULL),
(171, 239, 12, NULL, 0, 1, 5, '2018-08-24', '2018-08-24', '0', 25, 0, NULL),
(172, 240, 9, 19, 0, 1, 5, '2018-08-24', '2018-08-24', '30', 60, 0, NULL),
(173, 241, 31, 79, 0, 1, 6, '2018-08-24', '2018-08-24', '16', 40, 0, NULL),
(175, 243, 27, 79, 0, 1, 6, '2018-08-24', '2018-08-24', '20', 50, 0, NULL),
(176, 244, 93, NULL, 0, 1, 6, '2018-08-24', '2018-08-24', '0', 20, 0, NULL),
(177, 245, 8, 1, 0, 1, 1, '2018-08-24', '2018-08-24', '30', 60, 0, NULL),
(178, 247, 10, NULL, 0, 1, 5, '2018-08-25', '2018-08-25', '0', 40, 0, NULL),
(179, 248, 20, NULL, 0, 1, 5, '2018-08-25', '2018-08-25', '0', 40, 0, NULL),
(180, 249, 9, 80, 0, 1, 5, '2018-08-25', '2018-08-25', '24', 60, 0, NULL),
(181, 250, 33, 30, 0, 1, 6, '2018-08-25', '2018-08-25', '18', 45, 0, NULL),
(182, 251, 31, 14, 0, 1, 6, '2018-08-25', '2018-08-25', '16', 40, 0, NULL),
(183, 252, 93, NULL, 0, 1, 6, '2018-08-25', '2018-08-25', '0', 20, 0, NULL),
(184, 253, 59, NULL, 0, 4, 8, '2018-08-25', '2018-08-25', '0', 20, 0, NULL),
(185, 254, 12, NULL, 0, 1, 5, '2018-08-25', '2018-08-25', '0', 20, 0, NULL),
(186, 255, 58, NULL, 0, 4, 8, '2018-08-25', '2018-08-25', '0', 100, 0, NULL),
(187, 256, 20, NULL, 0, 1, 5, '2018-08-25', '2018-08-25', '0', 40, 0, NULL),
(188, 257, 20, NULL, 0, 1, 5, '2018-08-25', '2018-08-25', '0', 40, 0, NULL),
(189, 258, 59, NULL, 0, 4, 8, '2018-08-25', '2018-08-25', '0', 20, 0, NULL),
(190, 259, 35, NULL, 0, 1, 5, '2018-08-25', '2018-08-25', '0', 25, 0, NULL),
(191, 260, 31, NULL, 0, 1, 6, '2018-08-25', '2018-08-25', '0', 40, 0, NULL),
(192, 261, 100, NULL, 0, 4, 8, '2018-08-25', '2018-08-25', '0', 50, 0, NULL),
(193, 263, 59, NULL, 0, 4, 8, '2018-08-25', '2018-08-25', '0', 20, 0, NULL),
(194, 264, 9, NULL, 0, 1, 5, '2018-08-25', '2018-08-25', '0', 60, 0, NULL),
(195, 265, 9, NULL, 0, 1, 5, '2018-08-25', '2018-08-25', '0', 60, 0, NULL),
(196, 266, 17, NULL, 0, 1, 5, '2018-08-25', '2018-08-25', '0', 40, 0, NULL),
(197, 267, 8, 7, 0, 1, 1, '2018-08-25', '2018-08-25', '12', 60, 0, NULL),
(198, 268, 64, NULL, 0, 4, 8, '2018-08-25', '2018-08-25', '0', 100, 0, NULL),
(199, 269, 10, NULL, 0, 1, 5, '2018-08-25', '2018-08-25', '0', 40, 0, NULL),
(200, 270, 10, NULL, 0, 1, 5, '2018-08-25', '2018-08-25', '0', 40, 0, NULL),
(201, 271, 58, NULL, 0, 4, 8, '2018-08-25', '2018-08-25', '0', 120, 0, NULL),
(202, 271, 59, NULL, 0, 4, 8, '2018-08-25', '2018-08-25', '0', 120, 0, NULL),
(203, 272, 62, NULL, 0, 4, 8, '2018-08-25', '2018-08-25', '0', 150, 0, NULL),
(204, 272, 76, NULL, 0, 4, 8, '2018-08-25', '2018-08-25', '0', 150, 0, NULL),
(205, 273, 27, NULL, 0, 1, 6, '2018-08-25', '2018-08-25', '0', 60, 0, NULL),
(206, 274, 12, NULL, 0, 1, 5, '2018-08-25', '2018-08-25', '0', 25, 0, NULL),
(207, 275, 8, 10, 0, 1, 1, '2018-08-25', '2018-08-25', '30', 60, 0, NULL),
(208, 276, 39, NULL, 0, 1, 5, '2018-08-25', '2018-08-25', '0', 25, 0, NULL),
(209, 277, 21, NULL, 0, 1, 5, '2018-08-25', '2018-08-25', '0', 15, 0, NULL),
(210, 278, 27, 34, 0, 1, 6, '2018-08-25', '2018-08-25', '40', 100, 0, NULL),
(211, 278, 28, 34, 0, 1, 6, '2018-08-25', '2018-08-25', '40', 100, 0, NULL),
(212, 279, 58, NULL, 0, 4, 8, '2018-08-25', '2018-08-25', '0', 80, 0, NULL),
(213, 280, 21, NULL, 0, 1, 5, '2018-08-25', '2018-08-25', '0', 15, 0, NULL),
(214, 281, 31, NULL, 0, 1, 6, '2018-08-25', '2018-08-25', '0', 40, 0, NULL),
(215, 282, 10, NULL, 0, 1, 5, '2018-08-25', '2018-08-25', '0', 40, 0, NULL),
(216, 283, 40, NULL, 0, 1, 6, '2018-08-25', '2018-08-25', '0', 25, 0, NULL),
(217, 284, 10, NULL, 0, 1, 5, '2018-08-25', '2018-08-25', '0', 40, 0, NULL),
(218, 285, 33, 30, 0, 1, 6, '2018-08-25', '2018-08-25', '18', 45, 0, NULL),
(219, 291, 20, NULL, 0, 1, 5, '2018-08-25', '2018-08-25', '0', 40, 0, NULL),
(220, 292, 31, NULL, 0, 1, 6, '2018-08-25', '2018-08-25', '0', 40, 0, NULL),
(221, 293, 12, NULL, 0, 1, 5, '2018-08-25', '2018-08-25', '0', 20, 0, NULL),
(222, 294, 12, NULL, 0, 1, 5, '2018-08-25', '2018-08-25', '0', 20, 0, NULL),
(223, 295, 61, NULL, 0, 4, 8, '2018-08-25', '2018-08-25', '0', 120, 0, NULL),
(224, 295, 103, NULL, 0, 4, 8, '2018-08-25', '2018-08-25', '0', 120, 0, NULL),
(225, 296, 64, NULL, 0, 4, 8, '2018-08-25', '2018-08-25', '0', 80, 0, NULL),
(226, 297, 61, NULL, 0, 4, 8, '2018-08-25', '2018-08-25', '0', 80, 0, NULL),
(227, 298, 9, NULL, 0, 1, 5, '2018-08-25', '2018-08-25', '0', 60, 0, NULL),
(228, 299, 81, NULL, 0, 4, 8, '2018-08-25', '2018-08-25', '0', 50, 0, NULL),
(229, 303, 8, 8, 0, 1, 1, '2018-08-26', '2018-08-26', '30', 60, 0, NULL),
(230, 307, 5, 1, 0, 1, 1, '2018-08-26', '2018-08-26', '24', 240, 1, NULL),
(231, 307, 8, 1, 0, 1, 1, '2018-08-26', '2018-08-26', '24', 240, 1, NULL),
(232, 308, 5, 1, 0, 1, 1, '2018-08-26', '2018-08-26', '42', 420, 0, NULL),
(233, 308, 8, 1, 0, 1, 1, '2018-08-26', '2018-08-26', '42', 420, 0, NULL),
(234, 308, 23, 1, 0, 1, 1, '2018-08-26', '2018-08-26', '42', 420, 0, NULL),
(235, 309, 23, 82, 0, 1, 1, '2018-08-26', '2018-08-26', '27', 270, 0, NULL),
(236, 309, 25, 82, 0, 1, 1, '2018-08-26', '2018-08-26', '27', 270, 0, NULL),
(237, 309, 26, 82, 0, 1, 1, '2018-08-26', '2018-08-26', '27', 270, 0, NULL),
(238, 310, 1, 1, 0, 1, 1, '2018-08-26', '2018-08-26', '38', 380, 0, NULL),
(239, 310, 5, 1, 0, 1, 1, '2018-08-26', '2018-08-26', '38', 380, 0, NULL),
(240, 311, 8, 10, 0, 1, 1, '2018-08-26', '2018-08-26', '0', 60, 0, NULL),
(241, 313, 12, NULL, 0, 1, 5, '2018-08-27', '2018-08-27', '0', 25, 0, NULL),
(242, 314, 17, NULL, 0, 1, 5, '2018-08-27', '2018-08-27', '0', 40, 0, NULL),
(243, 315, 58, NULL, 0, 4, 8, '2018-08-27', '2018-08-27', '0', 100, 0, NULL),
(244, 317, 57, NULL, 0, 4, 8, '2018-08-27', '2018-08-27', '0', 35, 0, NULL),
(245, 318, 61, NULL, 0, 4, 8, '2018-08-27', '2018-08-27', '0', 80, 0, NULL),
(246, 319, 15, NULL, 0, 1, 5, '2018-08-27', '2018-08-27', '0', 120, 0, NULL),
(247, 320, 21, NULL, 0, 1, 5, '2018-08-27', '2018-08-27', '0', 20, 0, NULL),
(248, 321, 16, NULL, 0, 1, 5, '2018-08-27', '2018-08-27', '0', 45, 0, NULL),
(249, 322, 16, 31, 0, 1, 5, '2018-08-27', '2018-08-27', '0', 45, 0, NULL),
(250, 323, 9, 83, 0, 1, 5, '2018-08-27', '2018-08-27', '0', 60, 0, NULL),
(251, 324, 100, NULL, 0, 4, 8, '2018-08-27', '2018-08-27', '0', 50, 0, NULL),
(252, 325, 10, NULL, 0, 1, 5, '2018-08-27', '2018-08-27', '0', 40, 0, NULL),
(253, 326, 105, NULL, 0, 4, 8, '2018-08-27', '2018-08-27', '0', 80, 0, NULL),
(254, 327, 12, NULL, 0, 1, 5, '2018-08-27', '2018-08-27', '0', 25, 0, NULL),
(255, 328, 64, NULL, 0, 4, 8, '2018-08-27', '2018-08-27', '0', 80, 0, NULL),
(256, 329, 10, NULL, 0, 1, 5, '2018-08-27', '2018-08-27', '0', 40, 0, NULL),
(257, 330, 12, NULL, 0, 1, 5, '2018-08-27', '2018-08-27', '0', 25, 0, NULL),
(258, 331, 12, NULL, 0, 1, 5, '2018-08-27', '2018-08-27', '0', 25, 0, NULL),
(259, 332, 27, NULL, 0, 1, 6, '2018-08-27', '2018-08-27', '0', 100, 0, NULL),
(260, 332, 94, NULL, 0, 1, 6, '2018-08-27', '2018-08-27', '0', 100, 0, NULL),
(261, 333, 94, NULL, 0, 1, 6, '2018-08-27', '2018-08-27', '0', 40, 0, NULL),
(262, 334, 8, 10, 0, 1, 1, '2018-08-27', '2018-08-27', '120', 240, 0, NULL),
(263, 334, 23, 10, 0, 1, 1, '2018-08-27', '2018-08-27', '120', 240, 0, NULL),
(264, 335, 27, NULL, 0, 1, 6, '2018-08-27', '2018-08-27', '0', 60, 0, NULL),
(265, 336, 9, NULL, 0, 1, 5, '2018-08-27', '2018-08-27', '0', 60, 0, NULL),
(267, 338, 27, NULL, 0, 1, 6, '2018-08-27', '2018-08-27', '0', 60, 0, NULL),
(268, 339, 59, NULL, 0, 4, 8, '2018-08-27', '2018-08-27', '0', 20, 0, NULL),
(269, 340, 17, NULL, 0, 1, 5, '2018-08-27', '2018-08-27', '0', 40, 0, NULL),
(270, 341, 10, NULL, 0, 1, 5, '2018-08-27', '2018-08-27', '0', 40, 0, NULL),
(271, 342, 27, 84, 0, 1, 6, '2018-08-27', '2018-08-27', '22', 55, 0, NULL),
(272, 343, 58, NULL, 0, 4, 8, '2018-08-27', '2018-08-27', '0', 100, 0, NULL),
(273, 344, 12, NULL, 0, 1, 5, '2018-08-27', '2018-08-27', '0', 20, 0, NULL),
(274, 345, 59, NULL, 0, 4, 8, '2018-08-27', '2018-08-27', '0', 70, 0, NULL),
(275, 345, 103, NULL, 0, 4, 8, '2018-08-27', '2018-08-27', '0', 70, 0, NULL),
(276, 346, 40, NULL, 0, 1, 6, '2018-08-27', '2018-08-27', '0', 25, 0, NULL),
(277, 347, 31, 62, 0, 1, 6, '2018-08-27', '2018-08-27', '16', 40, 0, NULL),
(278, 348, 40, NULL, 0, 1, 6, '2018-08-27', '2018-08-27', '0', 25, 0, NULL),
(279, 349, 35, NULL, 0, 1, 5, '2018-08-27', '2018-08-27', '0', 25, 0, NULL),
(280, 350, 9, NULL, 0, 1, 5, '2018-08-27', '2018-08-27', '0', 60, 0, NULL),
(281, 351, 10, NULL, 0, 1, 5, '2018-08-27', '2018-08-27', '0', 40, 0, NULL),
(282, 352, 21, NULL, 0, 1, 5, '2018-08-27', '2018-08-27', '0', 20, 0, NULL),
(283, 353, 10, NULL, 0, 1, 5, '2018-08-27', '2018-08-27', '0', 40, 0, NULL),
(284, 354, 64, NULL, 0, 4, 8, '2018-08-27', '2018-08-27', '0', 100, 0, NULL),
(285, 355, 13, 19, 0, 1, 5, '2018-08-27', '2018-08-27', '16', 40, 0, NULL),
(286, 357, 10, NULL, 0, 1, 5, '2018-08-27', '2018-08-27', '0', 40, 0, NULL),
(287, 358, 61, NULL, 0, 4, 8, '2018-08-27', '2018-08-27', '0', 100, 0, NULL),
(288, 359, 16, 81, 0, 1, 5, '2018-08-27', '2018-08-27', '18', 45, 0, NULL),
(289, 360, 27, 37, 0, 1, 6, '2018-08-27', '2018-08-27', '24', 60, 0, NULL),
(290, 362, 10, NULL, 0, 1, 5, '2018-08-27', '2018-08-27', '0', 40, 0, NULL),
(291, 364, 61, NULL, 0, 4, 8, '2018-08-27', '2018-08-27', '0', 130, 0, NULL),
(292, 364, 76, NULL, 0, 4, 8, '2018-08-27', '2018-08-27', '0', 130, 0, NULL),
(293, 365, 61, NULL, 0, 4, 8, '2018-08-27', '2018-08-27', '0', 80, 0, NULL),
(294, 366, 14, 19, 0, 1, 5, '2018-08-27', '2018-08-27', '18', 45, 0, NULL),
(295, 367, 81, 75, 0, 4, 8, '2018-08-27', '2018-08-27', '0', 45, 0, NULL),
(296, 368, 8, 82, 0, 1, 1, '2018-08-27', '2018-08-27', '30', 60, 0, NULL),
(297, 369, 112, NULL, 0, 4, 8, '2018-08-27', '2018-08-27', '112.5', 150, 0, NULL),
(298, 374, 113, NULL, 0, 1, 5, '2018-08-28', '2018-08-28', '0', 350, 0, NULL),
(299, 376, 31, NULL, 0, 1, 6, '2018-08-28', '2018-08-28', '0', 40, 0, NULL);

-- --------------------------------------------------------

--
-- Estructura de tabla para la tabla `atencion_servicios`
--

CREATE TABLE `atencion_servicios` (
  `id` int(11) NOT NULL,
  `id_atencion` int(11) NOT NULL,
  `id_servicio` int(11) NOT NULL,
  `pagado` int(1) DEFAULT '0',
  `id_empresa` int(11) NOT NULL,
  `id_sucursal` int(11) NOT NULL,
  `status_redactar_resultados` tinyint(1) NOT NULL DEFAULT '0',
  `created_at` date NOT NULL,
  `updated_at` date NOT NULL,
  `id_profesional` int(11) DEFAULT NULL,
  `porcentaje` varchar(200) NOT NULL,
  `montoser` int(11) NOT NULL,
  `origen` varchar(200) NOT NULL,
  `recibo` varchar(200) DEFAULT NULL
) ENGINE=InnoDB DEFAULT CHARSET=latin1;

--
-- Volcado de datos para la tabla `atencion_servicios`
--

INSERT INTO `atencion_servicios` (`id`, `id_atencion`, `id_servicio`, `pagado`, `id_empresa`, `id_sucursal`, `status_redactar_resultados`, `created_at`, `updated_at`, `id_profesional`, `porcentaje`, `montoser`, `origen`, `recibo`) VALUES
(6, 21, 7, NULL, 1, 1, 0, '2018-08-03', '2018-08-03', 0, '', 0, '', NULL),
(7, 22, 7, NULL, 1, 1, 0, '2018-08-03', '2018-08-03', 0, '', 0, '', NULL),
(8, 22, 8, NULL, 1, 1, 0, '2018-08-03', '2018-08-03', 0, '', 0, '', NULL),
(9, 26, 6, NULL, 1, 1, 0, '2018-08-05', '2018-08-05', 0, '', 0, '', NULL),
(10, 26, 7, NULL, 1, 1, 0, '2018-08-05', '2018-08-05', 0, '', 0, '', NULL),
(11, 26, 8, NULL, 1, 1, 0, '2018-08-05', '2018-08-05', 0, '', 0, '', NULL),
(12, 28, 7, NULL, 1, 1, 0, '2018-08-07', '2018-08-07', 0, '', 0, '', NULL),
(13, 28, 8, NULL, 1, 1, 0, '2018-08-07', '2018-08-07', 0, '', 0, '', NULL),
(14, 34, 1, NULL, 1, 1, 0, '2018-08-08', '2018-08-08', 0, '', 0, '', NULL),
(15, 34, 5, NULL, 1, 1, 1, '2018-08-08', '2018-08-20', 0, '', 0, '', NULL),
(16, 34, 7, NULL, 1, 1, 0, '2018-08-08', '2018-08-08', 0, '', 0, '', NULL),
(17, 35, 5, NULL, 1, 1, 0, '2018-08-08', '2018-08-08', 0, '', 0, '', NULL),
(18, 35, 7, NULL, 1, 1, 0, '2018-08-08', '2018-08-08', 0, '', 0, '', NULL),
(19, 36, 5, NULL, 1, 1, 0, '2018-08-08', '2018-08-08', 0, '', 0, '', NULL),
(20, 37, 7, NULL, 1, 1, 0, '2018-08-08', '2018-08-08', 0, '', 0, '', NULL),
(21, 37, 8, NULL, 1, 1, 0, '2018-08-08', '2018-08-08', 0, '', 0, '', NULL),
(22, 38, 9, NULL, 1, 5, 0, '2018-08-08', '2018-08-08', 0, '', 0, '', NULL),
(23, 39, 9, NULL, 1, 5, 0, '2018-08-08', '2018-08-08', 0, '', 0, '', NULL),
(24, 40, 9, NULL, 1, 5, 0, '2018-08-08', '2018-08-08', 0, '', 0, '', NULL),
(25, 41, 1, NULL, 1, 1, 0, '2018-08-08', '2018-08-08', 0, '', 0, '', NULL),
(26, 43, 1, NULL, 1, 1, 0, '2018-08-13', '2018-08-13', 0, '', 0, '', NULL),
(27, 43, 5, NULL, 1, 1, 0, '2018-08-13', '2018-08-13', 0, '', 0, '', NULL),
(28, 45, 7, NULL, 1, 1, 0, '2018-08-14', '2018-08-14', 0, '', 0, '', NULL),
(29, 46, 7, NULL, 1, 1, 0, '2018-08-14', '2018-08-14', 0, '', 0, '', NULL),
(30, 47, 7, NULL, 1, 1, 0, '2018-08-14', '2018-08-14', 0, '', 0, '', NULL),
(31, 48, 9, NULL, 1, 5, 0, '2018-08-14', '2018-08-14', 0, '', 0, '', NULL),
(32, 51, 9, NULL, 1, 5, 0, '2018-08-15', '2018-08-15', 0, '', 0, '', NULL),
(33, 52, 9, NULL, 1, 5, 0, '2018-08-15', '2018-08-15', 0, '', 0, '', NULL),
(34, 53, 12, NULL, 1, 5, 0, '2018-08-15', '2018-08-15', 0, '', 0, '', NULL),
(35, 57, 9, NULL, 1, 5, 0, '2018-08-15', '2018-08-15', 0, '', 0, '', NULL),
(36, 58, 9, NULL, 1, 5, 0, '2018-08-15', '2018-08-15', 0, '', 0, '', NULL),
(37, 59, 1, NULL, 1, 1, 0, '2018-08-15', '2018-08-15', 0, '', 0, '', NULL),
(38, 60, 16, NULL, 1, 5, 0, '2018-08-15', '2018-08-15', 0, '', 0, '', NULL),
(39, 62, 5, NULL, 1, 1, 0, '2018-08-17', '2018-08-17', 0, '', 0, '', NULL),
(40, 62, 8, NULL, 1, 1, 0, '2018-08-17', '2018-08-17', 0, '', 0, '', NULL),
(41, 63, 8, NULL, 1, 1, 0, '2018-08-17', '2018-08-17', 0, '', 0, '', NULL),
(42, 63, 26, NULL, 1, 1, 0, '2018-08-17', '2018-08-17', 0, '', 0, '', NULL),
(43, 64, 8, NULL, 1, 1, 0, '2018-08-17', '2018-08-17', 0, '', 0, '', NULL),
(44, 65, 5, NULL, 1, 1, 0, '2018-08-17', '2018-08-17', 0, '', 0, '', NULL),
(45, 66, 23, NULL, 1, 1, 0, '2018-08-17', '2018-08-17', 0, '', 0, '', NULL),
(46, 67, 1, NULL, 1, 1, 0, '2018-08-17', '2018-08-17', 0, '', 0, '', NULL),
(47, 67, 25, NULL, 1, 1, 0, '2018-08-17', '2018-08-17', 0, '', 0, '', NULL),
(48, 68, 1, NULL, 1, 1, 0, '2018-08-17', '2018-08-17', 0, '', 0, '', NULL),
(49, 68, 25, NULL, 1, 1, 0, '2018-08-17', '2018-08-17', 0, '', 0, '', NULL),
(50, 69, 1, NULL, 1, 1, 0, '2018-08-17', '2018-08-17', 0, '', 0, '', NULL),
(51, 70, 8, NULL, 1, 1, 0, '2018-08-17', '2018-08-17', 0, '', 0, '', NULL),
(52, 70, 25, NULL, 1, 1, 0, '2018-08-17', '2018-08-17', 0, '', 0, '', NULL),
(53, 71, 5, NULL, 1, 1, 0, '2018-08-17', '2018-08-17', 0, '', 0, '', NULL),
(54, 71, 25, NULL, 1, 1, 0, '2018-08-17', '2018-08-17', 0, '', 0, '', NULL),
(55, 72, 23, NULL, 1, 1, 0, '2018-08-17', '2018-08-17', 0, '', 0, '', NULL),
(56, 73, 8, NULL, 1, 1, 0, '2018-08-17', '2018-08-17', 0, '', 0, '', NULL),
(57, 76, 5, NULL, 1, 1, 0, '2018-08-18', '2018-08-18', 0, '', 0, '', NULL),
(58, 76, 8, NULL, 1, 1, 0, '2018-08-18', '2018-08-18', 0, '', 0, '', NULL),
(59, 80, 5, NULL, 1, 1, 0, '2018-08-18', '2018-08-18', 0, '', 0, '', NULL),
(60, 82, 33, NULL, 1, 6, 0, '2018-08-18', '2018-08-18', 0, '', 0, '', NULL),
(61, 83, 33, NULL, 1, 6, 0, '2018-08-18', '2018-08-18', 0, '', 0, '', NULL),
(62, 85, 32, NULL, 1, 6, 0, '2018-08-18', '2018-08-18', 0, '', 0, '', NULL),
(63, 86, 39, NULL, 1, 5, 0, '2018-08-18', '2018-08-18', 0, '', 0, '', NULL),
(64, 88, 5, NULL, 1, 1, 1, '2018-08-18', '2018-08-18', 0, '', 0, '', NULL),
(65, 89, 5, NULL, 1, 1, 0, '2018-08-18', '2018-08-18', 0, '', 0, '', NULL),
(66, 89, 8, NULL, 1, 1, 0, '2018-08-18', '2018-08-18', 0, '', 0, '', NULL),
(67, 90, 5, NULL, 1, 1, 1, '2018-08-18', '2018-08-19', 0, '', 0, '', NULL),
(68, 91, 23, NULL, 1, 1, 0, '2018-08-18', '2018-08-18', 0, '', 0, '', NULL),
(69, 92, 23, NULL, 1, 1, 0, '2018-08-18', '2018-08-18', 0, '', 0, '', NULL),
(70, 92, 26, NULL, 1, 1, 0, '2018-08-18', '2018-08-18', 0, '', 0, '', NULL),
(71, 93, 31, NULL, 1, 6, 0, '2018-08-18', '2018-08-18', 0, '', 0, '', NULL),
(72, 94, 27, NULL, 1, 6, 0, '2018-08-18', '2018-08-18', 0, '', 0, '', NULL),
(73, 95, 39, NULL, 1, 5, 0, '2018-08-18', '2018-08-18', 0, '', 0, '', NULL),
(74, 96, 10, NULL, 1, 5, 0, '2018-08-18', '2018-08-18', 0, '', 0, '', NULL),
(75, 97, 32, NULL, 1, 6, 0, '2018-08-18', '2018-08-18', 0, '', 0, '', NULL),
(76, 98, 10, NULL, 1, 5, 0, '2018-08-18', '2018-08-18', 0, '', 0, '', NULL),
(77, 99, 20, NULL, 1, 5, 0, '2018-08-18', '2018-08-18', 0, '', 0, '', NULL),
(78, 100, 33, NULL, 1, 6, 0, '2018-08-18', '2018-08-18', 0, '', 0, '', NULL),
(79, 101, 31, NULL, 1, 6, 0, '2018-08-18', '2018-08-18', 0, '', 0, '', NULL),
(80, 102, 20, NULL, 1, 5, 0, '2018-08-18', '2018-08-18', 0, '', 0, '', NULL),
(81, 104, 36, NULL, 1, 6, 0, '2018-08-18', '2018-08-18', 0, '', 0, '', NULL),
(82, 105, 10, NULL, 1, 5, 0, '2018-08-18', '2018-08-18', 0, '', 0, '', NULL),
(83, 106, 27, NULL, 1, 6, 0, '2018-08-18', '2018-08-18', 0, '', 0, '', NULL),
(84, 107, 37, NULL, 1, 6, 0, '2018-08-18', '2018-08-18', 0, '', 0, '', NULL),
(85, 108, 38, NULL, 1, 6, 0, '2018-08-18', '2018-08-18', 0, '', 0, '', NULL),
(86, 109, 41, NULL, 1, 6, 0, '2018-08-18', '2018-08-18', 0, '', 0, '', NULL),
(87, 110, 36, NULL, 1, 6, 0, '2018-08-18', '2018-08-18', 0, '', 0, '', NULL),
(88, 112, 40, NULL, 1, 6, 0, '2018-08-18', '2018-08-18', 0, '', 0, '', NULL),
(89, 113, 12, NULL, 1, 5, 0, '2018-08-18', '2018-08-18', 0, '', 0, '', NULL),
(90, 114, 12, NULL, 1, 5, 0, '2018-08-18', '2018-08-18', 0, '', 0, '', NULL),
(91, 115, 20, NULL, 1, 5, 0, '2018-08-18', '2018-08-18', 0, '', 0, '', NULL),
(92, 116, 15, NULL, 1, 5, 0, '2018-08-19', '2018-08-19', 0, '', 0, '', NULL),
(93, 116, 19, NULL, 1, 5, 0, '2018-08-19', '2018-08-19', 0, '', 0, '', NULL),
(94, 117, 8, NULL, 1, 1, 0, '2018-08-19', '2018-08-19', 0, '', 0, '', NULL),
(95, 118, 5, NULL, 1, 1, 1, '2018-08-20', '2018-08-20', 0, '', 0, '', NULL),
(96, 118, 8, NULL, 1, 1, 0, '2018-08-20', '2018-08-20', 0, '', 0, '', NULL),
(97, 119, 5, NULL, 1, 1, 0, '2018-08-20', '2018-08-20', 0, '', 0, '', NULL),
(98, 119, 25, NULL, 1, 1, 0, '2018-08-20', '2018-08-20', 0, '', 0, '', NULL),
(99, 120, 10, NULL, 1, 5, 0, '2018-08-20', '2018-08-20', 0, '', 0, '', NULL),
(100, 121, 17, NULL, 1, 5, 0, '2018-08-20', '2018-08-20', 0, '', 0, '', NULL),
(101, 122, 31, NULL, 1, 6, 0, '2018-08-20', '2018-08-20', 0, '', 0, '', NULL),
(102, 123, 9, NULL, 1, 5, 0, '2018-08-20', '2018-08-20', 0, '', 0, '', NULL),
(103, 123, 13, NULL, 1, 5, 0, '2018-08-20', '2018-08-20', 0, '', 0, '', NULL),
(104, 123, 16, NULL, 1, 5, 0, '2018-08-20', '2018-08-20', 0, '', 0, '', NULL),
(105, 124, 31, NULL, 1, 6, 0, '2018-08-20', '2018-08-20', 0, '', 0, '', NULL),
(106, 126, 28, NULL, 1, 6, 0, '2018-08-20', '2018-08-20', 0, '', 0, '', NULL),
(107, 126, 38, NULL, 1, 6, 0, '2018-08-20', '2018-08-20', 0, '', 0, '', NULL),
(108, 127, 9, NULL, 1, 5, 0, '2018-08-20', '2018-08-20', 0, '', 0, '', NULL),
(109, 128, 21, NULL, 1, 5, 0, '2018-08-20', '2018-08-20', 0, '', 0, '', NULL),
(110, 129, 10, NULL, 1, 5, 0, '2018-08-20', '2018-08-20', 0, '', 0, '', NULL),
(111, 130, 17, NULL, 1, 5, 0, '2018-08-20', '2018-08-20', 0, '', 0, '', NULL),
(112, 131, 39, NULL, 1, 5, 0, '2018-08-20', '2018-08-20', 0, '', 0, '', NULL),
(113, 132, 31, NULL, 1, 6, 0, '2018-08-20', '2018-08-20', 0, '', 0, '', NULL),
(114, 133, 31, NULL, 1, 6, 0, '2018-08-20', '2018-08-20', 0, '', 0, '', NULL),
(115, 134, 31, NULL, 1, 6, 0, '2018-08-20', '2018-08-20', 0, '', 0, '', NULL),
(116, 135, 12, 1, 1, 5, 0, '2018-08-20', '2018-08-24', 0, '', 0, '', NULL),
(117, 136, 30, 1, 1, 6, 0, '2018-08-20', '2018-08-23', 0, '', 0, '', NULL),
(118, 137, 8, 1, 1, 1, 0, '2018-08-20', '2018-08-23', 0, '', 0, '', NULL),
(119, 138, 40, 1, 1, 6, 0, '2018-08-20', '2018-08-25', 0, '', 0, '', NULL),
(120, 139, 9, 1, 1, 5, 0, '2018-08-20', '2018-08-25', 0, '', 0, '', NULL),
(121, 140, 12, NULL, 1, 5, 0, '2018-08-20', '2018-08-20', 0, '', 0, '', NULL),
(122, 141, 12, 1, 1, 5, 0, '2018-08-20', '2018-08-24', 0, '', 0, '', NULL),
(123, 142, 27, NULL, 1, 6, 0, '2018-08-20', '2018-08-20', 0, '', 0, '', NULL),
(124, 143, 27, NULL, 1, 6, 0, '2018-08-20', '2018-08-20', 0, '', 0, '', NULL),
(125, 144, 35, NULL, 1, 5, 0, '2018-08-20', '2018-08-20', 0, '', 0, '', NULL),
(126, 145, 27, 1, 1, 6, 0, '2018-08-20', '2018-08-24', 0, '', 0, '', NULL),
(127, 146, 9, 1, 1, 5, 0, '2018-08-20', '2018-08-25', 0, '', 0, '', NULL),
(128, 147, 9, NULL, 1, 5, 0, '2018-08-20', '2018-08-20', 0, '', 0, '', NULL),
(129, 147, 21, NULL, 1, 5, 0, '2018-08-20', '2018-08-20', 0, '', 0, '', NULL),
(130, 148, 9, NULL, 1, 5, 0, '2018-08-20', '2018-08-20', 0, '', 0, '', NULL),
(131, 150, 31, NULL, 1, 6, 0, '2018-08-20', '2018-08-20', 0, '', 0, '', NULL),
(132, 151, 27, NULL, 1, 6, 0, '2018-08-20', '2018-08-20', 0, '', 0, '', NULL),
(133, 152, 27, NULL, 1, 6, 0, '2018-08-20', '2018-08-20', 0, '', 0, '', NULL),
(134, 153, 27, NULL, 1, 6, 0, '2018-08-20', '2018-08-20', 0, '', 0, '', NULL),
(135, 154, 38, 1, 1, 6, 0, '2018-08-20', '2018-08-26', 0, '', 0, '', NULL),
(136, 156, 12, 1, 1, 5, 0, '2018-08-20', '2018-08-27', 0, '', 0, '', '89099'),
(137, 157, 17, NULL, 1, 5, 0, '2018-08-20', '2018-08-20', 0, '', 0, '', NULL),
(138, 157, 21, NULL, 1, 5, 0, '2018-08-20', '2018-08-20', 0, '', 0, '', NULL),
(139, 158, 35, NULL, 1, 5, 0, '2018-08-21', '2018-08-21', 0, '', 0, '', NULL),
(140, 159, 35, 1, 1, 5, 0, '2018-08-21', '2018-08-27', 0, '', 0, '', '89099'),
(141, 160, 9, NULL, 1, 5, 0, '2018-08-21', '2018-08-21', 0, '', 0, '', NULL),
(142, 161, 40, NULL, 1, 6, 0, '2018-08-21', '2018-08-21', 0, '', 0, '', NULL),
(143, 162, 12, NULL, 1, 5, 0, '2018-08-21', '2018-08-21', 0, '', 0, '', NULL),
(144, 163, 5, NULL, 1, 1, 0, '2018-08-21', '2018-08-21', 0, '', 0, '', NULL),
(145, 163, 8, NULL, 1, 1, 0, '2018-08-21', '2018-08-21', 0, '', 0, '', NULL),
(146, 164, 8, NULL, 1, 1, 1, '2018-08-22', '2018-08-23', 0, '', 0, '', NULL),
(147, 165, 16, NULL, 1, 5, 0, '2018-08-22', '2018-08-22', 0, '', 0, '', NULL),
(148, 166, 13, NULL, 1, 5, 0, '2018-08-22', '2018-08-22', 0, '', 0, '', NULL),
(149, 166, 16, NULL, 1, 5, 0, '2018-08-22', '2018-08-22', 0, '', 0, '', NULL),
(150, 167, 10, NULL, 1, 5, 0, '2018-08-22', '2018-08-22', 0, '', 0, '', NULL),
(151, 168, 9, NULL, 1, 5, 0, '2018-08-22', '2018-08-22', 0, '', 0, '', NULL),
(152, 171, 16, NULL, 1, 5, 0, '2018-08-22', '2018-08-22', 0, '', 0, '', NULL),
(153, 173, 8, NULL, 1, 1, 0, '2018-08-22', '2018-08-22', 0, '', 0, '', NULL),
(154, 173, 23, NULL, 1, 1, 0, '2018-08-22', '2018-08-22', 0, '', 0, '', NULL),
(155, 174, 12, NULL, 1, 5, 0, '2018-08-22', '2018-08-22', 0, '', 0, '', NULL),
(156, 175, 12, NULL, 1, 5, 0, '2018-08-22', '2018-08-22', 0, '', 0, '', NULL),
(157, 176, 16, NULL, 1, 5, 0, '2018-08-22', '2018-08-22', 0, '', 0, '', NULL),
(158, 176, 17, NULL, 1, 5, 0, '2018-08-22', '2018-08-22', 0, '', 0, '', NULL),
(159, 177, 59, NULL, 4, 8, 0, '2018-08-22', '2018-08-22', 0, '', 0, '', NULL),
(160, 178, 59, NULL, 4, 8, 0, '2018-08-22', '2018-08-22', 0, '', 0, '', NULL),
(161, 179, 5, NULL, 1, 1, 0, '2018-08-22', '2018-08-22', 0, '', 0, '', NULL),
(162, 179, 23, NULL, 1, 1, 0, '2018-08-22', '2018-08-22', 0, '', 0, '', NULL),
(163, 180, 59, NULL, 4, 8, 0, '2018-08-22', '2018-08-22', 0, '', 0, '', NULL),
(164, 180, 64, NULL, 4, 8, 0, '2018-08-22', '2018-08-22', 0, '', 0, '', NULL),
(165, 181, 59, NULL, 4, 8, 0, '2018-08-22', '2018-08-22', 0, '', 0, '', NULL),
(166, 182, 59, NULL, 4, 8, 0, '2018-08-22', '2018-08-22', 0, '', 0, '', NULL),
(167, 183, 59, NULL, 4, 8, 0, '2018-08-22', '2018-08-22', 0, '', 0, '', NULL),
(168, 184, 92, 0, 4, 8, 0, '2018-08-23', '2018-08-23', 0, '', 0, '', NULL),
(169, 185, 59, 0, 4, 8, 0, '2018-08-23', '2018-08-23', 0, '', 0, '', NULL),
(170, 186, 59, 0, 4, 8, 0, '2018-08-23', '2018-08-23', 0, '', 0, '', NULL),
(171, 187, 59, 0, 4, 8, 0, '2018-08-23', '2018-08-23', 0, '', 0, '', NULL),
(172, 188, 0, 0, 1, 1, 0, '2018-08-23', '2018-08-23', 10, '30', 60, 'Servicios', NULL),
(173, 189, 0, 1, 1, 1, 0, '2018-08-23', '2018-08-25', 7, '0.3', 1, 'Servicios', NULL),
(174, 190, 0, 1, 1, 1, 0, '2018-08-23', '2018-08-24', 1, '3.6', 180, 'Servicios', NULL),
(175, 191, 0, 1, 1, 1, 0, '2018-08-23', '2018-08-24', 1, '24', 240, 'Servicios', NULL),
(176, 192, 0, 1, 1, 1, 0, '2018-08-23', '2018-08-24', 1, '36', 360, 'Servicios', NULL),
(177, 193, 0, 1, 1, 1, 0, '2018-08-23', '2018-08-25', 7, '20', 200, 'Servicios', NULL),
(178, 194, 0, 0, 4, 8, 0, '2018-08-23', '2018-08-23', 75, '20', 100, 'Servicios', NULL),
(179, 195, 0, 1, 1, 1, 0, '2018-08-23', '2018-08-25', 7, '20', 200, 'Servicios', NULL),
(180, 196, 0, 0, 1, 5, 0, '2018-08-23', '2018-08-23', 35, '20', 40, 'Servicios', NULL),
(182, 200, 0, 0, 1, 6, 0, '2018-08-23', '2018-08-23', NULL, '0', 40, 'Servicios', NULL),
(183, 201, 0, 1, 1, 6, 0, '2018-08-23', '2018-08-24', 32, '0', 120, 'Servicios', NULL),
(184, 203, 0, 0, 1, 5, 0, '2018-08-23', '2018-08-23', 76, '0', 40, 'Servicios', NULL),
(185, 204, 0, 0, 1, 5, 0, '2018-08-23', '2018-08-23', NULL, '0', 40, 'Servicios', NULL),
(186, 205, 0, 0, 1, 5, 0, '2018-08-23', '2018-08-23', NULL, '0', 60, 'Servicios', NULL),
(187, 206, 0, 0, 1, 5, 0, '2018-08-23', '2018-08-23', NULL, '0', 60, 'Servicios', NULL),
(188, 207, 0, 0, 1, 5, 0, '2018-08-23', '2018-08-23', NULL, '0', 40, 'Servicios', NULL),
(189, 208, 0, 0, 1, 5, 0, '2018-08-23', '2018-08-23', NULL, '0', 40, 'Servicios', NULL),
(190, 209, 0, 0, 1, 6, 0, '2018-08-23', '2018-08-23', NULL, '0', 40, 'Servicios', NULL),
(191, 210, 0, 0, 1, 6, 0, '2018-08-23', '2018-08-23', NULL, '0', 60, 'Servicios', NULL),
(192, 211, 0, 0, 1, 6, 0, '2018-08-23', '2018-08-23', NULL, '0', 60, 'Servicios', NULL),
(193, 212, 0, 1, 1, 1, 0, '2018-08-23', '2018-08-24', 1, '20', 200, 'Servicios', NULL),
(195, 214, 0, 0, 1, 6, 0, '2018-08-23', '2018-08-23', NULL, '0', 25, 'Servicios', NULL),
(197, 216, 0, 0, 1, 1, 0, '2018-08-23', '2018-08-23', 8, '30', 60, 'Servicios', NULL),
(198, 217, 0, 0, 1, 1, 0, '2018-08-23', '2018-08-23', 10, '30', 60, 'Servicios', NULL),
(199, 218, 0, 0, 1, 1, 0, '2018-08-23', '2018-08-23', 1, '0', 180, 'Servicios', NULL),
(200, 219, 0, 0, 1, 6, 0, '2018-08-24', '2018-08-24', NULL, '0', 20, 'Servicios', NULL),
(201, 220, 0, 0, 1, 6, 0, '2018-08-24', '2018-08-24', NULL, '0', 45, 'Servicios', NULL),
(203, 222, 0, 1, 1, 6, 0, '2018-08-24', '2018-08-24', 32, '0', 60, 'Servicios', NULL),
(204, 223, 0, 0, 1, 5, 0, '2018-08-24', '2018-08-24', NULL, '0', 60, 'Servicios', NULL),
(205, 225, 0, 0, 1, 6, 0, '2018-08-24', '2018-08-24', 59, '24', 60, 'Servicios', NULL),
(206, 226, 0, 0, 1, 5, 0, '2018-08-24', '2018-08-24', NULL, '0', 20, 'Servicios', NULL),
(207, 227, 0, 0, 1, 5, 0, '2018-08-24', '2018-08-24', NULL, '0', 25, 'Servicios', NULL),
(208, 229, 0, 0, 1, 5, 0, '2018-08-24', '2018-08-24', NULL, '0', 60, 'Servicios', NULL),
(209, 230, 0, 0, 1, 5, 0, '2018-08-24', '2018-08-24', NULL, '0', 40, 'Servicios', NULL),
(210, 231, 0, 1, 1, 1, 0, '2018-08-24', '2018-08-24', 1, '18', 180, 'Servicios', NULL),
(211, 232, 0, 0, 1, 6, 0, '2018-08-24', '2018-08-24', NULL, '0', 80, 'Servicios', NULL),
(212, 233, 0, 0, 1, 6, 0, '2018-08-24', '2018-08-24', NULL, '0', 40, 'Servicios', NULL),
(213, 234, 0, 0, 1, 6, 0, '2018-08-24', '2018-08-24', NULL, '0', 120, 'Servicios', NULL),
(214, 235, 0, 0, 1, 6, 0, '2018-08-24', '2018-08-24', NULL, '0', 20, 'Servicios', NULL),
(215, 236, 0, 0, 1, 5, 0, '2018-08-24', '2018-08-24', NULL, '0', 25, 'Servicios', NULL),
(216, 237, 0, 0, 1, 5, 0, '2018-08-24', '2018-08-24', NULL, '0', 60, 'Servicios', NULL),
(217, 238, 0, 0, 1, 5, 0, '2018-08-24', '2018-08-24', NULL, '0', 40, 'Servicios', NULL),
(218, 239, 0, 0, 1, 5, 0, '2018-08-24', '2018-08-24', NULL, '0', 25, 'Servicios', NULL),
(219, 240, 0, 0, 1, 5, 0, '2018-08-24', '2018-08-24', 19, '30', 60, 'Servicios', NULL),
(220, 241, 0, 0, 1, 6, 0, '2018-08-24', '2018-08-24', 79, '16', 40, 'Servicios', NULL),
(222, 243, 0, 0, 1, 6, 0, '2018-08-24', '2018-08-24', 79, '20', 50, 'Servicios', NULL),
(223, 244, 0, 0, 1, 6, 0, '2018-08-24', '2018-08-24', NULL, '0', 20, 'Servicios', NULL),
(224, 245, 0, 1, 1, 1, 0, '2018-08-24', '2018-08-25', 1, '30', 60, 'Servicios', NULL),
(225, 247, 0, 0, 1, 5, 0, '2018-08-25', '2018-08-25', NULL, '0', 40, 'Servicios', NULL),
(226, 248, 0, 0, 1, 5, 0, '2018-08-25', '2018-08-25', NULL, '0', 40, 'Servicios', NULL),
(227, 249, 0, 0, 1, 5, 0, '2018-08-25', '2018-08-25', 80, '24', 60, 'Servicios', NULL),
(228, 250, 0, 0, 1, 6, 0, '2018-08-25', '2018-08-25', 30, '18', 45, 'Servicios', NULL),
(229, 251, 0, 0, 1, 6, 0, '2018-08-25', '2018-08-25', 14, '16', 40, 'Servicios', NULL),
(230, 252, 0, 0, 1, 6, 0, '2018-08-25', '2018-08-25', NULL, '0', 20, 'Servicios', NULL),
(231, 253, 0, 0, 4, 8, 0, '2018-08-25', '2018-08-25', NULL, '0', 20, 'Servicios', NULL),
(232, 254, 0, 0, 1, 5, 0, '2018-08-25', '2018-08-25', NULL, '0', 20, 'Servicios', NULL),
(233, 255, 0, 0, 4, 8, 0, '2018-08-25', '2018-08-25', NULL, '0', 100, 'Servicios', NULL),
(234, 256, 0, 0, 1, 5, 0, '2018-08-25', '2018-08-25', NULL, '0', 40, 'Servicios', NULL),
(235, 257, 0, 0, 1, 5, 0, '2018-08-25', '2018-08-25', NULL, '0', 40, 'Servicios', NULL),
(236, 258, 0, 0, 4, 8, 0, '2018-08-25', '2018-08-25', NULL, '0', 20, 'Servicios', NULL),
(237, 259, 0, 0, 1, 5, 0, '2018-08-25', '2018-08-25', NULL, '0', 25, 'Servicios', NULL),
(238, 260, 0, 0, 1, 6, 0, '2018-08-25', '2018-08-25', NULL, '0', 40, 'Servicios', NULL),
(239, 261, 0, 0, 4, 8, 0, '2018-08-25', '2018-08-25', NULL, '0', 50, 'Servicios', NULL),
(240, 263, 0, 0, 4, 8, 0, '2018-08-25', '2018-08-25', NULL, '0', 20, 'Servicios', NULL),
(241, 264, 0, 0, 1, 5, 0, '2018-08-25', '2018-08-25', NULL, '0', 60, 'Servicios', NULL),
(242, 265, 0, 0, 1, 5, 0, '2018-08-25', '2018-08-25', NULL, '0', 60, 'Servicios', NULL),
(243, 266, 0, 0, 1, 5, 0, '2018-08-25', '2018-08-25', NULL, '0', 40, 'Servicios', NULL),
(244, 267, 0, 0, 1, 1, 0, '2018-08-25', '2018-08-25', 7, '12', 60, 'Servicios', NULL),
(245, 268, 0, 0, 4, 8, 0, '2018-08-25', '2018-08-25', NULL, '0', 100, 'Servicios', NULL),
(246, 269, 0, 0, 1, 5, 0, '2018-08-25', '2018-08-25', NULL, '0', 40, 'Servicios', NULL),
(247, 270, 0, 0, 1, 5, 0, '2018-08-25', '2018-08-25', NULL, '0', 40, 'Servicios', NULL),
(248, 271, 0, 0, 4, 8, 0, '2018-08-25', '2018-08-25', NULL, '0', 120, 'Servicios', NULL),
(249, 272, 0, 0, 4, 8, 0, '2018-08-25', '2018-08-25', NULL, '0', 150, 'Servicios', NULL),
(250, 273, 0, 0, 1, 6, 0, '2018-08-25', '2018-08-25', NULL, '0', 60, 'Servicios', NULL),
(251, 274, 0, 0, 1, 5, 0, '2018-08-25', '2018-08-25', NULL, '0', 25, 'Servicios', NULL),
(252, 275, 0, 0, 1, 1, 0, '2018-08-25', '2018-08-25', 10, '30', 60, 'Servicios', NULL),
(253, 276, 0, 0, 1, 5, 0, '2018-08-25', '2018-08-25', NULL, '0', 25, 'Servicios', NULL),
(254, 277, 0, 0, 1, 5, 0, '2018-08-25', '2018-08-25', NULL, '0', 15, 'Servicios', NULL),
(255, 278, 0, 0, 1, 6, 0, '2018-08-25', '2018-08-25', 34, '40', 100, 'Servicios', NULL),
(256, 279, 0, 0, 4, 8, 0, '2018-08-25', '2018-08-25', NULL, '0', 80, 'Servicios', NULL),
(257, 280, 0, 0, 1, 5, 0, '2018-08-25', '2018-08-25', NULL, '0', 15, 'Servicios', NULL),
(258, 281, 0, 0, 1, 6, 0, '2018-08-25', '2018-08-25', NULL, '0', 40, 'Servicios', NULL),
(259, 282, 0, 0, 1, 5, 0, '2018-08-25', '2018-08-25', NULL, '0', 40, 'Servicios', NULL),
(260, 283, 0, 0, 1, 6, 0, '2018-08-25', '2018-08-25', NULL, '0', 25, 'Servicios', NULL),
(261, 284, 0, 0, 1, 5, 0, '2018-08-25', '2018-08-25', NULL, '0', 40, 'Servicios', NULL),
(262, 285, 0, 0, 1, 6, 0, '2018-08-25', '2018-08-25', 30, '18', 45, 'Servicios', NULL),
(263, 291, 0, 0, 1, 5, 0, '2018-08-25', '2018-08-25', NULL, '0', 40, 'Servicios', NULL),
(264, 292, 0, 0, 1, 6, 0, '2018-08-25', '2018-08-25', NULL, '0', 40, 'Servicios', NULL),
(265, 293, 0, 0, 1, 5, 0, '2018-08-25', '2018-08-25', NULL, '0', 20, 'Servicios', NULL),
(266, 294, 0, 0, 1, 5, 0, '2018-08-25', '2018-08-25', NULL, '0', 20, 'Servicios', NULL),
(267, 295, 0, 0, 4, 8, 0, '2018-08-25', '2018-08-25', NULL, '0', 120, 'Servicios', NULL),
(268, 296, 0, 0, 4, 8, 0, '2018-08-25', '2018-08-25', NULL, '0', 80, 'Servicios', NULL),
(269, 297, 0, 0, 4, 8, 0, '2018-08-25', '2018-08-25', NULL, '0', 80, 'Servicios', NULL),
(270, 298, 0, 0, 1, 5, 0, '2018-08-25', '2018-08-25', NULL, '0', 60, 'Servicios', NULL),
(271, 299, 0, 0, 4, 8, 0, '2018-08-25', '2018-08-25', NULL, '0', 50, 'Servicios', NULL),
(272, 303, 0, 1, 1, 1, 0, '2018-08-26', '2018-08-26', 8, '30', 60, 'Servicios', '74526'),
(273, 307, 0, 1, 1, 1, 0, '2018-08-26', '2018-08-26', 1, '24', 240, 'Servicios', '57873'),
(274, 308, 0, 1, 1, 1, 0, '2018-08-26', '2018-08-26', 1, '42', 420, 'Servicios', '68907'),
(275, 309, 0, 1, 1, 1, 0, '2018-08-26', '2018-08-26', 82, '27', 270, 'Servicios', '69653'),
(276, 310, 0, 0, 1, 1, 0, '2018-08-26', '2018-08-26', 1, '38', 380, 'Servicios', NULL),
(277, 311, 0, 1, 1, 1, 0, '2018-08-26', '2018-08-27', 10, '0', 60, 'Servicios', '89099'),
(278, 313, 0, 0, 1, 5, 0, '2018-08-27', '2018-08-27', NULL, '0', 25, 'Servicios', NULL),
(279, 314, 0, 0, 1, 5, 0, '2018-08-27', '2018-08-27', NULL, '0', 40, 'Servicios', NULL),
(280, 315, 0, 0, 4, 8, 0, '2018-08-27', '2018-08-27', NULL, '0', 100, 'Servicios', NULL),
(281, 317, 0, 0, 4, 8, 0, '2018-08-27', '2018-08-27', NULL, '0', 35, 'Servicios', NULL),
(282, 318, 0, 0, 4, 8, 0, '2018-08-27', '2018-08-27', NULL, '0', 80, 'Servicios', NULL),
(283, 319, 0, 0, 1, 5, 0, '2018-08-27', '2018-08-27', NULL, '0', 120, 'Servicios', NULL),
(284, 320, 0, 0, 1, 5, 0, '2018-08-27', '2018-08-27', NULL, '0', 20, 'Servicios', NULL),
(285, 321, 0, 0, 1, 5, 0, '2018-08-27', '2018-08-27', NULL, '0', 45, 'Servicios', NULL),
(286, 322, 0, 0, 1, 5, 0, '2018-08-27', '2018-08-27', 31, '0', 45, 'Servicios', NULL),
(287, 323, 0, 0, 1, 5, 0, '2018-08-27', '2018-08-27', 83, '0', 60, 'Servicios', NULL),
(288, 324, 0, 0, 4, 8, 0, '2018-08-27', '2018-08-27', NULL, '0', 50, 'Servicios', NULL),
(289, 325, 0, 0, 1, 5, 0, '2018-08-27', '2018-08-27', NULL, '0', 40, 'Servicios', NULL),
(290, 326, 0, 0, 4, 8, 0, '2018-08-27', '2018-08-27', NULL, '0', 80, 'Servicios', NULL),
(291, 327, 0, 0, 1, 5, 0, '2018-08-27', '2018-08-27', NULL, '0', 25, 'Servicios', NULL),
(292, 328, 0, 0, 4, 8, 0, '2018-08-27', '2018-08-27', NULL, '0', 80, 'Servicios', NULL),
(293, 329, 0, 0, 1, 5, 0, '2018-08-27', '2018-08-27', NULL, '0', 40, 'Servicios', NULL),
(294, 330, 0, 0, 1, 5, 0, '2018-08-27', '2018-08-27', NULL, '0', 25, 'Servicios', NULL),
(295, 331, 0, 0, 1, 5, 0, '2018-08-27', '2018-08-27', NULL, '0', 25, 'Servicios', NULL),
(296, 332, 0, 0, 1, 6, 0, '2018-08-27', '2018-08-27', NULL, '0', 100, 'Servicios', NULL),
(297, 333, 0, 0, 1, 6, 0, '2018-08-27', '2018-08-27', NULL, '0', 40, 'Servicios', NULL),
(298, 334, 0, 1, 1, 1, 0, '2018-08-27', '2018-08-27', 10, '120', 240, 'Servicios', '89099'),
(299, 335, 0, 0, 1, 6, 0, '2018-08-27', '2018-08-27', NULL, '0', 60, 'Servicios', NULL),
(300, 336, 0, 0, 1, 5, 0, '2018-08-27', '2018-08-27', NULL, '0', 60, 'Servicios', NULL),
(302, 338, 0, 0, 1, 6, 0, '2018-08-27', '2018-08-27', NULL, '0', 60, 'Servicios', NULL),
(303, 339, 0, 0, 4, 8, 0, '2018-08-27', '2018-08-27', NULL, '0', 20, 'Servicios', NULL),
(304, 340, 0, 0, 1, 5, 0, '2018-08-27', '2018-08-27', NULL, '0', 40, 'Servicios', NULL),
(305, 341, 0, 0, 1, 5, 0, '2018-08-27', '2018-08-27', NULL, '0', 40, 'Servicios', NULL),
(306, 342, 0, 0, 1, 6, 0, '2018-08-27', '2018-08-27', 84, '22', 55, 'Servicios', NULL),
(307, 343, 0, 0, 4, 8, 0, '2018-08-27', '2018-08-27', NULL, '0', 100, 'Servicios', NULL),
(308, 344, 0, 0, 1, 5, 0, '2018-08-27', '2018-08-27', NULL, '0', 20, 'Servicios', NULL),
(309, 345, 0, 0, 4, 8, 0, '2018-08-27', '2018-08-27', NULL, '0', 70, 'Servicios', NULL),
(310, 346, 0, 0, 1, 6, 0, '2018-08-27', '2018-08-27', NULL, '0', 25, 'Servicios', NULL),
(311, 347, 0, 0, 1, 6, 0, '2018-08-27', '2018-08-27', 62, '16', 40, 'Servicios', NULL),
(312, 348, 0, 0, 1, 6, 0, '2018-08-27', '2018-08-27', NULL, '0', 25, 'Servicios', NULL),
(313, 349, 0, 0, 1, 5, 0, '2018-08-27', '2018-08-27', NULL, '0', 25, 'Servicios', NULL),
(314, 350, 0, 0, 1, 5, 0, '2018-08-27', '2018-08-27', NULL, '0', 60, 'Servicios', NULL),
(315, 351, 0, 0, 1, 5, 0, '2018-08-27', '2018-08-27', NULL, '0', 40, 'Servicios', NULL),
(316, 352, 0, 0, 1, 5, 0, '2018-08-27', '2018-08-27', NULL, '0', 20, 'Servicios', NULL),
(317, 353, 0, 0, 1, 5, 0, '2018-08-27', '2018-08-27', NULL, '0', 40, 'Servicios', NULL),
(318, 354, 0, 0, 4, 8, 0, '2018-08-27', '2018-08-27', NULL, '0', 100, 'Servicios', NULL),
(319, 355, 0, 0, 1, 5, 0, '2018-08-27', '2018-08-27', 19, '16', 40, 'Servicios', NULL),
(320, 357, 0, 0, 1, 5, 0, '2018-08-27', '2018-08-27', NULL, '0', 40, 'Servicios', NULL),
(321, 358, 0, 0, 4, 8, 0, '2018-08-27', '2018-08-27', NULL, '0', 100, 'Servicios', NULL),
(322, 359, 0, 0, 1, 5, 0, '2018-08-27', '2018-08-27', 81, '18', 45, 'Servicios', NULL),
(323, 360, 0, 0, 1, 6, 0, '2018-08-27', '2018-08-27', 37, '24', 60, 'Servicios', NULL),
(324, 362, 0, 0, 1, 5, 0, '2018-08-27', '2018-08-27', NULL, '0', 40, 'Servicios', NULL),
(325, 364, 0, 0, 4, 8, 0, '2018-08-27', '2018-08-27', NULL, '0', 130, 'Servicios', NULL),
(326, 365, 0, 0, 4, 8, 0, '2018-08-27', '2018-08-27', NULL, '0', 80, 'Servicios', NULL),
(327, 366, 0, 0, 1, 5, 0, '2018-08-27', '2018-08-27', 19, '18', 45, 'Servicios', NULL),
(328, 367, 0, 0, 4, 8, 0, '2018-08-27', '2018-08-27', 75, '0', 45, 'Servicios', NULL),
(329, 368, 0, 0, 1, 1, 0, '2018-08-27', '2018-08-27', 82, '30', 60, 'Servicios', NULL),
(330, 369, 0, 0, 4, 8, 0, '2018-08-27', '2018-08-27', NULL, '112.5', 150, 'Servicios', NULL),
(331, 374, 0, 0, 1, 5, 0, '2018-08-28', '2018-08-28', NULL, '0', 350, 'Servicios', NULL),
(332, 376, 0, 0, 1, 6, 0, '2018-08-28', '2018-08-28', NULL, '0', 40, 'Servicios', NULL);

-- --------------------------------------------------------

--
-- Estructura de tabla para la tabla `centros`
--

CREATE TABLE `centros` (
  `id` int(11) NOT NULL,
  `name` varchar(100) NOT NULL,
  `direccion` varchar(200) DEFAULT NULL,
  `referencia` varchar(200) DEFAULT NULL,
  `created_at` date NOT NULL,
  `updated_at` date NOT NULL,
  `id_empresa` int(11) NOT NULL,
  `id_sucursal` int(11) NOT NULL
) ENGINE=InnoDB DEFAULT CHARSET=latin1;

--
-- Volcado de datos para la tabla `centros`
--

INSERT INTO `centros` (`id`, `name`, `direccion`, `referencia`, `created_at`, `updated_at`, `id_empresa`, `id_sucursal`) VALUES
(1, 'HIGH LAB', 'COMAS AV TUPAC AMARU', NULL, '2018-07-02', '2018-08-08', 1, 1),
(4, 'Centro Mèdico 2', 'cvcvc', 'cvcvcv', '2018-07-02', '2018-07-02', 1, 2),
(5, 'Centro Mèdico 1', 'qqqq', 'qqqqqq', '2018-07-02', '2018-07-02', 1, 2),
(7, 'VIDA FELIZ SAC', 'PROCERES DE LA INDEPENDENCIA 837 2DO PISO URBANIZACION SAN HILARON SJL', 'METRO LA HACIENDA', '2018-08-02', '2018-08-02', 1, 1),
(8, 'SAN ANTONIO DE PADUA', 'PRÓCERES 1781 3ER PISO LOS OLIVOS', NULL, '2018-08-07', '2018-08-07', 1, 1),
(9, 'CS INFANTAS', 'LOS OLIVOS', NULL, '2018-08-13', '2018-08-13', 1, 1),
(10, 'CS TAHUANTINSUYO BAJO', 'AV CHINCHAYSUYO CDRA 4 INDEPENDENCIA', NULL, '2018-08-14', '2018-08-14', 1, 5),
(11, 'C. O . MESA REDONDA', 'SANCHEZ CERRO 290 RIMAC', NULL, '2018-08-14', '2018-08-14', 1, 5),
(12, 'C. S. RIMAC', 'RIMAC', NULL, '2018-08-14', '2018-08-14', 1, 5),
(13, 'C. M. \"SAN SEBASTIAN\"', 'AV CONCORDIA 211 INDEPENDENCIA', NULL, '2018-08-14', '2018-08-14', 1, 5),
(14, 'C. M COMUNAL', 'LOS FICUS 358 S.M.P', NULL, '2018-08-14', '2018-08-14', 1, 5),
(15, 'C. M CUBANO', 'AV FRA BARTOLOME DE LAS CASAS Nª 283 S.M.P', NULL, '2018-08-14', '2018-08-14', 1, 5),
(16, 'C.M DR SUAREZ', 'AV LOS PINOS 226-B INDEPENDENCIA', NULL, '2018-08-14', '2018-08-14', 1, 5),
(17, 'C.M MUNICIPAL', 'INDEPENDENCIA', NULL, '2018-08-14', '2018-08-14', 1, 5),
(18, 'C.M PARROQUIA MARIA REPARADORA', 'LAS ALMENDRAS 394 S.M.P', NULL, '2018-08-14', '2018-08-14', 1, 5),
(19, 'C.M SAN MARTIN DE PORRES', 'LOS FICUS 372 S.M.P', NULL, '2018-08-14', '2018-08-14', 1, 5),
(20, 'C.M SANTA MARIA DE NURIA', 'LAS VIOLETAS 748 INDEPENDENCIA', NULL, '2018-08-14', '2018-08-14', 1, 5),
(21, 'C. M \"NARANJAL\"', 'AV. GERARDO UNGER 4279 URB EL NARANJAL S.M.P', NULL, '2018-08-14', '2018-08-14', 1, 5),
(22, 'C.M SANTA MARIA DE NURIA', 'LAS VIOLETAS 748', NULL, '2018-08-14', '2018-08-14', 1, 5),
(23, 'C.M SANTA MARIA DE NURIA', 'LAS VIOLETAS 748 INDEPENDENCIA', NULL, '2018-08-14', '2018-08-14', 1, 5),
(24, 'C.M NARANJAL', 'AV GERARDO UNGER 4279 URB EL NARANJAL S.M.P', NULL, '2018-08-14', '2018-08-14', 1, 5),
(25, 'C.M SAN ANTONIO DE PADUA', 'AV CHINCHAYSUYO 628 URB TAHUANTISUYO INDEPENDENCIA', NULL, '2018-08-14', '2018-08-14', 1, 5),
(26, 'C.O \"SABER VIVIR\"', 'AV CORICANCHA 305', NULL, '2018-08-14', '2018-08-14', 1, 5),
(27, 'C.O VIRGEN DEL ROSARIO', 'AV LAS MARACUYAS 4316', NULL, '2018-08-14', '2018-08-14', 1, 5),
(28, 'C.O SANTA TERESITA', 'JR. 10 DIC 121 - COST. MERC. STA TERESITA COMAS', NULL, '2018-08-14', '2018-08-14', 1, 5),
(29, 'C.S \"AÑO NUEVO\"', 'ALT PARROQUIA CRISTO LIBERTADOR JR FRAN COMAS', NULL, '2018-08-14', '2018-08-14', 1, 5),
(30, 'C.S \"CAQUETA\"', 'AV LOS PROCERES Nª1051 RIMAC', NULL, '2018-08-14', '2018-08-14', 1, 5),
(31, 'C.SALUD LADERAS DE CHILLON', 'AV.VIA DE INTEGRACION S/N-MZ C1 LT3A', NULL, '2018-08-15', '2018-08-15', 1, 6),
(32, 'C.SALUD-LA ENSENADA', 'JR.JACARANDA S/N - Aa.Hh.LA ENSENADA', NULL, '2018-08-15', '2018-08-15', 1, 6),
(33, 'C.SALUD SAGRADO CORAZÓN', 'PLAZA CIVICA S/N- PROYECTO INTEGRAL CUETO FERNANDINI, 3RA ETAPA', 'COSTADO CS SMP', '2018-08-15', '2018-08-15', 1, 6),
(34, 'C.SALUD JUAN PABLO II', 'CALLE 28 S/N Aa.Hh JUAN PABLO II', NULL, '2018-08-15', '2018-08-15', 1, 6),
(35, 'C.MEDICO DR. SOLIDARIO', 'AV. TUPAC AMARU  2698. COMAS', NULL, '2018-08-15', '2018-08-15', 1, 6),
(36, 'CONSULTORIO CHOY', 'AV. 25 DE ENERO, COMAS 15314', NULL, '2018-08-15', '2018-08-15', 1, 6),
(37, 'ECOPHARMA', 'CALLE 7 JIRÓN. JUSTICIA', NULL, '2018-08-15', '2018-08-15', 1, 6),
(38, 'EL ÁLAMO', 'COMAS 15316', NULL, '2018-08-15', '2018-08-15', 1, 6),
(39, 'HOSPITAL MUNICIPAL LOS OLIVOS', 'AV. REPÚBLICA DE POLONIA, SAN JUAN DE LURIGANCHO 15419', NULL, '2018-08-15', '2018-08-15', 1, 6),
(40, 'POLICLINICO ALIAGA', 'CALLE ELOY URETA 106 CESAR VALLEJO VILLA MARIA DEL TRIUNFO, LIMA LIMA 35', NULL, '2018-08-15', '2018-08-15', 1, 6),
(41, 'POLICLINICO FIORI', 'FONIA 1642, LIMA 15102', NULL, '2018-08-15', '2018-08-15', 1, 6),
(42, 'POLICLINICO ROAL  LAB', 'CALLE 18, LOS OLIVOS 15306', NULL, '2018-08-15', '2018-08-15', 1, 6),
(43, 'POLICLINICO SDAROBIA', 'SANTISIMA CRUZ, SMP 15113', NULL, '2018-08-15', '2018-08-15', 1, 6),
(44, 'QUIROCOLUMBIA', 'AV. CENTRAL 7, LOS OLIVOS 15306', NULL, '2018-08-15', '2018-08-15', 1, 6),
(45, 'C.SALUD RIO SANTA', 'CALLE 11, LOS OLIVOS 15307', NULL, '2018-08-15', '2018-08-15', 1, 6),
(46, 'SAGRADO CORAZÓN DE JESÚS', 'LOS OLIVOS 15306', NULL, '2018-08-15', '2018-08-15', 1, 6),
(47, 'SAGRADO CORAZÓN', 'PLAZA CIVICA S/N PROYECTO INTEGRAL CUETO FERNANDINI 3RA ETAPA - LOS OLIVOS', NULL, '2018-08-15', '2018-08-16', 1, 6),
(48, 'SAN CONRADO', 'CALLE 40 777, LOS OLIVOS 15307', NULL, '2018-08-15', '2018-08-15', 1, 6),
(49, 'SAN MARTÍN DE PORRES', 'JIRON BOLOGNESI 381, PUENTE PIEDRA  15118', NULL, '2018-08-15', '2018-08-15', 1, 6),
(50, 'MADRE TERESA INDP', 'AV CHINCHAYSUYO 323 INDEPENDENCIA', NULL, '2018-08-16', '2018-08-16', 1, 5),
(51, 'P.S JOSE OLAYA', 'TAHUANTINSUYO', NULL, '2018-08-20', '2018-08-20', 1, 5),
(52, 'POLICLINICO SANTOS', 'FRAY BARTOLOME DE LAS CASAS 143', NULL, '2018-08-20', '2018-08-20', 1, 5),
(53, 'CS. GUSTAVO LANATTA', 'A', NULL, '2018-08-20', '2018-08-20', 3, 7),
(54, 'UBAP MEGA PLAZA', 'CALLE A MZ D LT 14', NULL, '2018-08-21', '2018-08-21', 1, 5),
(56, 'CIOQ SAC', 'AV PROCERES DE LA INDEPENDENCIA 1725 SJL', 'METRO LA HACIENDA O ESTACION LOS JARDINES', '2018-08-22', '2018-08-22', 4, 8),
(57, 'ALEX PEREZ', 'CANTO REY', 'METRO KLA HACIANDEA', '2018-08-23', '2018-08-23', 1, 1),
(58, 'HOSPITAL BRAVO CHICO', 'EL AGUSTINO', NULL, '2018-08-23', '2018-08-23', 4, 9),
(59, 'P.S \"LAS AMERICAS\"', 'JR COLLASUYO S/N', 'ALT GRIFO TUPAC AMARU', '2018-08-25', '2018-08-25', 1, 5),
(60, 'CONSULTORIO \"SAN MARTIN DE P\"', 'AV CHINCHAYSUYO 633', NULL, '2018-08-25', '2018-08-25', 1, 5),
(61, 'CS TUPAC AMARU', 'JR CAJAMARCA MDO 2 C.E JOSE GALVEZ CONDORCANQUI', 'INDEPENDENCIA', '2018-08-27', '2018-08-27', 1, 5);

-- --------------------------------------------------------

--
-- Estructura de tabla para la tabla `creditos`
--

CREATE TABLE `creditos` (
  `id` int(11) NOT NULL,
  `id_atencion` int(11) DEFAULT NULL,
  `monto` text NOT NULL,
  `descripcion` varchar(200) DEFAULT NULL,
  `origen` varchar(200) NOT NULL,
  `tipo_ingreso` varchar(20) DEFAULT NULL,
  `causa` varchar(200) DEFAULT NULL,
  `id_empresa` int(11) NOT NULL,
  `id_sucursal` int(11) NOT NULL,
  `created_at` date NOT NULL,
  `updated_at` date NOT NULL
) ENGINE=InnoDB DEFAULT CHARSET=latin1;

--
-- Volcado de datos para la tabla `creditos`
--

INSERT INTO `creditos` (`id`, `id_atencion`, `monto`, `descripcion`, `origen`, `tipo_ingreso`, `causa`, `id_empresa`, `id_sucursal`, `created_at`, `updated_at`) VALUES
(4, 35, '200', NULL, 'INGRESO DE ATENCIONES', '', '', 1, 1, '2018-07-28', '2018-07-28'),
(5, 36, '200', NULL, 'INGRESO DE ATENCIONES', '', '', 1, 1, '2018-07-28', '2018-07-28'),
(6, NULL, '200.5', 'eepepepepe', 'OTROS INGRESOS', '', '', 1, 1, '2018-07-28', '2018-07-28'),
(7, NULL, '200.5', 'HOLA', 'OTROS INGRESOS', 'EF', '', 1, 1, '2018-07-28', '2018-07-28'),
(8, NULL, '4.000,00', '29 prueba', 'OTROS INGRESOS', 'EF', '', 1, 1, '2018-07-29', '2018-07-29'),
(9, 38, '300', NULL, 'INGRESO DE ATENCIONES', NULL, '', 1, 1, '2018-07-29', '2018-07-29'),
(10, NULL, '3.000,00', 'HGHGH', 'OTROS INGRESOS', 'TJ', '', 1, 1, '2018-07-29', '2018-07-29'),
(11, NULL, '656.565,65', '565656', 'OTROS INGRESOS', 'TJ', '', 1, 1, '2018-07-29', '2018-07-29'),
(12, NULL, '54.545,45', 'FDFDFDF', 'OTROS INGRESOS', 'EF', '', 1, 1, '2018-07-29', '2018-07-29'),
(13, 39, '2000', NULL, 'INGRESO DE ATENCIONES', 'EF', '', 1, 1, '2018-07-29', '2018-07-29'),
(14, 40, '200', NULL, 'INGRESO DE ATENCIONES', 'TJ', '', 1, 1, '2018-07-29', '2018-07-29'),
(15, 41, '150.00', NULL, 'INGRESO DE ATENCIONES', 'EF', '', 1, 1, '2018-07-29', '2018-07-29'),
(16, NULL, '200.00', 'TETETET', 'OTROS INGRESOS', 'EF', '', 1, 1, '2018-07-29', '2018-07-29'),
(17, 4, '30', NULL, 'INGRESO DE ATENCIONES', 'EF', '', 1, 1, '2018-07-30', '2018-07-30'),
(18, 5, '30', NULL, 'INGRESO DE ATENCIONES', 'EF', '', 1, 1, '2018-07-30', '2018-07-30'),
(19, NULL, '35.00', 'cable magico', 'OTROS INGRESOS', 'EF', '', 1, 1, '2018-07-31', '2018-07-31'),
(20, 6, '1250,90', NULL, 'INGRESO DE ATENCIONES', 'EF', '', 1, 1, '2018-08-01', '2018-08-01'),
(21, 7, '60,00', NULL, 'INGRESO DE ATENCIONES', 'EF', '', 1, 1, '2018-08-02', '2018-08-02'),
(22, 8, '20', NULL, 'INGRESO DE ATENCIONES', 'EF', '', 1, 1, '2018-08-02', '2018-08-02'),
(23, 9, '55', NULL, 'INGRESO DE ATENCIONES', 'EF', '', 1, 1, '2018-08-02', '2018-08-02'),
(24, 10, '234,50', NULL, 'INGRESO DE ATENCIONES', 'EF', '', 1, 1, '2018-08-02', '2018-08-02'),
(25, 11, '234,50', NULL, 'INGRESO DE ATENCIONES', '0', '', 1, 1, '2018-08-02', '2018-08-02'),
(26, 12, '30', NULL, 'INGRESO DE ATENCIONES', 'EF', '', 1, 1, '2018-08-02', '2018-08-02'),
(27, 13, '60,00', NULL, 'INGRESO DE ATENCIONES', 'EF', '', 1, 1, '2018-08-02', '2018-08-02'),
(28, 14, '234,50d', NULL, 'INGRESO DE ATENCIONES', 'EF', '', 1, 1, '2018-08-02', '2018-08-02'),
(29, 15, '234,50', NULL, 'INGRESO DE ATENCIONES', 'EF', '', 1, 1, '2018-08-02', '2018-08-02'),
(30, 16, '234,50', NULL, 'INGRESO DE ATENCIONES', 'EF', '', 1, 1, '2018-08-02', '2018-08-02'),
(31, 17, '12.50', NULL, 'INGRESO DE ATENCIONES', 'EF', '', 1, 1, '2018-08-02', '2018-08-02'),
(32, 18, '2121', NULL, 'INGRESO DE ATENCIONES', '0', '', 1, 1, '2018-08-02', '2018-08-02'),
(33, 19, '120', NULL, 'INGRESO DE ATENCIONES', 'EF', '', 1, 1, '2018-08-02', '2018-08-02'),
(34, 20, '120', NULL, 'INGRESO DE ATENCIONES', 'EF', '', 1, 1, '2018-08-02', '2018-08-02'),
(35, 21, '60,00', NULL, 'INGRESO DE ATENCIONES', '0', '', 1, 1, '2018-08-03', '2018-08-03'),
(36, 22, '60,00', NULL, 'INGRESO DE ATENCIONES', '0', '', 1, 1, '2018-08-03', '2018-08-03'),
(37, 23, '50,00', NULL, 'INGRESO DE ATENCIONES', 'EF', '', 1, 1, '2018-08-03', '2018-08-03'),
(38, 24, '60,00', NULL, 'INGRESO DE ATENCIONES', 'TJ', '', 1, 1, '2018-08-03', '2018-08-03'),
(39, 25, '234,50', NULL, 'INGRESO DE ATENCIONES', '0', '', 1, 1, '2018-08-04', '2018-08-04'),
(40, 26, '1250,90', NULL, 'INGRESO DE ATENCIONES', 'EF', '', 1, 1, '2018-08-05', '2018-08-05'),
(41, 27, '25', NULL, 'INGRESO DE ATENCIONES', 'EF', NULL, 1, 5, '2018-08-06', '2018-08-06'),
(42, 28, '200', NULL, 'INGRESO DE ATENCIONES', 'EF', NULL, 1, 1, '2018-08-07', '2018-08-07'),
(43, 29, '798', NULL, 'INGRESO DE ATENCIONES', 'EF', NULL, 1, 1, '2018-08-07', '2018-08-07'),
(44, 30, '798', NULL, 'INGRESO DE ATENCIONES', 'EF', NULL, 1, 1, '2018-08-07', '2018-08-07'),
(45, 31, '798', NULL, 'INGRESO DE ATENCIONES', 'EF', NULL, 1, 1, '2018-08-07', '2018-08-07'),
(46, 32, '798', NULL, 'INGRESO DE ATENCIONES', 'EF', NULL, 1, 1, '2018-08-07', '2018-08-07'),
(47, 33, '60,00', NULL, 'INGRESO DE ATENCIONES', 'EF', NULL, 1, 1, '2018-08-08', '2018-08-08'),
(48, 34, '120', NULL, 'INGRESO DE ATENCIONES', 'EF', NULL, 1, 1, '2018-08-08', '2018-08-08'),
(49, 35, '460.00', NULL, 'INGRESO DE ATENCIONES', 'EF', NULL, 1, 1, '2018-08-08', '2018-08-08'),
(50, 36, '180', NULL, 'INGRESO DE ATENCIONES', 'EF', NULL, 1, 1, '2018-08-08', '2018-08-08'),
(51, 37, '120', NULL, 'INGRESO DE ATENCIONES', 'EF', NULL, 1, 1, '2018-08-08', '2018-08-08'),
(52, 38, '45', NULL, 'INGRESO DE ATENCIONES', '0', NULL, 1, 5, '2018-08-08', '2018-08-08'),
(53, 39, '45', NULL, 'INGRESO DE ATENCIONES', '0', NULL, 1, 5, '2018-08-08', '2018-08-08'),
(54, 40, '45', NULL, 'INGRESO DE ATENCIONES', '0', NULL, 1, 5, '2018-08-08', '2018-08-08'),
(55, 41, '70.00', NULL, 'INGRESO DE ATENCIONES', 'EF', NULL, 1, 1, '2018-08-08', '2018-08-08'),
(56, NULL, '149.50', 'cable magico', 'OTROS INGRESOS', 'EF', 'V', 1, 1, '2018-08-09', '2018-08-09'),
(57, 42, '45.00', NULL, 'INGRESO DE ATENCIONES', 'EF', NULL, 1, 1, '2018-08-10', '2018-08-10'),
(58, NULL, '20000.00', 'fdddf', 'OTROS INGRESOS', 'EF', 'V', 1, 1, '2018-08-11', '2018-08-11'),
(59, NULL, '35.00', 'medicamentos', 'OTROS INGRESOS', 'EF', 'V', 1, 1, '2018-08-11', '2018-08-11'),
(60, 43, '100.00', NULL, 'INGRESO DE ATENCIONES', 'EF', NULL, 1, 1, '2018-08-13', '2018-08-13'),
(68, NULL, '50.00', '50 pastillas', 'OTROS INGRESOS', 'EF', 'V', 1, 1, '2018-08-13', '2018-08-13'),
(69, NULL, '1231.64', 'yuyuyt', 'OTROS INGRESOS', '0', 'V', 1, 1, '2018-08-13', '2018-08-13'),
(70, 44, '120.00', NULL, 'INGRESO DE ATENCIONES', 'EF', NULL, 1, 1, '2018-08-13', '2018-08-13'),
(71, 45, '60.00', NULL, 'INGRESO DE ATENCIONES', 'EF', NULL, 1, 1, '2018-08-14', '2018-08-14'),
(72, NULL, '50.00', '10', 'OTROS INGRESOS', 'EF', 'V', 1, 1, '2018-08-14', '2018-08-14'),
(73, 46, '25.00', NULL, 'INGRESO DE ATENCIONES', 'EF', NULL, 1, 1, '2018-08-14', '2018-08-14'),
(74, NULL, '1000.00', 'dhejoñekpfkkrepfp', 'OTROS INGRESOS', '0', 'O', 1, 1, '2018-08-14', '2018-08-14'),
(75, 46, '25', 'CUENTAS POR COBRAR', 'CUENTAS POR COBRAR', NULL, NULL, 1, 1, '2018-08-14', '2018-08-14'),
(76, 45, '0', 'CUENTAS POR COBRAR', 'CUENTAS POR COBRAR', NULL, NULL, 1, 1, '2018-08-14', '2018-08-14'),
(77, 47, '30.00', NULL, 'INGRESO DE ATENCIONES', 'EF', NULL, 1, 1, '2018-08-14', '2018-08-14'),
(78, 47, '30', 'CUENTAS POR COBRAR', 'CUENTAS POR COBRAR', NULL, NULL, 1, 1, '2018-08-14', '2018-08-14'),
(79, 48, '60.00', NULL, 'INGRESO DE ATENCIONES', 'EF', NULL, 1, 5, '2018-08-14', '2018-08-14'),
(80, 48, '0', 'CUENTAS POR COBRAR', 'CUENTAS POR COBRAR', NULL, NULL, 1, 5, '2018-08-14', '2018-08-14'),
(81, 49, '25.00', NULL, 'INGRESO DE ATENCIONES', 'EF', NULL, 1, 5, '2018-08-14', '2018-08-14'),
(82, 50, '120.00', NULL, 'INGRESO DE ATENCIONES', 'EF', NULL, 1, 1, '2018-08-14', '2018-08-14'),
(83, 51, '60.00', NULL, 'INGRESO DE ATENCIONES', 'EF', NULL, 1, 5, '2018-08-15', '2018-08-15'),
(84, 52, '0.60', NULL, 'INGRESO DE ATENCIONES', '0', NULL, 1, 5, '2018-08-15', '2018-08-15'),
(85, 53, '25.00', NULL, 'INGRESO DE ATENCIONES', 'EF', NULL, 1, 5, '2018-08-15', '2018-08-15'),
(86, 54, '35.00', NULL, 'INGRESO DE ATENCIONES', 'EF', NULL, 1, 5, '2018-08-15', '2018-08-15'),
(87, 55, '130.00', NULL, 'INGRESO DE ATENCIONES', 'EF', NULL, 1, 5, '2018-08-15', '2018-08-15'),
(88, NULL, '5.00', 'aplicacion', 'OTROS INGRESOS', 'EF', 'O', 1, 5, '2018-08-15', '2018-08-15'),
(89, 56, '75.00', NULL, 'INGRESO DE ATENCIONES', 'EF', NULL, 1, 5, '2018-08-15', '2018-08-15'),
(90, 57, '60.00', NULL, 'INGRESO DE ATENCIONES', 'EF', NULL, 1, 5, '2018-08-15', '2018-08-15'),
(91, 58, '50.00', NULL, 'INGRESO DE ATENCIONES', 'EF', NULL, 1, 5, '2018-08-15', '2018-08-15'),
(92, 59, '22.22', NULL, 'INGRESO DE ATENCIONES', 'EF', NULL, 1, 1, '2018-08-15', '2018-08-15'),
(93, NULL, '25.00', 'METODO', 'OTROS INGRESOS', 'EF', 'V', 1, 5, '2018-08-15', '2018-08-15'),
(94, 60, '0.45', NULL, 'INGRESO DE ATENCIONES', '0', NULL, 1, 5, '2018-08-15', '2018-08-15'),
(95, 61, '120.00', NULL, 'INGRESO DE ATENCIONES', 'EF', NULL, 1, 1, '2018-08-16', '2018-08-16'),
(96, 62, '500.00', NULL, 'INGRESO DE ATENCIONES', 'EF', NULL, 1, 1, '2018-08-17', '2018-08-17'),
(97, 63, '200.00', NULL, 'INGRESO DE ATENCIONES', 'EF', NULL, 1, 1, '2018-08-17', '2018-08-17'),
(98, 64, '100.00', NULL, 'INGRESO DE ATENCIONES', '0', NULL, 1, 1, '2018-08-17', '2018-08-17'),
(99, 65, '400.00', NULL, 'INGRESO DE ATENCIONES', 'EF', NULL, 1, 1, '2018-08-17', '2018-08-17'),
(100, 66, '180.00', NULL, 'INGRESO DE ATENCIONES', 'EF', NULL, 1, 1, '2018-08-17', '2018-08-17'),
(101, 67, '34.44', NULL, 'INGRESO DE ATENCIONES', 'EF', NULL, 1, 1, '2018-08-17', '2018-08-17'),
(102, 68, '99.99', NULL, 'INGRESO DE ATENCIONES', 'EF', NULL, 1, 1, '2018-08-17', '2018-08-17'),
(103, 69, '2.00', NULL, 'INGRESO DE ATENCIONES', 'EF', NULL, 1, 1, '2018-08-17', '2018-08-17'),
(104, 70, '111.11', NULL, 'INGRESO DE ATENCIONES', 'TJ', NULL, 1, 1, '2018-08-17', '2018-08-17'),
(105, 71, '888.88', NULL, 'INGRESO DE ATENCIONES', 'TJ', NULL, 1, 1, '2018-08-17', '2018-08-17'),
(106, 72, '200.00', NULL, 'INGRESO DE ATENCIONES', 'EF', NULL, 1, 1, '2018-08-17', '2018-08-17'),
(107, 73, '60.00', NULL, 'INGRESO DE ATENCIONES', '0', NULL, 1, 1, '2018-08-17', '2018-08-17'),
(108, 74, '25.60', NULL, 'INGRESO DE ATENCIONES', 'EF', NULL, 1, 1, '2018-08-17', '2018-08-17'),
(109, 75, '30.00', NULL, 'INGRESO DE ATENCIONES', 'EF', NULL, 1, 5, '2018-08-17', '2018-08-17'),
(110, 76, '180.00', NULL, 'INGRESO DE ATENCIONES', 'EF', NULL, 1, 1, '2018-08-18', '2018-08-18'),
(111, 80, '66.66', NULL, 'INGRESO DE ATENCIONES', 'EF', NULL, 1, 1, '2018-08-18', '2018-08-18'),
(112, 81, '100.00', NULL, 'INGRESO DE ATENCIONES', 'EF', NULL, 1, 1, '2018-08-18', '2018-08-18'),
(113, 82, '0.45', NULL, 'INGRESO DE ATENCIONES', '0', NULL, 1, 6, '2018-08-18', '2018-08-18'),
(114, 83, '45.00', NULL, 'INGRESO DE ATENCIONES', '0', NULL, 1, 6, '2018-08-18', '2018-08-18'),
(115, 84, '30.00', NULL, 'INGRESO DE ATENCIONES', 'EF', NULL, 1, 5, '2018-08-18', '2018-08-18'),
(116, 85, '45.00', NULL, 'INGRESO DE ATENCIONES', '0', NULL, 1, 6, '2018-08-18', '2018-08-18'),
(117, 86, '25.00', NULL, 'INGRESO DE ATENCIONES', 'EF', NULL, 1, 5, '2018-08-18', '2018-08-18'),
(118, 87, '35.55', NULL, 'INGRESO DE ATENCIONES', 'EF', NULL, 1, 1, '2018-08-18', '2018-08-18'),
(119, 88, '35.55', NULL, 'INGRESO DE ATENCIONES', 'EF', NULL, 1, 1, '2018-08-18', '2018-08-18'),
(120, 89, '111.11', NULL, 'INGRESO DE ATENCIONES', 'EF', NULL, 1, 1, '2018-08-18', '2018-08-18'),
(121, 90, '180.00', NULL, 'INGRESO DE ATENCIONES', 'EF', NULL, 1, 1, '2018-08-18', '2018-08-18'),
(122, 91, '5.00', NULL, 'INGRESO DE ATENCIONES', 'EF', NULL, 1, 1, '2018-08-18', '2018-08-18'),
(123, 92, '200.00', NULL, 'INGRESO DE ATENCIONES', 'EF', NULL, 1, 1, '2018-08-18', '2018-08-18'),
(124, NULL, '30.00', '1 pote', 'OTROS INGRESOS', 'EF', 'V', 1, 1, '2018-08-18', '2018-08-18'),
(125, 93, '40.00', NULL, 'INGRESO DE ATENCIONES', '0', NULL, 1, 6, '2018-08-18', '2018-08-18'),
(126, 94, '50.00', NULL, 'INGRESO DE ATENCIONES', '0', NULL, 1, 6, '2018-08-18', '2018-08-18'),
(127, 95, '25.00', NULL, 'INGRESO DE ATENCIONES', 'EF', NULL, 1, 5, '2018-08-18', '2018-08-18'),
(128, 96, '40.00', NULL, 'INGRESO DE ATENCIONES', 'EF', NULL, 1, 5, '2018-08-18', '2018-08-18'),
(129, 97, '25.00', NULL, 'INGRESO DE ATENCIONES', '0', NULL, 1, 6, '2018-08-18', '2018-08-18'),
(130, 98, '60.00', NULL, 'INGRESO DE ATENCIONES', 'EF', NULL, 1, 5, '2018-08-18', '2018-08-18'),
(131, 99, '40.00', NULL, 'INGRESO DE ATENCIONES', 'EF', NULL, 1, 5, '2018-08-18', '2018-08-18'),
(132, 100, '45.00', NULL, 'INGRESO DE ATENCIONES', '0', NULL, 1, 6, '2018-08-18', '2018-08-18'),
(133, 101, '40.00', NULL, 'INGRESO DE ATENCIONES', '0', NULL, 1, 6, '2018-08-18', '2018-08-18'),
(134, 102, '40.00', NULL, 'INGRESO DE ATENCIONES', 'EF', NULL, 1, 5, '2018-08-18', '2018-08-18'),
(135, 103, '15.00', NULL, 'INGRESO DE ATENCIONES', 'EF', NULL, 1, 5, '2018-08-18', '2018-08-18'),
(136, 104, '25.00', NULL, 'INGRESO DE ATENCIONES', '0', NULL, 1, 6, '2018-08-18', '2018-08-18'),
(137, 105, '40.00', NULL, 'INGRESO DE ATENCIONES', 'EF', NULL, 1, 5, '2018-08-18', '2018-08-18'),
(138, 106, '60.00', NULL, 'INGRESO DE ATENCIONES', '0', NULL, 1, 6, '2018-08-18', '2018-08-18'),
(139, 107, '120.00', NULL, 'INGRESO DE ATENCIONES', '0', NULL, 1, 6, '2018-08-18', '2018-08-18'),
(140, 108, '40.00', NULL, 'INGRESO DE ATENCIONES', '0', NULL, 1, 6, '2018-08-18', '2018-08-18'),
(141, 109, '50.00', NULL, 'INGRESO DE ATENCIONES', '0', NULL, 1, 6, '2018-08-18', '2018-08-18'),
(142, 110, '25.00', NULL, 'INGRESO DE ATENCIONES', '0', NULL, 1, 6, '2018-08-18', '2018-08-18'),
(143, 111, '15.00', NULL, 'INGRESO DE ATENCIONES', 'EF', NULL, 1, 5, '2018-08-18', '2018-08-18'),
(144, 112, '25.00', NULL, 'INGRESO DE ATENCIONES', '0', NULL, 1, 6, '2018-08-18', '2018-08-18'),
(145, 113, '25.00', NULL, 'INGRESO DE ATENCIONES', 'EF', NULL, 1, 5, '2018-08-18', '2018-08-18'),
(146, 114, '25.00', NULL, 'INGRESO DE ATENCIONES', 'EF', NULL, 1, 5, '2018-08-18', '2018-08-18'),
(147, 115, '40.00', NULL, 'INGRESO DE ATENCIONES', 'EF', NULL, 1, 5, '2018-08-18', '2018-08-18'),
(148, 116, '180.00', NULL, 'INGRESO DE ATENCIONES', 'EF', NULL, 1, 5, '2018-08-19', '2018-08-19'),
(149, 117, '60.00', NULL, 'INGRESO DE ATENCIONES', 'EF', NULL, 1, 1, '2018-08-19', '2018-08-19'),
(150, NULL, '35.00', 'metodo', 'OTROS INGRESOS', 'EF', 'V', 1, 1, '2018-08-19', '2018-08-19'),
(151, 118, '2.00', NULL, 'INGRESO DE ATENCIONES', 'EF', NULL, 1, 1, '2018-08-20', '2018-08-20'),
(152, 119, '9.99', NULL, 'INGRESO DE ATENCIONES', '0', NULL, 1, 1, '2018-08-20', '2018-08-20'),
(153, 120, '40.00', NULL, 'INGRESO DE ATENCIONES', 'EF', NULL, 1, 5, '2018-08-20', '2018-08-20'),
(154, 121, '40.00', NULL, 'INGRESO DE ATENCIONES', 'EF', NULL, 1, 5, '2018-08-20', '2018-08-20'),
(155, 122, '40.00', NULL, 'INGRESO DE ATENCIONES', '0', NULL, 1, 6, '2018-08-20', '2018-08-20'),
(156, 123, '140.00', NULL, 'INGRESO DE ATENCIONES', 'EF', NULL, 1, 5, '2018-08-20', '2018-08-20'),
(157, 124, '40.00', NULL, 'INGRESO DE ATENCIONES', '0', NULL, 1, 6, '2018-08-20', '2018-08-20'),
(158, 125, '35.00', NULL, 'INGRESO DE ATENCIONES', 'EF', NULL, 1, 5, '2018-08-20', '2018-08-20'),
(159, 126, '100.00', NULL, 'INGRESO DE ATENCIONES', '0', NULL, 1, 6, '2018-08-20', '2018-08-20'),
(160, 127, '75.00', NULL, 'INGRESO DE ATENCIONES', 'EF', NULL, 1, 5, '2018-08-20', '2018-08-20'),
(161, 128, '20.00', NULL, 'INGRESO DE ATENCIONES', 'EF', NULL, 1, 5, '2018-08-20', '2018-08-20'),
(162, 129, '40.00', NULL, 'INGRESO DE ATENCIONES', 'EF', NULL, 1, 5, '2018-08-20', '2018-08-20'),
(163, 130, '40.00', NULL, 'INGRESO DE ATENCIONES', 'EF', NULL, 1, 5, '2018-08-20', '2018-08-20'),
(164, 131, '25.00', NULL, 'INGRESO DE ATENCIONES', 'EF', NULL, 1, 5, '2018-08-20', '2018-08-20'),
(165, 132, '40.00', NULL, 'INGRESO DE ATENCIONES', '0', NULL, 1, 6, '2018-08-20', '2018-08-20'),
(166, 133, '40.00', NULL, 'INGRESO DE ATENCIONES', '0', NULL, 1, 6, '2018-08-20', '2018-08-20'),
(167, 134, '40.00', NULL, 'INGRESO DE ATENCIONES', '0', NULL, 1, 6, '2018-08-20', '2018-08-20'),
(168, 135, '25.00', NULL, 'INGRESO DE ATENCIONES', 'EF', NULL, 1, 5, '2018-08-20', '2018-08-20'),
(169, 136, '50.00', NULL, 'INGRESO DE ATENCIONES', '0', NULL, 1, 6, '2018-08-20', '2018-08-20'),
(170, 137, '60.00', NULL, 'INGRESO DE ATENCIONES', 'EF', NULL, 1, 1, '2018-08-20', '2018-08-20'),
(171, 138, '25.00', NULL, 'INGRESO DE ATENCIONES', '0', NULL, 1, 6, '2018-08-20', '2018-08-20'),
(172, 139, '20.00', NULL, 'INGRESO DE ATENCIONES', 'EF', NULL, 1, 5, '2018-08-20', '2018-08-20'),
(173, 140, '20.00', NULL, 'INGRESO DE ATENCIONES', 'EF', NULL, 1, 5, '2018-08-20', '2018-08-20'),
(174, 141, '25.00', NULL, 'INGRESO DE ATENCIONES', 'EF', NULL, 1, 5, '2018-08-20', '2018-08-20'),
(175, 142, '60.00', NULL, 'INGRESO DE ATENCIONES', '0', NULL, 1, 6, '2018-08-20', '2018-08-20'),
(176, 143, '60.00', NULL, 'INGRESO DE ATENCIONES', '0', NULL, 1, 6, '2018-08-20', '2018-08-20'),
(177, 144, '25.00', NULL, 'INGRESO DE ATENCIONES', 'EF', NULL, 1, 5, '2018-08-20', '2018-08-20'),
(178, 145, '60.00', NULL, 'INGRESO DE ATENCIONES', '0', NULL, 1, 6, '2018-08-20', '2018-08-20'),
(179, 146, '60.00', NULL, 'INGRESO DE ATENCIONES', 'EF', NULL, 1, 5, '2018-08-20', '2018-08-20'),
(180, 147, '70.00', NULL, 'INGRESO DE ATENCIONES', 'EF', NULL, 1, 5, '2018-08-20', '2018-08-20'),
(181, 148, '115.00', NULL, 'INGRESO DE ATENCIONES', 'EF', NULL, 1, 5, '2018-08-20', '2018-08-20'),
(182, 149, '10.00', NULL, 'INGRESO DE ATENCIONES', 'EF', NULL, 1, 5, '2018-08-20', '2018-08-20'),
(183, 150, '40.00', NULL, 'INGRESO DE ATENCIONES', '0', NULL, 1, 6, '2018-08-20', '2018-08-20'),
(184, 151, '60.00', NULL, 'INGRESO DE ATENCIONES', '0', NULL, 1, 6, '2018-08-20', '2018-08-20'),
(185, 152, '60.00', NULL, 'INGRESO DE ATENCIONES', '0', NULL, 1, 6, '2018-08-20', '2018-08-20'),
(186, 153, '60.00', NULL, 'INGRESO DE ATENCIONES', '0', NULL, 1, 6, '2018-08-20', '2018-08-20'),
(187, 154, '40.00', NULL, 'INGRESO DE ATENCIONES', '0', NULL, 1, 6, '2018-08-20', '2018-08-20'),
(188, 155, '50.00', NULL, 'INGRESO DE ATENCIONES', '0', NULL, 1, 6, '2018-08-20', '2018-08-20'),
(189, 156, '25.00', NULL, 'INGRESO DE ATENCIONES', 'EF', NULL, 1, 5, '2018-08-20', '2018-08-20'),
(190, 157, '60.00', NULL, 'INGRESO DE ATENCIONES', 'EF', NULL, 1, 5, '2018-08-20', '2018-08-20'),
(191, 158, '25.00', NULL, 'INGRESO DE ATENCIONES', 'EF', NULL, 1, 5, '2018-08-21', '2018-08-21'),
(192, 159, '25.00', NULL, 'INGRESO DE ATENCIONES', 'EF', NULL, 1, 5, '2018-08-21', '2018-08-21'),
(193, 160, '60.00', NULL, 'INGRESO DE ATENCIONES', 'EF', NULL, 1, 5, '2018-08-21', '2018-08-21'),
(194, 161, '25.00', NULL, 'INGRESO DE ATENCIONES', '0', NULL, 1, 6, '2018-08-21', '2018-08-21'),
(195, 162, '25.00', NULL, 'INGRESO DE ATENCIONES', 'EF', NULL, 1, 5, '2018-08-21', '2018-08-21'),
(196, 163, '180.00', NULL, 'INGRESO DE ATENCIONES', 'EF', NULL, 1, 1, '2018-08-21', '2018-08-21'),
(197, 164, '60.00', NULL, 'INGRESO DE ATENCIONES', '0', NULL, 1, 1, '2018-08-22', '2018-08-22'),
(198, 165, '45.00', NULL, 'INGRESO DE ATENCIONES', 'EF', NULL, 1, 5, '2018-08-22', '2018-08-22'),
(199, 166, '80.00', NULL, 'INGRESO DE ATENCIONES', 'EF', NULL, 1, 5, '2018-08-22', '2018-08-22'),
(200, 167, '40.00', NULL, 'INGRESO DE ATENCIONES', 'EF', NULL, 1, 5, '2018-08-22', '2018-08-22'),
(201, 168, '50.00', NULL, 'INGRESO DE ATENCIONES', 'EF', NULL, 1, 5, '2018-08-22', '2018-08-22'),
(202, 169, '65.00', NULL, 'INGRESO DE ATENCIONES', 'EF', NULL, 1, 5, '2018-08-22', '2018-08-22'),
(203, 170, '65.00', NULL, 'INGRESO DE ATENCIONES', 'EF', NULL, 1, 5, '2018-08-22', '2018-08-22'),
(204, 171, '45.00', NULL, 'INGRESO DE ATENCIONES', 'EF', NULL, 1, 5, '2018-08-22', '2018-08-22'),
(205, 172, '85.00', NULL, 'INGRESO DE ATENCIONES', 'EF', NULL, 1, 5, '2018-08-22', '2018-08-22'),
(206, 173, '180.00', NULL, 'INGRESO DE ATENCIONES', 'EF', NULL, 1, 1, '2018-08-22', '2018-08-22'),
(207, 174, '25.00', NULL, 'INGRESO DE ATENCIONES', 'EF', NULL, 1, 5, '2018-08-22', '2018-08-22'),
(208, 175, '25.00', NULL, 'INGRESO DE ATENCIONES', 'EF', NULL, 1, 5, '2018-08-22', '2018-08-22'),
(209, 176, '0.85', NULL, 'INGRESO DE ATENCIONES', 'EF', NULL, 1, 5, '2018-08-22', '2018-08-22'),
(210, 177, '20.00', NULL, 'INGRESO DE ATENCIONES', 'EF', NULL, 4, 8, '2018-08-22', '2018-08-22'),
(211, 178, '20.00', NULL, 'INGRESO DE ATENCIONES', 'EF', NULL, 4, 8, '2018-08-22', '2018-08-22'),
(212, 179, '2.00', NULL, 'INGRESO DE ATENCIONES', 'EF', NULL, 1, 1, '2018-08-22', '2018-08-22'),
(213, 180, '100.00', NULL, 'INGRESO DE ATENCIONES', 'EF', NULL, 4, 8, '2018-08-22', '2018-08-22'),
(214, 181, '20.00', NULL, 'INGRESO DE ATENCIONES', 'EF', NULL, 4, 8, '2018-08-22', '2018-08-22'),
(215, 182, '20.00', NULL, 'INGRESO DE ATENCIONES', 'EF', NULL, 4, 8, '2018-08-22', '2018-08-22'),
(216, 183, '20.00', NULL, 'INGRESO DE ATENCIONES', 'EF', NULL, 4, 8, '2018-08-22', '2018-08-22'),
(217, 184, '20.00', NULL, 'INGRESO DE ATENCIONES', 'EF', NULL, 4, 8, '2018-08-23', '2018-08-23'),
(218, 185, '20.00', NULL, 'INGRESO DE ATENCIONES', 'EF', NULL, 4, 8, '2018-08-23', '2018-08-23'),
(219, 186, '20.00', NULL, 'INGRESO DE ATENCIONES', 'EF', NULL, 4, 8, '2018-08-23', '2018-08-23'),
(220, 187, '20.00', NULL, 'INGRESO DE ATENCIONES', 'EF', NULL, 4, 8, '2018-08-23', '2018-08-23'),
(221, 188, '60.00', NULL, 'INGRESO DE ATENCIONES', 'EF', NULL, 1, 1, '2018-08-23', '2018-08-23'),
(222, 189, '60.00', NULL, 'INGRESO DE ATENCIONES', 'EF', NULL, 1, 1, '2018-08-23', '2018-08-23'),
(223, 188, '0', 'CUENTAS POR COBRAR', 'CUENTAS POR COBRAR', NULL, 'CC', 1, 1, '2018-08-23', '2018-08-23'),
(224, 190, '50.00', NULL, 'INGRESO DE ATENCIONES', 'EF', NULL, 1, 1, '2018-08-23', '2018-08-23'),
(225, 191, '2.00', NULL, 'INGRESO DE ATENCIONES', 'EF', NULL, 1, 1, '2018-08-23', '2018-08-23'),
(226, 192, '2.00', NULL, 'INGRESO DE ATENCIONES', 'EF', NULL, 1, 1, '2018-08-23', '2018-08-23'),
(227, 193, '11.11', NULL, 'INGRESO DE ATENCIONES', 'EF', NULL, 1, 1, '2018-08-23', '2018-08-23'),
(228, 194, '100.00', NULL, 'INGRESO DE ATENCIONES', 'EF', NULL, 4, 8, '2018-08-23', '2018-08-23'),
(229, 195, '22.22', NULL, 'INGRESO DE ATENCIONES', 'EF', NULL, 1, 1, '2018-08-23', '2018-08-23'),
(230, 196, '40.00', NULL, 'INGRESO DE ATENCIONES', 'EF', NULL, 1, 5, '2018-08-23', '2018-08-23'),
(234, 200, '40.00', NULL, 'INGRESO DE ATENCIONES', '0', NULL, 1, 6, '2018-08-23', '2018-08-23'),
(235, 201, '120.00', NULL, 'INGRESO DE ATENCIONES', '0', NULL, 1, 6, '2018-08-23', '2018-08-23'),
(237, 203, '40.00', NULL, 'INGRESO DE ATENCIONES', 'EF', NULL, 1, 5, '2018-08-23', '2018-08-23'),
(238, 204, '40.00', NULL, 'INGRESO DE ATENCIONES', 'EF', NULL, 1, 5, '2018-08-23', '2018-08-23'),
(239, 205, '60.00', NULL, 'INGRESO DE ATENCIONES', 'EF', NULL, 1, 5, '2018-08-23', '2018-08-23'),
(240, 206, '60.00', NULL, 'INGRESO DE ATENCIONES', 'EF', NULL, 1, 5, '2018-08-23', '2018-08-23'),
(241, 207, '40.00', NULL, 'INGRESO DE ATENCIONES', 'EF', NULL, 1, 5, '2018-08-23', '2018-08-23'),
(242, 208, '40.00', NULL, 'INGRESO DE ATENCIONES', 'EF', NULL, 1, 5, '2018-08-23', '2018-08-23'),
(243, 209, '40.00', NULL, 'INGRESO DE ATENCIONES', '0', NULL, 1, 6, '2018-08-23', '2018-08-23'),
(244, 210, '60.00', NULL, 'INGRESO DE ATENCIONES', '0', NULL, 1, 6, '2018-08-23', '2018-08-23'),
(245, 211, '60.00', NULL, 'INGRESO DE ATENCIONES', '0', NULL, 1, 6, '2018-08-23', '2018-08-23'),
(246, 212, '44.44', NULL, 'INGRESO DE ATENCIONES', 'EF', NULL, 1, 1, '2018-08-23', '2018-08-23'),
(248, 214, '25.00', NULL, 'INGRESO DE ATENCIONES', '0', NULL, 1, 6, '2018-08-23', '2018-08-23'),
(251, 216, '60.00', NULL, 'INGRESO DE ATENCIONES', 'EF', NULL, 1, 1, '2018-08-23', '2018-08-23'),
(252, 217, '60.00', NULL, 'INGRESO DE ATENCIONES', 'EF', NULL, 1, 1, '2018-08-23', '2018-08-23'),
(253, 218, '180.00', NULL, 'INGRESO DE ATENCIONES', 'EF', NULL, 1, 1, '2018-08-23', '2018-08-23'),
(254, 219, '20.00', NULL, 'INGRESO DE ATENCIONES', '0', NULL, 1, 6, '2018-08-24', '2018-08-24'),
(255, 220, '45.00', NULL, 'INGRESO DE ATENCIONES', '0', NULL, 1, 6, '2018-08-24', '2018-08-24'),
(257, 222, '60.00', NULL, 'INGRESO DE ATENCIONES', '0', NULL, 1, 6, '2018-08-24', '2018-08-24'),
(258, 223, '60.00', NULL, 'INGRESO DE ATENCIONES', 'EF', NULL, 1, 5, '2018-08-24', '2018-08-24'),
(259, 224, '110.00', NULL, 'INGRESO DE ATENCIONES', 'EF', NULL, 1, 6, '2018-08-24', '2018-08-24'),
(260, 225, '60.00', NULL, 'INGRESO DE ATENCIONES', '0', NULL, 1, 6, '2018-08-24', '2018-08-24'),
(261, 226, '20.00', NULL, 'INGRESO DE ATENCIONES', 'EF', NULL, 1, 5, '2018-08-24', '2018-08-24'),
(262, 227, '25.00', NULL, 'INGRESO DE ATENCIONES', 'EF', NULL, 1, 5, '2018-08-24', '2018-08-24'),
(263, 228, '40.00', NULL, 'INGRESO DE ATENCIONES', 'EF', NULL, 1, 5, '2018-08-24', '2018-08-24'),
(264, 229, '60.00', NULL, 'INGRESO DE ATENCIONES', 'EF', NULL, 1, 5, '2018-08-24', '2018-08-24'),
(265, 230, '40.00', NULL, 'INGRESO DE ATENCIONES', 'EF', NULL, 1, 5, '2018-08-24', '2018-08-24'),
(266, 231, '2.00', NULL, 'INGRESO DE ATENCIONES', 'EF', NULL, 1, 1, '2018-08-24', '2018-08-24'),
(267, 232, '80.00', NULL, 'INGRESO DE ATENCIONES', '0', NULL, 1, 6, '2018-08-24', '2018-08-24'),
(268, 233, '40.00', NULL, 'INGRESO DE ATENCIONES', '0', NULL, 1, 6, '2018-08-24', '2018-08-24'),
(269, 234, '60.00', NULL, 'INGRESO DE ATENCIONES', '0', NULL, 1, 6, '2018-08-24', '2018-08-24'),
(270, 235, '20.00', NULL, 'INGRESO DE ATENCIONES', '0', NULL, 1, 6, '2018-08-24', '2018-08-24'),
(271, 236, '25.00', NULL, 'INGRESO DE ATENCIONES', 'EF', NULL, 1, 5, '2018-08-24', '2018-08-24'),
(272, 237, '60.00', NULL, 'INGRESO DE ATENCIONES', 'EF', NULL, 1, 5, '2018-08-24', '2018-08-24'),
(273, 238, '40.00', NULL, 'INGRESO DE ATENCIONES', 'EF', NULL, 1, 5, '2018-08-24', '2018-08-24'),
(274, 239, '25.00', NULL, 'INGRESO DE ATENCIONES', 'EF', NULL, 1, 5, '2018-08-24', '2018-08-24'),
(275, 240, '60.00', NULL, 'INGRESO DE ATENCIONES', 'EF', NULL, 1, 5, '2018-08-24', '2018-08-24'),
(276, 241, '40.00', NULL, 'INGRESO DE ATENCIONES', '0', NULL, 1, 6, '2018-08-24', '2018-08-24'),
(278, 243, '50.00', NULL, 'INGRESO DE ATENCIONES', '0', NULL, 1, 6, '2018-08-24', '2018-08-24'),
(279, 244, '20.00', NULL, 'INGRESO DE ATENCIONES', '0', NULL, 1, 6, '2018-08-24', '2018-08-24'),
(280, 245, '260.00', NULL, 'INGRESO DE ATENCIONES', 'EF', NULL, 1, 1, '2018-08-24', '2018-08-24'),
(281, 246, '60.00', NULL, 'INGRESO DE ATENCIONES', 'EF', NULL, 1, 5, '2018-08-25', '2018-08-25'),
(282, 247, '40.00', NULL, 'INGRESO DE ATENCIONES', 'EF', NULL, 1, 5, '2018-08-25', '2018-08-25'),
(283, 248, '40.00', NULL, 'INGRESO DE ATENCIONES', 'EF', NULL, 1, 5, '2018-08-25', '2018-08-25'),
(284, 249, '60.00', NULL, 'INGRESO DE ATENCIONES', 'EF', NULL, 1, 5, '2018-08-25', '2018-08-25'),
(285, 250, '45.00', NULL, 'INGRESO DE ATENCIONES', '0', NULL, 1, 6, '2018-08-25', '2018-08-25'),
(286, 251, '40.00', NULL, 'INGRESO DE ATENCIONES', '0', NULL, 1, 6, '2018-08-25', '2018-08-25'),
(287, 252, '20.00', NULL, 'INGRESO DE ATENCIONES', '0', NULL, 1, 6, '2018-08-25', '2018-08-25'),
(288, 253, '20.00', NULL, 'INGRESO DE ATENCIONES', 'EF', NULL, 4, 8, '2018-08-25', '2018-08-25'),
(289, 254, '20.00', NULL, 'INGRESO DE ATENCIONES', 'EF', NULL, 1, 5, '2018-08-25', '2018-08-25'),
(290, 255, '80.00', NULL, 'INGRESO DE ATENCIONES', 'EF', NULL, 4, 8, '2018-08-25', '2018-08-25'),
(291, NULL, '10.00', 'GRABACION PCTE JANAMPA TOCAS GIANI', 'OTROS INGRESOS', 'EF', 'O', 1, 5, '2018-08-25', '2018-08-25'),
(292, 256, '75.00', NULL, 'INGRESO DE ATENCIONES', 'EF', NULL, 1, 5, '2018-08-25', '2018-08-25'),
(293, 257, '40.00', NULL, 'INGRESO DE ATENCIONES', 'EF', NULL, 1, 5, '2018-08-25', '2018-08-25'),
(294, NULL, '5.00', 'APLICACION DE DEXAMETASONA', 'OTROS INGRESOS', 'EF', 'O', 1, 5, '2018-08-25', '2018-08-25'),
(295, 258, '20.00', NULL, 'INGRESO DE ATENCIONES', 'EF', NULL, 4, 8, '2018-08-25', '2018-08-25'),
(296, 259, '25.00', NULL, 'INGRESO DE ATENCIONES', 'EF', NULL, 1, 5, '2018-08-25', '2018-08-25'),
(297, 260, '40.00', NULL, 'INGRESO DE ATENCIONES', 'EF', NULL, 1, 6, '2018-08-25', '2018-08-25'),
(298, 261, '50.00', NULL, 'INGRESO DE ATENCIONES', 'EF', NULL, 4, 8, '2018-08-25', '2018-08-25'),
(299, 262, '20.00', NULL, 'INGRESO DE ATENCIONES', 'EF', NULL, 1, 6, '2018-08-25', '2018-08-25'),
(300, 263, '20.00', NULL, 'INGRESO DE ATENCIONES', 'EF', NULL, 4, 8, '2018-08-25', '2018-08-25'),
(301, 264, '60.00', NULL, 'INGRESO DE ATENCIONES', 'EF', NULL, 1, 5, '2018-08-25', '2018-08-25'),
(302, 265, '60.00', NULL, 'INGRESO DE ATENCIONES', 'EF', NULL, 1, 5, '2018-08-25', '2018-08-25'),
(303, 266, '40.00', NULL, 'INGRESO DE ATENCIONES', 'EF', NULL, 1, 5, '2018-08-25', '2018-08-25'),
(304, 267, '60.00', NULL, 'INGRESO DE ATENCIONES', 'EF', NULL, 1, 1, '2018-08-25', '2018-08-25'),
(305, 268, '100.00', NULL, 'INGRESO DE ATENCIONES', 'EF', NULL, 4, 8, '2018-08-25', '2018-08-25'),
(306, 269, '40.00', NULL, 'INGRESO DE ATENCIONES', 'EF', NULL, 1, 5, '2018-08-25', '2018-08-25'),
(307, 270, '40.00', NULL, 'INGRESO DE ATENCIONES', 'EF', NULL, 1, 5, '2018-08-25', '2018-08-25'),
(308, 271, '120.00', NULL, 'INGRESO DE ATENCIONES', 'EF', NULL, 4, 8, '2018-08-25', '2018-08-25'),
(309, 272, '150.00', NULL, 'INGRESO DE ATENCIONES', 'EF', NULL, 4, 8, '2018-08-25', '2018-08-25'),
(310, 273, '60.00', NULL, 'INGRESO DE ATENCIONES', 'EF', NULL, 1, 6, '2018-08-25', '2018-08-25'),
(311, 274, '25.00', NULL, 'INGRESO DE ATENCIONES', 'EF', NULL, 1, 5, '2018-08-25', '2018-08-25'),
(312, 275, '100.00', NULL, 'INGRESO DE ATENCIONES', 'EF', NULL, 1, 1, '2018-08-25', '2018-08-25'),
(313, 275, '80', 'CUENTAS POR COBRAR', 'CUENTAS POR COBRAR', NULL, 'CC', 1, 1, '2018-08-25', '2018-08-25'),
(314, 276, '25.00', NULL, 'INGRESO DE ATENCIONES', 'EF', NULL, 1, 5, '2018-08-25', '2018-08-25'),
(315, 277, '15.00', NULL, 'INGRESO DE ATENCIONES', 'EF', NULL, 1, 5, '2018-08-25', '2018-08-25'),
(316, 278, '100.00', NULL, 'INGRESO DE ATENCIONES', 'EF', NULL, 1, 6, '2018-08-25', '2018-08-25'),
(317, 279, '80.00', NULL, 'INGRESO DE ATENCIONES', 'EF', NULL, 4, 8, '2018-08-25', '2018-08-25'),
(318, 280, '15.00', NULL, 'INGRESO DE ATENCIONES', 'EF', NULL, 1, 5, '2018-08-25', '2018-08-25'),
(319, 281, '40.00', NULL, 'INGRESO DE ATENCIONES', 'EF', NULL, 1, 6, '2018-08-25', '2018-08-25'),
(320, 282, '40.00', NULL, 'INGRESO DE ATENCIONES', 'EF', NULL, 1, 5, '2018-08-25', '2018-08-25'),
(321, 283, '25.00', NULL, 'INGRESO DE ATENCIONES', 'EF', NULL, 1, 6, '2018-08-25', '2018-08-25'),
(322, 284, '40.00', NULL, 'INGRESO DE ATENCIONES', 'EF', NULL, 1, 5, '2018-08-25', '2018-08-25'),
(323, 285, '45.00', NULL, 'INGRESO DE ATENCIONES', 'EF', NULL, 1, 6, '2018-08-25', '2018-08-25'),
(324, 286, '90.00', NULL, 'INGRESO DE ATENCIONES', '0', NULL, 4, 8, '2018-08-25', '2018-08-25'),
(325, 287, '60.00', NULL, 'INGRESO DE ATENCIONES', 'EF', NULL, 1, 5, '2018-08-25', '2018-08-25'),
(326, 288, '90.00', NULL, 'INGRESO DE ATENCIONES', '0', NULL, 4, 8, '2018-08-25', '2018-08-25'),
(327, 289, '90.00', NULL, 'INGRESO DE ATENCIONES', '0', NULL, 4, 8, '2018-08-25', '2018-08-25'),
(328, 290, '90.00', NULL, 'INGRESO DE ATENCIONES', 'EF', NULL, 4, 8, '2018-08-25', '2018-08-25'),
(329, 291, '40.00', NULL, 'INGRESO DE ATENCIONES', 'EF', NULL, 1, 5, '2018-08-25', '2018-08-25'),
(330, 292, '40.00', NULL, 'INGRESO DE ATENCIONES', 'EF', NULL, 1, 6, '2018-08-25', '2018-08-25'),
(331, 293, '20.00', NULL, 'INGRESO DE ATENCIONES', 'EF', NULL, 1, 5, '2018-08-25', '2018-08-25'),
(332, 294, '20.00', NULL, 'INGRESO DE ATENCIONES', 'EF', NULL, 1, 5, '2018-08-25', '2018-08-25'),
(333, 295, '120.00', NULL, 'INGRESO DE ATENCIONES', 'EF', NULL, 4, 8, '2018-08-25', '2018-08-25'),
(334, 296, '80.00', NULL, 'INGRESO DE ATENCIONES', 'EF', NULL, 4, 8, '2018-08-25', '2018-08-25'),
(335, 297, '80.00', NULL, 'INGRESO DE ATENCIONES', 'EF', NULL, 4, 8, '2018-08-25', '2018-08-25'),
(336, 298, '60.00', NULL, 'INGRESO DE ATENCIONES', 'EF', NULL, 1, 5, '2018-08-25', '2018-08-25'),
(337, 299, '50.00', NULL, 'INGRESO DE ATENCIONES', 'EF', NULL, 4, 8, '2018-08-25', '2018-08-25'),
(338, 300, '100.00', NULL, 'INGRESO DE ATENCIONES', 'EF', NULL, 1, 6, '2018-08-25', '2018-08-25'),
(341, 231, '298', 'CUENTAS POR COBRAR', 'CUENTAS POR COBRAR', NULL, 'CC', 1, 1, '2018-08-26', '2018-08-26'),
(342, 190, '250', 'CUENTAS POR COBRAR', 'CUENTAS POR COBRAR', NULL, 'CC', 1, 1, '2018-08-26', '2018-08-26'),
(343, 193, '309', 'CUENTAS POR COBRAR', 'CUENTAS POR COBRAR', NULL, 'CC', 1, 1, '2018-08-26', '2018-08-26'),
(344, 303, '60.00', NULL, 'INGRESO DE ATENCIONES', 'EF', NULL, 1, 1, '2018-08-26', '2018-08-26'),
(346, 305, '200.00', NULL, 'INGRESO DE ATENCIONES', 'EF', NULL, 1, 1, '2018-08-26', '2018-08-26'),
(348, 307, '2.00', NULL, 'INGRESO DE ATENCIONES', 'EF', NULL, 1, 1, '2018-08-26', '2018-08-26'),
(349, 308, '2.00', NULL, 'INGRESO DE ATENCIONES', 'EF', NULL, 1, 1, '2018-08-26', '2018-08-26'),
(350, 309, '22.22', NULL, 'INGRESO DE ATENCIONES', 'EF', NULL, 1, 1, '2018-08-26', '2018-08-26'),
(351, 310, '2.00', NULL, 'INGRESO DE ATENCIONES', 'EF', NULL, 1, 1, '2018-08-26', '2018-08-26'),
(352, 311, '140.00', NULL, 'INGRESO DE ATENCIONES', 'EF', NULL, 1, 1, '2018-08-26', '2018-08-26'),
(353, 312, '100.00', NULL, 'INGRESO DE ATENCIONES', 'EF', NULL, 1, 1, '2018-08-26', '2018-08-26'),
(354, 313, '25.00', NULL, 'INGRESO DE ATENCIONES', 'EF', NULL, 1, 5, '2018-08-27', '2018-08-27'),
(355, 314, '40.00', NULL, 'INGRESO DE ATENCIONES', 'EF', NULL, 1, 5, '2018-08-27', '2018-08-27'),
(356, 315, '100.00', NULL, 'INGRESO DE ATENCIONES', 'EF', NULL, 4, 8, '2018-08-27', '2018-08-27'),
(357, 316, '20.00', NULL, 'INGRESO DE ATENCIONES', 'EF', NULL, 1, 5, '2018-08-27', '2018-08-27'),
(358, 317, '35.00', NULL, 'INGRESO DE ATENCIONES', 'EF', NULL, 4, 8, '2018-08-27', '2018-08-27'),
(359, 318, '80.00', NULL, 'INGRESO DE ATENCIONES', 'EF', NULL, 4, 8, '2018-08-27', '2018-08-27'),
(360, 319, '190.00', NULL, 'INGRESO DE ATENCIONES', 'EF', NULL, 1, 5, '2018-08-27', '2018-08-27'),
(361, 320, '55.00', NULL, 'INGRESO DE ATENCIONES', 'EF', NULL, 1, 5, '2018-08-27', '2018-08-27'),
(362, 321, '45.00', NULL, 'INGRESO DE ATENCIONES', 'EF', NULL, 1, 5, '2018-08-27', '2018-08-27'),
(363, 322, '45.00', NULL, 'INGRESO DE ATENCIONES', 'EF', NULL, 1, 5, '2018-08-27', '2018-08-27'),
(364, 323, '60.00', NULL, 'INGRESO DE ATENCIONES', 'EF', NULL, 1, 5, '2018-08-27', '2018-08-27'),
(365, 324, '50.00', NULL, 'INGRESO DE ATENCIONES', 'EF', NULL, 4, 8, '2018-08-27', '2018-08-27'),
(366, 325, '40.00', NULL, 'INGRESO DE ATENCIONES', 'EF', NULL, 1, 5, '2018-08-27', '2018-08-27'),
(367, 326, '80.00', NULL, 'INGRESO DE ATENCIONES', 'EF', NULL, 4, 8, '2018-08-27', '2018-08-27'),
(368, 327, '25.00', NULL, 'INGRESO DE ATENCIONES', 'EF', NULL, 1, 5, '2018-08-27', '2018-08-27'),
(369, 328, '80.00', NULL, 'INGRESO DE ATENCIONES', 'EF', NULL, 4, 8, '2018-08-27', '2018-08-27'),
(370, 329, '40.00', NULL, 'INGRESO DE ATENCIONES', 'EF', NULL, 1, 5, '2018-08-27', '2018-08-27'),
(371, 330, '25.00', NULL, 'INGRESO DE ATENCIONES', 'EF', NULL, 1, 5, '2018-08-27', '2018-08-27'),
(372, 331, '25.00', NULL, 'INGRESO DE ATENCIONES', 'EF', NULL, 1, 5, '2018-08-27', '2018-08-27'),
(373, 332, '100.00', NULL, 'INGRESO DE ATENCIONES', 'EF', NULL, 1, 6, '2018-08-27', '2018-08-27'),
(374, 333, '40.00', NULL, 'INGRESO DE ATENCIONES', 'EF', NULL, 1, 6, '2018-08-27', '2018-08-27'),
(375, 334, '200.00', NULL, 'INGRESO DE ATENCIONES', 'EF', NULL, 1, 1, '2018-08-27', '2018-08-27'),
(376, NULL, '10.00', 'medida c presion', 'OTROS INGRESOS', 'EF', 'O', 1, 1, '2018-08-27', '2018-08-27'),
(377, 335, '60.00', NULL, 'INGRESO DE ATENCIONES', 'EF', NULL, 1, 6, '2018-08-27', '2018-08-27'),
(378, 336, '60.00', NULL, 'INGRESO DE ATENCIONES', 'EF', NULL, 1, 5, '2018-08-27', '2018-08-27'),
(380, 338, '60.00', NULL, 'INGRESO DE ATENCIONES', 'EF', NULL, 1, 6, '2018-08-27', '2018-08-27'),
(381, 339, '20.00', NULL, 'INGRESO DE ATENCIONES', 'EF', NULL, 4, 8, '2018-08-27', '2018-08-27'),
(382, 340, '40.00', NULL, 'INGRESO DE ATENCIONES', 'EF', NULL, 1, 5, '2018-08-27', '2018-08-27'),
(383, 341, '40.00', NULL, 'INGRESO DE ATENCIONES', 'EF', NULL, 1, 5, '2018-08-27', '2018-08-27'),
(384, 342, '55.00', NULL, 'INGRESO DE ATENCIONES', 'EF', NULL, 1, 6, '2018-08-27', '2018-08-27'),
(385, 343, '100.00', NULL, 'INGRESO DE ATENCIONES', 'EF', NULL, 4, 8, '2018-08-27', '2018-08-27'),
(386, 344, '20.00', NULL, 'INGRESO DE ATENCIONES', 'EF', NULL, 1, 5, '2018-08-27', '2018-08-27'),
(387, 345, '70.00', NULL, 'INGRESO DE ATENCIONES', 'EF', NULL, 4, 8, '2018-08-27', '2018-08-27'),
(388, 346, '25.00', NULL, 'INGRESO DE ATENCIONES', 'EF', NULL, 1, 6, '2018-08-27', '2018-08-27'),
(389, 347, '40.00', NULL, 'INGRESO DE ATENCIONES', 'EF', NULL, 1, 6, '2018-08-27', '2018-08-27'),
(390, 348, '25.00', NULL, 'INGRESO DE ATENCIONES', 'EF', NULL, 1, 6, '2018-08-27', '2018-08-27'),
(391, 349, '25.00', NULL, 'INGRESO DE ATENCIONES', 'EF', NULL, 1, 5, '2018-08-27', '2018-08-27'),
(392, 350, '60.00', NULL, 'INGRESO DE ATENCIONES', 'EF', NULL, 1, 5, '2018-08-27', '2018-08-27'),
(393, 351, '40.00', NULL, 'INGRESO DE ATENCIONES', 'EF', NULL, 1, 5, '2018-08-27', '2018-08-27'),
(394, 352, '20.00', NULL, 'INGRESO DE ATENCIONES', 'EF', NULL, 1, 5, '2018-08-27', '2018-08-27'),
(395, 353, '40.00', NULL, 'INGRESO DE ATENCIONES', 'EF', NULL, 1, 5, '2018-08-27', '2018-08-27'),
(396, 354, '100.00', NULL, 'INGRESO DE ATENCIONES', 'EF', NULL, 4, 8, '2018-08-27', '2018-08-27'),
(397, 355, '40.00', NULL, 'INGRESO DE ATENCIONES', 'EF', NULL, 1, 5, '2018-08-27', '2018-08-27'),
(398, 356, '45.00', NULL, 'INGRESO DE ATENCIONES', 'EF', NULL, 1, 5, '2018-08-27', '2018-08-27'),
(399, 357, '40.00', NULL, 'INGRESO DE ATENCIONES', 'EF', NULL, 1, 5, '2018-08-27', '2018-08-27'),
(400, 358, '100.00', NULL, 'INGRESO DE ATENCIONES', 'EF', NULL, 4, 8, '2018-08-27', '2018-08-27'),
(401, 359, '40.00', NULL, 'INGRESO DE ATENCIONES', 'EF', NULL, 1, 5, '2018-08-27', '2018-08-27'),
(402, 360, '60.00', NULL, 'INGRESO DE ATENCIONES', 'EF', NULL, 1, 6, '2018-08-27', '2018-08-27'),
(403, 361, '20.00', NULL, 'INGRESO DE ATENCIONES', 'EF', NULL, 1, 5, '2018-08-27', '2018-08-27'),
(404, 362, '40.00', NULL, 'INGRESO DE ATENCIONES', 'EF', NULL, 1, 5, '2018-08-27', '2018-08-27'),
(405, 363, '20.00', NULL, 'INGRESO DE ATENCIONES', 'EF', NULL, 1, 6, '2018-08-27', '2018-08-27'),
(406, 364, '130.00', NULL, 'INGRESO DE ATENCIONES', 'EF', NULL, 4, 8, '2018-08-27', '2018-08-27'),
(407, 365, '80.00', NULL, 'INGRESO DE ATENCIONES', 'EF', NULL, 4, 8, '2018-08-27', '2018-08-27'),
(408, 366, '45.00', NULL, 'INGRESO DE ATENCIONES', 'EF', NULL, 1, 5, '2018-08-27', '2018-08-27'),
(409, 367, '45.00', NULL, 'INGRESO DE ATENCIONES', 'EF', NULL, 4, 8, '2018-08-27', '2018-08-27'),
(410, 368, '200.00', NULL, 'INGRESO DE ATENCIONES', 'EF', NULL, 1, 1, '2018-08-27', '2018-08-27'),
(411, 369, '150.00', NULL, 'INGRESO DE ATENCIONES', 'EF', NULL, 4, 8, '2018-08-27', '2018-08-27'),
(416, 373, '72.00', NULL, 'INGRESO DE ATENCIONES', 'EF', NULL, 5, 10, '2018-08-27', '2018-08-27'),
(417, 374, '350.00', NULL, 'INGRESO DE ATENCIONES', 'EF', NULL, 1, 5, '2018-08-28', '2018-08-28'),
(418, 375, '35.00', NULL, 'INGRESO DE ATENCIONES', 'EF', NULL, 1, 5, '2018-08-28', '2018-08-28'),
(419, 376, '40.00', NULL, 'INGRESO DE ATENCIONES', 'EF', NULL, 1, 6, '2018-08-28', '2018-08-28');

-- --------------------------------------------------------

--
-- Estructura de tabla para la tabla `creditos_productos`
--

CREATE TABLE `creditos_productos` (
  `id` bigint(20) UNSIGNED NOT NULL,
  `id_credito` int(11) NOT NULL,
  `id_producto` int(11) NOT NULL,
  `created_at` date NOT NULL,
  `updated_at` date NOT NULL
) ENGINE=InnoDB DEFAULT CHARSET=latin1;

--
-- Volcado de datos para la tabla `creditos_productos`
--

INSERT INTO `creditos_productos` (`id`, `id_credito`, `id_producto`, `created_at`, `updated_at`) VALUES
(1, 62, 1, '2018-08-13', '2018-08-13'),
(2, 62, 3, '2018-08-13', '2018-08-13'),
(3, 63, 2, '2018-08-13', '2018-08-13'),
(4, 63, 3, '2018-08-13', '2018-08-13'),
(5, 66, 2, '2018-08-13', '2018-08-13'),
(6, 66, 3, '2018-08-13', '2018-08-13'),
(7, 68, 9, '2018-08-13', '2018-08-13'),
(8, 69, 2, '2018-08-13', '2018-08-13'),
(9, 69, 3, '2018-08-13', '2018-08-13'),
(10, 69, 5, '2018-08-13', '2018-08-13'),
(11, 69, 6, '2018-08-13', '2018-08-13'),
(12, 72, 9, '2018-08-14', '2018-08-14'),
(13, 124, 18, '2018-08-18', '2018-08-18'),
(14, 150, 3, '2018-08-19', '2018-08-19');

-- --------------------------------------------------------

--
-- Estructura de tabla para la tabla `debitos`
--

CREATE TABLE `debitos` (
  `id` int(11) NOT NULL,
  `descripcion` varchar(200) DEFAULT NULL,
  `id_gasto` int(11) DEFAULT NULL,
  `monto` text NOT NULL,
  `origen` varchar(200) NOT NULL,
  `id_empresa` int(11) NOT NULL,
  `id_sucursal` int(11) NOT NULL,
  `created_at` date NOT NULL,
  `updated_at` date NOT NULL
) ENGINE=InnoDB DEFAULT CHARSET=latin1;

--
-- Volcado de datos para la tabla `debitos`
--

INSERT INTO `debitos` (`id`, `descripcion`, `id_gasto`, `monto`, `origen`, `id_empresa`, `id_sucursal`, `created_at`, `updated_at`) VALUES
(1, 'eeee', 3, '9.999,99', '', 1, 1, '2018-07-28', '2018-07-28'),
(2, 'administrator', NULL, '343', '', 1, 1, '2018-07-28', '2018-07-28'),
(3, 'looooo', NULL, '1000', 'LABORATORIOS POR PAGAR', 1, 1, '2018-07-28', '2018-07-28'),
(4, 'sssss', 5, '20.000,00', 'RELACION DE GASTOS', 1, 1, '2018-07-29', '2018-07-29'),
(5, 'PAGO DE TELEFONO', 6, '20.000,00', 'RELACION DE GASTOS', 1, 1, '2018-07-29', '2018-07-29'),
(6, 'tester', 7, '200.00', 'RELACION DE GASTOS', 1, 1, '2018-07-29', '2018-07-29'),
(7, 'xzxzxz', NULL, '1250', 'LABORATORIOS POR PAGAR', 1, 1, '2018-07-30', '2018-07-30'),
(8, 'mes de julio', 4, '1000.00', 'RELACION DE GASTOS', 1, 1, '2018-08-02', '2018-08-02'),
(9, 'MES DE MAYO 2018', 5, '287.00', 'RELACION DE GASTOS', 1, 1, '2018-08-07', '2018-08-07'),
(10, 'MES DE ABRIL 2018', 6, '87.00', 'RELACION DE GASTOS', 1, 1, '2018-08-07', '2018-08-07'),
(11, 'LDL COLESTEROL', NULL, '4.50', 'LABORATORIOS POR PAGAR', 1, 1, '2018-08-07', '2018-08-07'),
(12, 'PROTEINAS  T-F', NULL, '5.00', 'LABORATORIOS POR PAGAR', 1, 1, '2018-08-07', '2018-08-07'),
(13, 'GLUCOSA POST PRANDIAL', NULL, '3.50', 'LABORATORIOS POR PAGAR', 1, 1, '2018-08-11', '2018-08-11'),
(14, 'mes de agosto', 7, '800.00', 'RELACION DE GASTOS', 1, 1, '2018-08-13', '2018-08-13'),
(15, 'mes setiembre', 8, '149.50', 'RELACION DE GASTOS', 1, 1, '2018-08-13', '2018-08-13'),
(16, 'AGLUTINACIONES EN PLACA', NULL, '7.00', 'LABORATORIOS POR PAGAR', 1, 1, '2018-08-14', '2018-08-14'),
(17, 'PROTEINA C REACTIVA', NULL, '7.00', 'LABORATORIOS POR PAGAR', 1, 1, '2018-08-14', '2018-08-14'),
(18, 'HEPATITIS B ANTICORE  Ig M', NULL, '40.00', 'LABORATORIOS POR PAGAR', 1, 5, '2018-08-14', '2018-08-14'),
(19, 'HEPATITIS B ANTICORE  TOTAL', NULL, '35.00', 'LABORATORIOS POR PAGAR', 1, 1, '2018-08-14', '2018-08-14'),
(20, 'Ig G', NULL, '28.00', 'LABORATORIOS POR PAGAR', 1, 1, '2018-08-15', '2018-08-15'),
(21, 'PERFIL OBSTETRICO CON HIV', NULL, '29.00', 'LABORATORIOS POR PAGAR', 1, 1, '2018-08-16', '2018-08-16'),
(22, 'CA-123 MARCADOR TUMORAL', NULL, '45.00', 'LABORATORIOS POR PAGAR', 1, 1, '2018-08-17', '2018-08-17'),
(23, 'ECOGRAFIA DOPPLER COLOR', NULL, '50.00', 'COMISIONES POR PAGAR', 1, 1, '2018-08-18', '2018-08-18'),
(24, 'PERFIL OBSTETRICO CON HIV', NULL, '29.00', 'LABORATORIOS POR PAGAR', 1, 1, '2018-08-18', '2018-08-18'),
(25, 'CA-123 MARCADOR TUMORAL', NULL, '45.00', 'LABORATORIOS POR PAGAR', 1, 1, '2018-08-20', '2018-08-20'),
(26, 'CONSULTA GINECOLOGICA', NULL, '0.01', 'COMISIONES POR PAGAR', 1, 1, '2018-08-20', '2018-08-20'),
(27, 'ECOGRAFIA DE MAMAS', NULL, '45.80', 'COMISIONES POR PAGAR', 1, 1, '2018-08-20', '2018-08-20'),
(28, 'ECOGRAFIA TRANSVAGINAL', NULL, '25.00', 'COMISIONES POR PAGAR', 1, 1, '2018-08-20', '2018-08-20'),
(29, 'ECOGRAFIA TRANSVAGINAL', NULL, '25.00', 'COMISIONES POR PAGAR', 1, 5, '2018-08-21', '2018-08-21'),
(30, 'ECOGRAFIA DE MAMAS', NULL, '45.80', 'COMISIONES POR PAGAR', 1, 1, '2018-08-23', '2018-08-23'),
(31, 'ORINA COMPLETA', 9, '4.50', 'RELACION DE GASTOS', 1, 6, '2018-08-23', '2018-08-23'),
(32, 'COMPRAS', 10, '5.00', 'RELACION DE GASTOS', 4, 9, '2018-08-23', '2018-08-23'),
(33, 'HIV-ELISA', NULL, '18.00', 'LABORATORIOS POR PAGAR', 1, 6, '2018-08-24', '2018-08-24'),
(34, 'FTA (abs)', NULL, '31.00', 'LABORATORIOS POR PAGAR', 1, 6, '2018-08-24', '2018-08-24'),
(35, 'COMPRA', 11, '10.00', 'RELACION DE GASTOS', 1, 6, '2018-08-24', '2018-08-24'),
(36, 'mes de julio', 12, '149.50', 'RELACION DE GASTOS', 1, 1, '2018-08-24', '2018-08-24'),
(37, 'mes de agosto', 13, '149.50', 'RELACION DE GASTOS', 1, 1, '2018-08-25', '2018-08-25'),
(38, 'HIV- ELISA', NULL, '18.00', 'LABORATORIOS POR PAGAR', 1, 5, '2018-08-25', '2018-08-25'),
(39, 'UROCULTIVO Y ANTIBIOGRAMA', NULL, '18.00', 'LABORATORIOS POR PAGAR', 1, 5, '2018-08-25', '2018-08-25'),
(40, 'DEPOSITO CUETA BCP CLAVE.5246', 14, '100.00', 'RELACION DE GASTOS', 4, 8, '2018-08-25', '2018-08-25'),
(41, 'ORINA COMPLETA', NULL, '4.50', 'LABORATORIOS POR PAGAR', 1, 6, '2018-08-25', '2018-08-25'),
(42, 'compra de bocaditos', 15, '42.50', 'RELACION DE GASTOS', 4, 8, '2018-08-25', '2018-08-25'),
(43, 'adelanto de la semana del señor cesar', 16, '200.00', 'RELACION DE GASTOS', 4, 8, '2018-08-25', '2018-08-25'),
(44, 'ECOGRAFIA TRANSVAGINAL', NULL, '25.00', 'COMISIONES POR PAGAR', 1, 1, '2018-08-26', '2018-08-26'),
(45, 'PASAJE AL AGUSTINO', 17, '1.00', 'RELACION DE GASTOS', 4, 8, '2018-08-27', '2018-08-27'),
(46, 'mes de julio', 18, '50.00', 'RELACION DE GASTOS', 1, 1, '2018-08-27', '2018-08-27'),
(47, 'PERFIL OBSTETRICO CON HIV', NULL, '29.00', 'LABORATORIOS POR PAGAR', 1, 1, '2018-08-27', '2018-08-27'),
(48, 'PASAJE PARA RECOGER DEL COLEGIO A DANIA', 19, '3.50', 'RELACION DE GASTOS', 4, 8, '2018-08-27', '2018-08-27'),
(49, 'ALMUERZO', 20, '5.00', 'RELACION DE GASTOS', 4, 8, '2018-08-27', '2018-08-27'),
(50, 'ALMUERZO DE DANIA SALCEDO CHINCHAY', 21, '5.00', 'RELACION DE GASTOS', 4, 8, '2018-08-27', '2018-08-27'),
(51, 'COLORACION GRAM', NULL, '4.50', 'LABORATORIOS POR PAGAR', 1, 5, '2018-08-27', '2018-08-27'),
(52, 'EXAMEN COMPLETO DE ORINA', NULL, '4.50', 'LABORATORIOS POR PAGAR', 1, 5, '2018-08-27', '2018-08-27'),
(53, 'UROCULTIVO Y ANTIBIOGRAMA', NULL, '18.00', 'LABORATORIOS POR PAGAR', 1, 5, '2018-08-27', '2018-08-27'),
(54, 'cancela cuenta de semana', 22, '125.00', 'RELACION DE GASTOS', 4, 8, '2018-08-27', '2018-08-27'),
(55, 'PORCENTAGE DE OLEOZON', 23, '75.00', 'RELACION DE GASTOS', 4, 8, '2018-08-27', '2018-08-27');

-- --------------------------------------------------------

--
-- Estructura de tabla para la tabla `distritos`
--

CREATE TABLE `distritos` (
  `id` int(11) NOT NULL,
  `nombre` varchar(100) NOT NULL
) ENGINE=InnoDB DEFAULT CHARSET=latin1;

--
-- Volcado de datos para la tabla `distritos`
--

INSERT INTO `distritos` (`id`, `nombre`) VALUES
(1, 'Cercado de Lima'),
(2, 'Ate'),
(3, 'Barranci'),
(4, 'Breña'),
(5, 'Comas'),
(6, 'El Agustino'),
(7, 'Jesùs Maria'),
(8, 'La Molina'),
(9, 'La Victoria'),
(10, 'Lince'),
(11, 'Magdalena del Mar'),
(12, 'Miraflores'),
(13, 'Pueblo Libre'),
(14, 'Puente Piedra'),
(15, 'Rimac'),
(16, 'San Isidro'),
(17, 'Independencia'),
(18, 'San Juan de Miraflores'),
(19, 'San Luis'),
(20, 'San Martin de Porres'),
(21, 'San Miguel'),
(22, 'Santiago de Surco'),
(23, 'Surquillo'),
(24, 'Villa Maria del Triunfo'),
(25, 'San Juan de Lurigancho'),
(26, 'Santa Rosa'),
(27, 'Los Olivos'),
(28, 'Villa el Salvador'),
(29, 'Santa Anita');

-- --------------------------------------------------------

--
-- Estructura de tabla para la tabla `edo_civils`
--

CREATE TABLE `edo_civils` (
  `id` int(11) NOT NULL,
  `nombre` varchar(200) NOT NULL
) ENGINE=InnoDB DEFAULT CHARSET=latin1;

--
-- Volcado de datos para la tabla `edo_civils`
--

INSERT INTO `edo_civils` (`id`, `nombre`) VALUES
(1, 'Soltero'),
(2, 'Casado'),
(3, 'Divorciado'),
(4, 'Concubino');

-- --------------------------------------------------------

--
-- Estructura de tabla para la tabla `empresas`
--

CREATE TABLE `empresas` (
  `id` int(11) NOT NULL,
  `nombre` varchar(100) NOT NULL,
  `created_at` date NOT NULL,
  `updated_at` date NOT NULL
) ENGINE=InnoDB DEFAULT CHARSET=latin1;

--
-- Volcado de datos para la tabla `empresas`
--

INSERT INTO `empresas` (`id`, `nombre`, `created_at`, `updated_at`) VALUES
(1, 'Empresa 1', '0000-00-00', '0000-00-00'),
(2, 'Empresa 2', '2018-07-12', '2018-07-12'),
(3, 'CENTRO MEDICO ANDREA', '2018-08-19', '2018-08-19'),
(4, 'CIOQ SAC', '2018-08-19', '2018-08-19'),
(5, 'SALUD INTEGRAL', '2018-08-25', '2018-08-25');

-- --------------------------------------------------------

--
-- Estructura de tabla para la tabla `especialidads`
--

CREATE TABLE `especialidads` (
  `id` int(11) NOT NULL,
  `nombre` varchar(100) NOT NULL
) ENGINE=InnoDB DEFAULT CHARSET=latin1;

--
-- Volcado de datos para la tabla `especialidads`
--

INSERT INTO `especialidads` (`id`, `nombre`) VALUES
(1, 'Medicina General'),
(2, 'Ginecologìa'),
(3, 'Ginecología'),
(4, 'Obstetra'),
(5, 'Urología'),
(6, 'Gastroenterología'),
(7, 'Pediatría'),
(8, 'Enfermera'),
(9, 'Medicina Interna'),
(10, 'Dermatología'),
(11, 'Traumatología'),
(12, 'Reumatología'),
(13, 'Medicina Familiar'),
(14, 'Cirugía General');

-- --------------------------------------------------------

--
-- Estructura de tabla para la tabla `gastos`
--

CREATE TABLE `gastos` (
  `id` int(11) NOT NULL,
  `name` varchar(200) NOT NULL,
  `concepto` varchar(200) NOT NULL,
  `monto` text NOT NULL,
  `id_empresa` int(11) NOT NULL,
  `id_sucursal` int(11) NOT NULL,
  `created_at` date NOT NULL,
  `updated_at` date NOT NULL
) ENGINE=InnoDB DEFAULT CHARSET=latin1;

--
-- Volcado de datos para la tabla `gastos`
--

INSERT INTO `gastos` (`id`, `name`, `concepto`, `monto`, `id_empresa`, `id_sucursal`, `created_at`, `updated_at`) VALUES
(3, 'pago a entel', 'mes de julio', '149,50', 1, 1, '2018-07-27', '2018-07-27'),
(4, 'STEPHANIA', 'mes de julio', '1000.00', 1, 1, '2018-08-02', '2018-08-02'),
(5, 'SEDAPAL', 'MES DE MAYO 2018', '287.00', 1, 1, '2018-08-07', '2018-08-07'),
(6, 'EDELNOR', 'MES DE ABRIL 2018', '87.00', 1, 1, '2018-08-07', '2018-08-07'),
(7, 'pago local', 'mes de agosto', '800.00', 1, 1, '2018-08-13', '2018-08-13'),
(8, 'pago edelnor', 'mes setiembre', '149.50', 1, 1, '2018-08-13', '2018-08-13'),
(9, 'LABORATORIO', 'ORINA COMPLETA', '4.50', 1, 6, '2018-08-23', '2018-08-23'),
(10, 'COMPRA DE BOLSAS', 'COMPRAS', '5.00', 4, 9, '2018-08-23', '2018-08-23'),
(11, 'COMPRA DE CARGADOR', 'COMPRA', '10.00', 1, 6, '2018-08-24', '2018-08-24'),
(12, 'pago de telefono', 'mes de julio', '149.50', 1, 1, '2018-08-24', '2018-08-24'),
(13, 'EDLENO', 'mes de agosto', '149.50', 1, 1, '2018-08-25', '2018-08-25'),
(14, 'PEÑA PEREZ INGRID', 'DEPOSITO CUETA BCP CLAVE.5246', '100.00', 4, 8, '2018-08-25', '2018-08-25'),
(15, 'lino salcedo', 'compra de bocaditos', '42.50', 4, 8, '2018-08-25', '2018-08-25'),
(16, 'MARILUZ', 'adelanto de la semana del señor cesar', '200.00', 4, 8, '2018-08-25', '2018-08-25'),
(17, 'DR .LUIS', 'PASAJE AL AGUSTINO', '1.00', 4, 8, '2018-08-27', '2018-08-27'),
(18, 'pago de telefono', 'mes de julio', '50.00', 1, 1, '2018-08-27', '2018-08-27'),
(19, 'LINO ALFREDO', 'PASAJE PARA RECOGER DEL COLEGIO A DANIA', '3.50', 4, 8, '2018-08-27', '2018-08-27'),
(22, 'cesar', 'cancela cuenta de semana', '125.00', 4, 8, '2018-08-27', '2018-08-27'),
(23, 'ADELL', 'PORCENTAGE DE OLEOZON', '75.00', 4, 8, '2018-08-27', '2018-08-27');

-- --------------------------------------------------------

--
-- Estructura de tabla para la tabla `grado_instruccions`
--

CREATE TABLE `grado_instruccions` (
  `id` int(11) NOT NULL,
  `nombre` varchar(100) NOT NULL
) ENGINE=InnoDB DEFAULT CHARSET=latin1;

--
-- Volcado de datos para la tabla `grado_instruccions`
--

INSERT INTO `grado_instruccions` (`id`, `nombre`) VALUES
(1, 'Primaria'),
(2, 'Secundaria'),
(3, 'Tècnico'),
(4, 'Superior');

-- --------------------------------------------------------

--
-- Estructura de tabla para la tabla `historias_clinicas`
--

CREATE TABLE `historias_clinicas` (
  `id` int(11) NOT NULL,
  `id_paciente` int(11) NOT NULL,
  `historia` varchar(11) NOT NULL,
  `estatus` int(11) NOT NULL DEFAULT '1',
  `created_at` date NOT NULL,
  `updated_at` date NOT NULL
) ENGINE=InnoDB DEFAULT CHARSET=latin1;

--
-- Volcado de datos para la tabla `historias_clinicas`
--

INSERT INTO `historias_clinicas` (`id`, `id_paciente`, `historia`, `estatus`, `created_at`, `updated_at`) VALUES
(6, 8, '8', 1, '2018-07-11', '2018-07-11'),
(7, 9, '0009', 1, '2018-07-11', '2018-07-11'),
(8, 10, '0010', 1, '2018-07-12', '2018-07-12'),
(9, 11, '0011', 1, '2018-07-12', '2018-07-12'),
(10, 12, '0012', 1, '2018-07-13', '2018-07-13'),
(11, 13, '0013', 1, '2018-07-15', '2018-07-15'),
(12, 14, '0014', 1, '2018-07-24', '2018-07-24'),
(13, 15, '0015', 1, '2018-08-02', '2018-08-02'),
(14, 16, '0016', 1, '2018-08-03', '2018-08-03'),
(15, 17, '0017', 1, '2018-08-06', '2018-08-06'),
(16, 18, '0018', 1, '2018-08-06', '2018-08-06'),
(17, 19, '0019', 1, '2018-08-06', '2018-08-06'),
(18, 20, '0020', 1, '2018-08-07', '2018-08-07'),
(19, 21, '0021', 1, '2018-08-08', '2018-08-08'),
(20, 22, '0022', 1, '2018-08-08', '2018-08-08'),
(21, 23, '0023', 1, '2018-08-08', '2018-08-08'),
(22, 24, '0024', 1, '2018-08-08', '2018-08-08'),
(23, 25, '0025', 1, '2018-08-09', '2018-08-09'),
(24, 26, '0026', 1, '2018-08-09', '2018-08-09'),
(25, 27, '0027', 1, '2018-08-11', '2018-08-11'),
(26, 28, '0028', 1, '2018-08-11', '2018-08-11'),
(27, 29, '0029', 1, '2018-08-11', '2018-08-11'),
(28, 30, '0030', 1, '2018-08-11', '2018-08-11'),
(29, 31, '0031', 1, '2018-08-13', '2018-08-13'),
(30, 32, '0032', 1, '2018-08-13', '2018-08-13'),
(31, 33, '0033', 1, '2018-08-13', '2018-08-13'),
(32, 34, '0034', 1, '2018-08-14', '2018-08-14'),
(33, 35, '0035', 1, '2018-08-14', '2018-08-14'),
(34, 36, '0036', 1, '2018-08-14', '2018-08-14'),
(35, 37, '0037', 1, '2018-08-14', '2018-08-14'),
(36, 38, '0038', 1, '2018-08-15', '2018-08-15'),
(37, 39, '0039', 1, '2018-08-15', '2018-08-15'),
(38, 40, '0040', 1, '2018-08-15', '2018-08-15'),
(39, 41, '0041', 1, '2018-08-15', '2018-08-15'),
(40, 42, '0042', 1, '2018-08-15', '2018-08-15'),
(41, 43, '0043', 1, '2018-08-15', '2018-08-15'),
(42, 44, '0044', 1, '2018-08-15', '2018-08-15'),
(43, 45, '0045', 1, '2018-08-15', '2018-08-15'),
(44, 46, '0046', 1, '2018-08-15', '2018-08-15'),
(45, 47, '0047', 1, '2018-08-15', '2018-08-15'),
(46, 48, '0048', 1, '2018-08-15', '2018-08-15'),
(47, 49, '0049', 1, '2018-08-15', '2018-08-15'),
(48, 50, '0050', 1, '2018-08-15', '2018-08-15'),
(49, 51, '0051', 1, '2018-08-15', '2018-08-15'),
(50, 52, '0052', 1, '2018-08-16', '2018-08-16'),
(51, 53, '0053', 1, '2018-08-17', '2018-08-17'),
(52, 54, '0054', 1, '2018-08-18', '2018-08-18'),
(53, 55, '0055', 1, '2018-08-18', '2018-08-18'),
(54, 56, '0056', 1, '2018-08-18', '2018-08-18'),
(55, 57, '0057', 1, '2018-08-18', '2018-08-18'),
(56, 58, '0058', 1, '2018-08-18', '2018-08-18'),
(57, 59, '0059', 1, '2018-08-18', '2018-08-18'),
(58, 60, '0060', 1, '2018-08-18', '2018-08-18'),
(59, 61, '0061', 1, '2018-08-18', '2018-08-18'),
(60, 62, '0062', 1, '2018-08-18', '2018-08-18'),
(61, 63, '0063', 1, '2018-08-18', '2018-08-18'),
(62, 64, '0064', 1, '2018-08-18', '2018-08-18'),
(63, 65, '0065', 1, '2018-08-18', '2018-08-18'),
(64, 66, '0066', 1, '2018-08-18', '2018-08-18'),
(65, 67, '0067', 1, '2018-08-18', '2018-08-18'),
(66, 68, '0068', 1, '2018-08-18', '2018-08-18'),
(67, 69, '0069', 1, '2018-08-18', '2018-08-18'),
(68, 70, '0070', 1, '2018-08-18', '2018-08-18'),
(69, 71, '0071', 1, '2018-08-18', '2018-08-18'),
(70, 72, '0072', 1, '2018-08-18', '2018-08-18'),
(71, 73, '0073', 1, '2018-08-18', '2018-08-18'),
(72, 74, '0074', 1, '2018-08-18', '2018-08-18'),
(73, 75, '0075', 1, '2018-08-18', '2018-08-18'),
(74, 76, '0076', 1, '2018-08-18', '2018-08-18'),
(75, 77, '0077', 1, '2018-08-18', '2018-08-18'),
(76, 78, '0078', 1, '2018-08-18', '2018-08-18'),
(77, 79, '0079', 1, '2018-08-20', '2018-08-20'),
(78, 80, '0080', 1, '2018-08-20', '2018-08-20'),
(79, 81, '0081', 1, '2018-08-20', '2018-08-20'),
(80, 82, '0082', 1, '2018-08-20', '2018-08-20'),
(81, 83, '0083', 1, '2018-08-20', '2018-08-20'),
(82, 84, '0084', 1, '2018-08-20', '2018-08-20'),
(83, 85, '0085', 1, '2018-08-20', '2018-08-20'),
(84, 86, '0086', 1, '2018-08-20', '2018-08-20'),
(85, 87, '0087', 1, '2018-08-20', '2018-08-20'),
(86, 88, '0088', 1, '2018-08-20', '2018-08-20'),
(87, 89, '0089', 1, '2018-08-20', '2018-08-20'),
(88, 90, '0090', 1, '2018-08-20', '2018-08-20'),
(89, 91, '0091', 1, '2018-08-20', '2018-08-20'),
(90, 92, '0092', 1, '2018-08-20', '2018-08-20'),
(91, 93, '0093', 1, '2018-08-20', '2018-08-20'),
(92, 94, '0094', 1, '2018-08-20', '2018-08-20'),
(93, 95, '0095', 1, '2018-08-20', '2018-08-20'),
(94, 96, '0096', 1, '2018-08-20', '2018-08-20'),
(95, 97, '0097', 1, '2018-08-20', '2018-08-20'),
(96, 98, '0098', 1, '2018-08-20', '2018-08-20'),
(97, 99, '0099', 1, '2018-08-20', '2018-08-20'),
(98, 100, '0100', 1, '2018-08-20', '2018-08-20'),
(99, 101, '0101', 1, '2018-08-20', '2018-08-20'),
(100, 102, '0102', 1, '2018-08-20', '2018-08-20'),
(101, 103, '0103', 1, '2018-08-20', '2018-08-20'),
(102, 104, '0104', 1, '2018-08-20', '2018-08-20'),
(103, 105, '0105', 1, '2018-08-20', '2018-08-20'),
(104, 106, '0106', 1, '2018-08-20', '2018-08-20'),
(105, 107, '0107', 1, '2018-08-20', '2018-08-20'),
(106, 108, '0108', 1, '2018-08-20', '2018-08-20'),
(107, 109, '0109', 1, '2018-08-20', '2018-08-20'),
(108, 110, '0110', 1, '2018-08-20', '2018-08-20'),
(109, 111, '0111', 1, '2018-08-20', '2018-08-20'),
(110, 112, '0112', 1, '2018-08-20', '2018-08-20'),
(111, 113, '0113', 1, '2018-08-20', '2018-08-20'),
(112, 114, '0114', 1, '2018-08-20', '2018-08-20'),
(113, 115, '0115', 1, '2018-08-21', '2018-08-21'),
(114, 116, '0116', 1, '2018-08-21', '2018-08-21'),
(115, 117, '0117', 1, '2018-08-21', '2018-08-21'),
(116, 118, '0118', 1, '2018-08-21', '2018-08-21'),
(117, 119, '0119', 1, '2018-08-22', '2018-08-22'),
(118, 120, '0120', 1, '2018-08-22', '2018-08-22'),
(119, 121, '0121', 1, '2018-08-22', '2018-08-22'),
(120, 122, '0122', 1, '2018-08-22', '2018-08-22'),
(121, 123, '0123', 1, '2018-08-22', '2018-08-22'),
(122, 124, '0124', 1, '2018-08-22', '2018-08-22'),
(123, 125, '0125', 1, '2018-08-22', '2018-08-22'),
(124, 126, '0126', 1, '2018-08-22', '2018-08-22'),
(125, 127, '0127', 1, '2018-08-22', '2018-08-22'),
(126, 128, '0128', 1, '2018-08-22', '2018-08-22'),
(127, 129, '0129', 1, '2018-08-22', '2018-08-22'),
(128, 130, '0130', 1, '2018-08-22', '2018-08-22'),
(129, 131, '0131', 1, '2018-08-22', '2018-08-22'),
(130, 132, '0132', 1, '2018-08-22', '2018-08-22'),
(131, 133, '0133', 1, '2018-08-22', '2018-08-22'),
(132, 134, '0134', 1, '2018-08-22', '2018-08-22'),
(133, 135, '0135', 1, '2018-08-23', '2018-08-23'),
(134, 136, '0136', 1, '2018-08-23', '2018-08-23'),
(135, 137, '0137', 1, '2018-08-23', '2018-08-23'),
(136, 138, '0138', 1, '2018-08-23', '2018-08-23'),
(137, 139, '0139', 1, '2018-08-23', '2018-08-23'),
(138, 140, '0140', 1, '2018-08-23', '2018-08-23'),
(139, 141, '0141', 1, '2018-08-23', '2018-08-23'),
(140, 142, '0142', 1, '2018-08-23', '2018-08-23'),
(141, 143, '0143', 1, '2018-08-23', '2018-08-23'),
(142, 144, '0144', 1, '2018-08-23', '2018-08-23'),
(143, 145, '0145', 1, '2018-08-23', '2018-08-23'),
(144, 146, '0146', 1, '2018-08-23', '2018-08-23'),
(145, 147, '0147', 1, '2018-08-23', '2018-08-23'),
(146, 148, '0148', 1, '2018-08-24', '2018-08-24'),
(147, 149, '0149', 1, '2018-08-24', '2018-08-24'),
(148, 150, '0150', 1, '2018-08-24', '2018-08-24'),
(149, 151, '0151', 1, '2018-08-24', '2018-08-24'),
(150, 152, '0152', 1, '2018-08-24', '2018-08-24'),
(151, 153, '0153', 1, '2018-08-24', '2018-08-24'),
(152, 154, '0154', 1, '2018-08-24', '2018-08-24'),
(153, 155, '0155', 1, '2018-08-24', '2018-08-24'),
(154, 156, '0156', 1, '2018-08-24', '2018-08-24'),
(155, 157, '0157', 1, '2018-08-24', '2018-08-24'),
(156, 158, '0158', 1, '2018-08-24', '2018-08-24'),
(157, 159, '0159', 1, '2018-08-24', '2018-08-24'),
(158, 160, '0160', 1, '2018-08-24', '2018-08-24'),
(159, 161, '0161', 1, '2018-08-24', '2018-08-24'),
(160, 162, '0162', 1, '2018-08-24', '2018-08-24'),
(161, 163, '0163', 1, '2018-08-24', '2018-08-24'),
(162, 164, '0164', 1, '2018-08-24', '2018-08-24'),
(163, 165, '0165', 1, '2018-08-24', '2018-08-24'),
(164, 166, '0166', 1, '2018-08-24', '2018-08-24'),
(165, 167, '0167', 1, '2018-08-24', '2018-08-24'),
(166, 168, '0168', 1, '2018-08-24', '2018-08-24'),
(167, 169, '0169', 1, '2018-08-24', '2018-08-24'),
(168, 170, '0170', 1, '2018-08-24', '2018-08-24'),
(169, 171, '0171', 1, '2018-08-25', '2018-08-25'),
(170, 172, '0172', 1, '2018-08-25', '2018-08-25'),
(171, 173, '0173', 1, '2018-08-25', '2018-08-25'),
(172, 174, '0174', 1, '2018-08-25', '2018-08-25'),
(173, 175, '0175', 1, '2018-08-25', '2018-08-25'),
(174, 176, '0176', 1, '2018-08-25', '2018-08-25'),
(175, 177, '0177', 1, '2018-08-25', '2018-08-25'),
(176, 178, '0178', 1, '2018-08-25', '2018-08-25'),
(177, 179, '0179', 1, '2018-08-25', '2018-08-25'),
(178, 180, '0180', 1, '2018-08-25', '2018-08-25'),
(179, 181, '0181', 1, '2018-08-25', '2018-08-25'),
(180, 182, '0182', 1, '2018-08-25', '2018-08-25'),
(181, 183, '0183', 1, '2018-08-25', '2018-08-25'),
(182, 184, '0184', 1, '2018-08-25', '2018-08-25'),
(183, 185, '0185', 1, '2018-08-25', '2018-08-25'),
(184, 186, '0186', 1, '2018-08-25', '2018-08-25'),
(185, 187, '0187', 1, '2018-08-25', '2018-08-25'),
(186, 188, '0188', 1, '2018-08-25', '2018-08-25'),
(187, 189, '0189', 1, '2018-08-25', '2018-08-25'),
(188, 190, '0190', 1, '2018-08-25', '2018-08-25'),
(189, 191, '0191', 1, '2018-08-25', '2018-08-25'),
(190, 192, '0192', 1, '2018-08-25', '2018-08-25'),
(191, 193, '0193', 1, '2018-08-25', '2018-08-25'),
(192, 194, '0194', 1, '2018-08-25', '2018-08-25'),
(193, 195, '0195', 1, '2018-08-25', '2018-08-25'),
(194, 196, '0196', 1, '2018-08-25', '2018-08-25'),
(195, 197, '0197', 1, '2018-08-25', '2018-08-25'),
(196, 198, '0198', 1, '2018-08-25', '2018-08-25'),
(197, 199, '0199', 1, '2018-08-25', '2018-08-25'),
(198, 200, '0200', 1, '2018-08-25', '2018-08-25'),
(199, 201, '0201', 1, '2018-08-25', '2018-08-25'),
(200, 202, '0202', 1, '2018-08-25', '2018-08-25'),
(201, 203, '0203', 1, '2018-08-25', '2018-08-25'),
(202, 204, '0204', 1, '2018-08-25', '2018-08-25'),
(203, 205, '0205', 1, '2018-08-25', '2018-08-25'),
(204, 206, '0206', 1, '2018-08-25', '2018-08-25'),
(205, 207, '0207', 1, '2018-08-25', '2018-08-25'),
(206, 208, '0208', 1, '2018-08-25', '2018-08-25'),
(207, 209, '0209', 1, '2018-08-25', '2018-08-25'),
(208, 210, '0210', 1, '2018-08-25', '2018-08-25'),
(209, 211, '0211', 1, '2018-08-25', '2018-08-25'),
(210, 212, '0212', 1, '2018-08-25', '2018-08-25'),
(211, 213, '0213', 1, '2018-08-25', '2018-08-25'),
(212, 214, '0214', 1, '2018-08-25', '2018-08-25'),
(213, 215, '0215', 1, '2018-08-25', '2018-08-25'),
(214, 216, '0216', 1, '2018-08-25', '2018-08-25'),
(215, 217, '0217', 1, '2018-08-25', '2018-08-25'),
(216, 218, '0218', 1, '2018-08-25', '2018-08-25'),
(217, 219, '0219', 1, '2018-08-27', '2018-08-27'),
(218, 220, '0220', 1, '2018-08-27', '2018-08-27'),
(219, 221, '0221', 1, '2018-08-27', '2018-08-27'),
(220, 222, '0222', 1, '2018-08-27', '2018-08-27'),
(221, 223, '0223', 1, '2018-08-27', '2018-08-27'),
(222, 224, '0224', 1, '2018-08-27', '2018-08-27'),
(223, 225, '0225', 1, '2018-08-27', '2018-08-27'),
(224, 226, '0226', 1, '2018-08-27', '2018-08-27'),
(225, 227, '0227', 1, '2018-08-27', '2018-08-27'),
(226, 228, '0228', 1, '2018-08-27', '2018-08-27'),
(227, 229, '0229', 1, '2018-08-27', '2018-08-27'),
(228, 230, '0230', 1, '2018-08-27', '2018-08-27'),
(229, 231, '0231', 1, '2018-08-27', '2018-08-27'),
(230, 232, '0232', 1, '2018-08-27', '2018-08-27'),
(231, 233, '0233', 1, '2018-08-27', '2018-08-27'),
(232, 234, '0234', 1, '2018-08-27', '2018-08-27'),
(233, 235, '0235', 1, '2018-08-27', '2018-08-27'),
(234, 236, '0236', 1, '2018-08-27', '2018-08-27'),
(235, 237, '0237', 1, '2018-08-27', '2018-08-27'),
(236, 238, '0238', 1, '2018-08-27', '2018-08-27'),
(237, 239, '0239', 1, '2018-08-27', '2018-08-27'),
(238, 240, '0240', 1, '2018-08-27', '2018-08-27'),
(239, 241, '0241', 1, '2018-08-27', '2018-08-27'),
(240, 242, '0242', 1, '2018-08-27', '2018-08-27'),
(241, 243, '0243', 1, '2018-08-27', '2018-08-27'),
(242, 244, '0244', 1, '2018-08-27', '2018-08-27'),
(243, 245, '0245', 1, '2018-08-27', '2018-08-27'),
(244, 246, '0246', 1, '2018-08-27', '2018-08-27'),
(245, 247, '0247', 1, '2018-08-27', '2018-08-27'),
(246, 248, '0248', 1, '2018-08-27', '2018-08-27'),
(247, 249, '0249', 1, '2018-08-27', '2018-08-27'),
(248, 250, '0250', 1, '2018-08-27', '2018-08-27'),
(249, 251, '0251', 1, '2018-08-27', '2018-08-27'),
(250, 252, '0252', 1, '2018-08-27', '2018-08-27'),
(251, 253, '0253', 1, '2018-08-27', '2018-08-27'),
(252, 254, '0254', 1, '2018-08-27', '2018-08-27'),
(253, 255, '0255', 1, '2018-08-27', '2018-08-27'),
(254, 256, '0256', 1, '2018-08-27', '2018-08-27'),
(255, 257, '0257', 1, '2018-08-27', '2018-08-27'),
(256, 258, '0258', 1, '2018-08-27', '2018-08-27'),
(257, 259, '0259', 1, '2018-08-27', '2018-08-27'),
(258, 260, '0260', 1, '2018-08-27', '2018-08-27'),
(259, 261, '0261', 1, '2018-08-27', '2018-08-27'),
(260, 262, '0262', 1, '2018-08-27', '2018-08-27'),
(261, 263, '0263', 1, '2018-08-27', '2018-08-27'),
(262, 264, '0264', 1, '2018-08-27', '2018-08-27'),
(263, 265, '0265', 1, '2018-08-27', '2018-08-27'),
(264, 266, '0266', 1, '2018-08-27', '2018-08-27'),
(265, 267, '0267', 1, '2018-08-28', '2018-08-28'),
(266, 268, '0268', 1, '2018-08-28', '2018-08-28'),
(267, 269, '0269', 1, '2018-08-28', '2018-08-28');

-- --------------------------------------------------------

--
-- Estructura de tabla para la tabla `ingresos`
--

CREATE TABLE `ingresos` (
  `id` int(11) NOT NULL,
  `producto` varchar(200) NOT NULL,
  `cantidad` int(11) NOT NULL,
  `fechaingreso` date NOT NULL,
  `created_at` date NOT NULL,
  `updated_at` date NOT NULL,
  `id_empresa` int(11) NOT NULL,
  `id_sucursal` int(11) NOT NULL
) ENGINE=InnoDB DEFAULT CHARSET=latin1;

--
-- Volcado de datos para la tabla `ingresos`
--

INSERT INTO `ingresos` (`id`, `producto`, `cantidad`, `fechaingreso`, `created_at`, `updated_at`, `id_empresa`, `id_sucursal`) VALUES
(2, 'Medicamentoooooo', 34, '1111-01-01', '2018-07-08', '2018-07-08', 0, 0),
(3, 'Medicamentoooooo', 45, '1111-11-01', '2018-07-08', '2018-07-08', 0, 0),
(4, 'Medicamentoooooo', 10, '1000-01-01', '2018-07-08', '2018-07-08', 0, 0),
(5, 'Medicamentoooooo', 10000, '1000-01-01', '2018-07-08', '2018-07-08', 0, 0),
(6, 'Medicamentoooooo', 1, '0001-01-01', '2018-07-08', '2018-07-08', 0, 0),
(7, 'Medicamentoooooo', 2, '1999-01-01', '2018-07-08', '2018-07-08', 0, 0),
(8, 'Medicamentoooooo', 45, '1990-01-01', '2018-07-08', '2018-07-08', 0, 0),
(9, 'Producto Prueba', 112, '1990-11-15', '2018-07-08', '2018-07-08', 0, 0),
(10, 'Producto Jose', 99, '1000-11-01', '2018-07-08', '2018-07-08', 0, 0),
(11, 'Medicamentoooooo', 34, '1222-12-12', '2018-07-13', '2018-07-13', 1, 1),
(14, 'Producto Jose', 45, '2222-12-12', '2018-07-13', '2018-07-13', 1, 1),
(16, 'Medicamentoooooo', 12, '1222-12-12', '2018-07-15', '2018-07-15', 1, 2),
(17, 'patector', 15, '2018-07-27', '2018-07-27', '2018-07-27', 1, 1),
(18, 'CIPROFLOXACINO 500', 50, '2018-08-07', '2018-08-07', '2018-08-07', 1, 1),
(19, 'colageno', 150, '2018-08-18', '2018-08-18', '2018-08-18', 1, 1),
(20, 'COLAGENO CAJA', 5, '2018-08-24', '2018-08-24', '2018-08-24', 4, 8);

-- --------------------------------------------------------

--
-- Estructura de tabla para la tabla `laboratorios`
--

CREATE TABLE `laboratorios` (
  `id` int(11) NOT NULL,
  `name` varchar(100) NOT NULL,
  `direccion` varchar(100) NOT NULL,
  `referencia` varchar(100) DEFAULT NULL,
  `created_at` date NOT NULL,
  `updated_at` date NOT NULL,
  `id_empresa` int(11) NOT NULL,
  `id_sucursal` int(11) NOT NULL
) ENGINE=InnoDB DEFAULT CHARSET=latin1;

--
-- Volcado de datos para la tabla `laboratorios`
--

INSERT INTO `laboratorios` (`id`, `name`, `direccion`, `referencia`, `created_at`, `updated_at`, `id_empresa`, `id_sucursal`) VALUES
(3, 'laboratorio1', 'llllllllllllllllllll', 'ttyttt', '2018-07-03', '2018-07-03', 0, 0),
(4, 'laboaaaa', 'sssss', 'sssss', '2018-07-12', '2018-07-12', 0, 0),
(6, 'BGL LABORATORIOS', 'av carlos yzaguirre', 'AV ANGAMOS', '2018-08-02', '2018-08-02', 1, 1),
(7, 'BGL', 'Jr. Caraz Nº 1070 Urb. Covida    LOS OLIVOS', '(Alt. Cdra. 10 de Antúnez de Mayolo)', '2018-08-06', '2018-08-06', 1, 5),
(8, 'BLUFSTEIN', 'AV. CHINCHAYSUYO 323 URB TAHUANTINSUYO INDEPENDENCIA', 'ALTURA ESTACIÓN NARANJAL', '2018-08-07', '2018-08-07', 1, 1),
(9, 'TAXA', 'SAN BORJA', NULL, '2018-08-07', '2018-08-07', 1, 1),
(10, 'SUIZA LAB', 'MIRAFLORES', 'COLISEO DIBOS', '2018-08-13', '2018-08-23', 1, 1),
(11, 'LABORATORIO PROPIO', 'AV UNIVERSITARIA 304  CONDEVILLA SMP', NULL, '2018-08-20', '2018-08-20', 3, 7),
(12, 'SUIZA LAB', 'MIRAFLORES', NULL, '2018-08-20', '2018-08-20', 3, 7),
(13, 'LABMEDIC', 'SANTA ANITA', NULL, '2018-08-22', '2018-08-22', 4, 8),
(15, 'LABMEDICA', 'FRANCISCO BOLOGESI 1018 SANTA ANITA', 'DENTRO DEL CENTRO DE SALUD BOLOGNESI', '2018-08-23', '2018-08-23', 4, 9),
(16, 'MASTER LAB', 'PROCERES DE LA INDEPENDECIA 3304 CANTO REY SJL', 'ALT METRO DE CANTO REY', '2018-08-23', '2018-08-23', 4, 9),
(17, 'CIOQ', 'AGUSTINO', NULL, '2018-08-23', '2018-08-23', 4, 9);

-- --------------------------------------------------------

--
-- Estructura de tabla para la tabla `locales`
--

CREATE TABLE `locales` (
  `id` int(11) NOT NULL,
  `nombres` varchar(200) NOT NULL,
  `id_empresa` int(11) NOT NULL,
  `created_at` date NOT NULL,
  `updated_at` date NOT NULL
) ENGINE=InnoDB DEFAULT CHARSET=latin1;

--
-- Volcado de datos para la tabla `locales`
--

INSERT INTO `locales` (`id`, `nombres`, `id_empresa`, `created_at`, `updated_at`) VALUES
(1, 'Sucursal Empresa 1', 1, '2018-07-12', '2018-07-12'),
(2, 'Sucursal Empresa 2', 2, '2018-07-12', '2018-07-12'),
(3, 'Sucursal 2 Empre1', 1, '2018-07-12', '2018-07-12'),
(4, 'Sucursal 2 Empre2', 2, '2018-07-12', '2018-07-12'),
(5, 'MT INDEP', 1, '2018-08-05', '2018-08-05'),
(6, 'MT PRO', 1, '2018-08-05', '2018-08-05'),
(7, 'CENTRAL', 3, '2018-08-19', '2018-08-19'),
(8, 'CENTRAL', 4, '2018-08-19', '2018-08-19'),
(9, 'EL AGUSTINO', 4, '2018-08-19', '2018-08-19'),
(10, 'CENTRAL', 5, '2018-08-25', '2018-08-25');

-- --------------------------------------------------------

--
-- Estructura de tabla para la tabla `medidas`
--

CREATE TABLE `medidas` (
  `id` int(11) NOT NULL,
  `nombre` varchar(100) NOT NULL
) ENGINE=InnoDB DEFAULT CHARSET=latin1;

--
-- Volcado de datos para la tabla `medidas`
--

INSERT INTO `medidas` (`id`, `nombre`) VALUES
(1, 'Milimetro'),
(2, 'Miligramo'),
(3, 'Cajax6Unid'),
(4, 'Cajax10Unid'),
(5, 'Cajax12Unid'),
(6, 'Cajax15Unid'),
(7, 'Cajax20Unid'),
(8, 'Cajax100Unid');

-- --------------------------------------------------------

--
-- Estructura de tabla para la tabla `migrations`
--

CREATE TABLE `migrations` (
  `id` int(10) UNSIGNED NOT NULL,
  `migration` varchar(191) COLLATE utf8mb4_unicode_ci NOT NULL,
  `batch` int(11) NOT NULL
) ENGINE=InnoDB DEFAULT CHARSET=utf8mb4 COLLATE=utf8mb4_unicode_ci;

--
-- Volcado de datos para la tabla `migrations`
--

INSERT INTO `migrations` (`id`, `migration`, `batch`) VALUES
(1, '2014_10_12_000000_create_users_table', 1),
(2, '2014_10_12_100000_create_password_resets_table', 1),
(3, '2017_07_13_082418_create_bouncer_tables', 1);

-- --------------------------------------------------------

--
-- Estructura de tabla para la tabla `pacientes`
--

CREATE TABLE `pacientes` (
  `id` int(11) NOT NULL,
  `dni` varchar(200) NOT NULL,
  `nombres` varchar(100) NOT NULL,
  `apellidos` varchar(100) NOT NULL,
  `direccion` varchar(200) NOT NULL,
  `provincia` varchar(10) NOT NULL,
  `distrito` varchar(100) NOT NULL,
  `telefono` varchar(100) NOT NULL,
  `fechanac` date NOT NULL,
  `gradoinstruccion` varchar(100) NOT NULL,
  `ocupacion` varchar(100) NOT NULL,
  `edocivil` varchar(100) NOT NULL,
  `estatus` int(11) NOT NULL DEFAULT '1',
  `created_at` date NOT NULL,
  `updated_at` date NOT NULL,
  `id_empresa` int(11) NOT NULL,
  `id_sucursal` int(11) NOT NULL
) ENGINE=InnoDB DEFAULT CHARSET=latin1;

--
-- Volcado de datos para la tabla `pacientes`
--

INSERT INTO `pacientes` (`id`, `dni`, `nombres`, `apellidos`, `direccion`, `provincia`, `distrito`, `telefono`, `fechanac`, `gradoinstruccion`, `ocupacion`, `edocivil`, `estatus`, `created_at`, `updated_at`, `id_empresa`, `id_sucursal`) VALUES
(10, '23232', 'ererer', 'erere', 'ererer', 'Lima', 'Lurigancho', '4265360533', '2222-12-12', 'Bachiller', 'erere', 'Soltero', 1, '2018-07-12', '2018-07-12', 1, 2),
(11, '23232', 'ererer', 'erere', 'ererer', 'Lima', 'Lurigancho', '4265360533', '2222-12-12', 'Bachiller', 'erere', 'Soltero', 1, '2018-07-12', '2018-07-12', 1, 2),
(14, '40342679', 'JOSE LUIS', 'MEZA LA ROSA', 'AV. CHINCHAYSUYO 323 URB TAHUANTINSUYO', 'Lima', 'Cercado de Lima', '940314839', '1979-08-10', 'Primaria', 'ADMINISTRADOR', 'Soltero', 1, '2018-07-24', '2018-08-02', 1, 1),
(15, '42370268', 'GIOVANNI ANTONIO', 'MEZA LA ROSA', 'MADERA 447 MZ F LT 8', 'Lima', 'Rimac', '952377612', '1984-04-28', 'Tècnico', 'LAVADOR', 'Soltero', 1, '2018-08-02', '2018-08-02', 1, 1),
(16, '20046908', 'JENY GRACIELA', 'MOLINA NINANYA', 'GERONA 225 URB JAVIER PRADO II ETAPA', 'Lima', 'San Luis', '998712367', '1972-09-24', 'Superior', 'OBSTETRA', 'Casado', 1, '2018-08-03', '2018-08-03', 1, 1),
(17, '73860673', 'ROXANA', 'HUAMANI ESPINOZA', 'AV CHINCHAYSUYO 633 URB. TAHUANTINSUYO INDEPENDENCIA', 'Lima', 'Independencia', '0241-8720610', '1985-08-10', 'Primaria', 'AMA DE CASA', 'Soltero', 1, '2018-08-06', '2018-08-06', 1, 5),
(19, '77033433', 'LESLY', 'VEGA PAREDES', 'mz. Y lt. 59 tercera explanada laderas', 'Lima', 'Puente Piedra', '926124495', '1994-12-21', 'Secundaria', 'ama de casa', 'Soltero', 1, '2018-08-06', '2018-08-15', 1, 6),
(21, '026178788', 'DAYMAR STEPHANIA', 'DIAZ', 'LOS CHASQUIS 837 DPTO 202 URB ZARATE', 'Lima', 'San Juan de Lurigancho', '977656001', '1996-10-18', 'Secundaria', 'ASISTENTE', 'Soltero', 1, '2018-08-08', '2018-08-08', 1, 1),
(22, '72241038', 'HILDA', 'CHOQUEHUANCA CHINGUEL', 'Laderas de chillon', 'Lima', 'Puente Piedra', '945500857', '2000-07-06', 'Secundaria', 'Ama de', 'Concubino', 1, '2018-08-08', '2018-08-15', 1, 6),
(23, '46794474', 'MONICA DIONICIA', 'LLACCHO HUAMAN DE CORONEL', 'VILLA ELVIRA MZ E LT 04', 'Lima', 'Cercado de Lima', '958902536', '1986-05-13', 'Secundaria', 'AMA DE CASA', 'Soltero', 1, '2018-08-08', '2018-08-08', 1, 5),
(24, '001342111', 'MAURYN NINOSKA', 'DIAZ', 'LOS CHASQUIS 837 DPTO 202 URB ZARATE', 'Lima', 'San Juan de Lurigancho', '977656001', '1984-01-07', 'Secundaria', 'ADMINISTRADOR', 'Casado', 1, '2018-08-08', '2018-08-08', 1, 1),
(25, '44064653', 'NELIDA  ENEDITA', 'ESPIRITU POMA', 'ASENT.H LADERAS DE CHILLON MZJ LT31', 'Lima', 'Puente Piedra', '990266056', '1981-05-01', 'Primaria', 'AMA DE CASA', 'Soltero', 1, '2018-08-09', '2018-08-12', 1, 6),
(26, '80454079', 'FLORENTINA', 'PAUCAR QUISPE', 'CALLE 85 ASENT.H LOS OLIVOS MZC LT38', 'Lima', 'Los Olivos', '933502684', '1978-01-20', 'Primaria', 'AMA DE CASA', 'Concubino', 1, '2018-08-09', '2018-08-12', 1, 6),
(27, '09624437', 'ANA MARGARITA', 'RAMIREZ  VELASQUEZ', 'JR. LA UNIDAD 799- PRO', 'Lima', 'Los Olivos', '940254078', '1945-11-30', 'Tècnico', 'AMA DE CASA', 'Casado', 1, '2018-08-11', '2018-08-12', 1, 6),
(28, '46254351', 'DEYSI', 'SANCHEZ ZANABRIA', 'ASOC.SANTA LUCIA MZT LT5', 'Lima', 'Cercado de Lima', '940732373', '1990-02-08', 'Superior', 'CONTADORA', 'Soltero', 1, '2018-08-11', '2018-08-11', 1, 6),
(29, '45926174', 'LIZET', 'SANCHEZ VIERA', 'CALLE 40 URB.PUERTA DE PRO MZT4 LT13', 'Lima', 'Los Olivos', '910133615', '1989-08-05', 'Secundaria', 'AMA DE CASA', 'Concubino', 1, '2018-08-11', '2018-08-12', 1, 6),
(30, '75932580', 'YADIRA', 'DE LA CRUZ ALANYA', 'AV, LOS HEROES DEL ALTO MZA LT2', 'Lima', 'Puente Piedra', '935283859', '1999-07-11', 'Secundaria', 'TRABAJO', 'Soltero', 1, '2018-08-11', '2018-08-12', 1, 6),
(31, '70032785', 'ROSA', 'CHURA MAMANI', 'MZC LT3 ASENT.H LADERAS DE CHILLON', 'Lima', 'Puente Piedra', '995551112', '1993-09-06', 'Secundaria', 'AMA DE CASA', 'Soltero', 1, '2018-08-13', '2018-08-13', 1, 6),
(32, '75160585', 'FIORELA NORVIT', 'DIESTRA VEGA', 'MZK LT12 OS, LADERAS DE CHILLON', 'Lima', 'Puente Piedra', '990652380', '2000-06-01', 'Secundaria', 'AMA DE CASA', 'Soltero', 1, '2018-08-13', '2018-08-13', 1, 6),
(33, '40282677', 'SABINA', 'QUISPE BUITRON', 'CENTRO POBLADO LOS EUCALIPTOS MZB LT16', 'Lima', 'Puente Piedra', 'NO TIENE', '1979-05-14', 'Secundaria', 'AMA DE CASA', 'Casado', 1, '2018-08-13', '2018-08-13', 1, 6),
(34, '48410201', 'VALERI', 'BURGOS RETAMOZO', 'LADERAS DE CHILLO MZI LT39', 'Lima', 'Puente Piedra', '987383319', '1992-01-19', 'Secundaria', 'TRABAJADORA', 'Concubino', 1, '2018-08-14', '2018-08-14', 1, 6),
(35, '47259183', 'FIORELLA KAROL', 'HUALLANCA ROSALES', 'PJE LOS LIMONES 159 ERMITAÑO', 'Lima', 'Independencia', '977710478', '1991-09-09', 'Tècnico', 'RECEPCIONISTA', 'Concubino', 1, '2018-08-14', '2018-08-14', 1, 5),
(36, '46976139', 'PATRICIA', 'ESTRADA KOBAYASHI', 'LADERAS CHILLON N MZI LT1', 'Lima', 'Puente Piedra', '910267622', '1991-03-15', 'Secundaria', 'AMA DE CASA', 'Concubino', 1, '2018-08-14', '2018-08-14', 1, 6),
(37, '73330465', 'JENNIFER', 'DAMIAN SAMAME', 'MZD LT33 VALLE CHIILLON', 'Lima', 'Puente Piedra', '962709119', '1997-05-25', 'Tècnico', 'TRABAJADORA', 'Concubino', 1, '2018-08-14', '2018-08-14', 1, 6),
(38, '40841976', 'BELISSA', 'RAMIREZ MIRANDA', 'AV. ALFREDO MENDIOLA', 'Lima', 'Los Olivos', '947793136', '1980-02-03', 'Secundaria', 'AMA DE CASA', 'Concubino', 1, '2018-08-15', '2018-08-15', 1, 6),
(39, '47776918', 'KARINA', 'PILLMAN LUJAN', 'JR RAFAEL CACERES 881', 'Lima', 'San Martin de Porres', '936626458', '1985-12-15', 'Secundaria', 'AMA DE CASA', 'Soltero', 1, '2018-08-15', '2018-08-15', 1, 5),
(40, '000531270', 'DAYANA YISBEL', 'FERRER TORRES', 'ASOC VICTOR RAUL HAYA DE LA TORRE', 'Lima', 'Independencia', '910251354', '1983-03-12', 'Superior', 'PROMOTORA', 'Casado', 1, '2018-08-15', '2018-08-15', 1, 5),
(41, '44157354', 'CLAUDIA', 'RIVERA SILVA', 'JR RECUAY 717', 'Lima', 'Breña', '984320145', '1987-01-19', 'Secundaria', 'AMA DE CASA', 'Soltero', 1, '2018-08-15', '2018-08-15', 1, 5),
(42, '70272598', 'JOSELINE JANETTE', 'CUADROS ROQUE', 'AV CHINCHAYSUYO', 'Lima', 'Independencia', '99392095', '1991-10-16', 'Tècnico', 'AMA DE CASA', 'Soltero', 1, '2018-08-15', '2018-08-15', 1, 5),
(43, '46597769', 'MARIBEL', 'QUIROZ BARTURE', 'CALLE HATUNCOYA MZ H LT 01 TAHUANTINSUYO', 'Lima', 'Independencia', '920228637', '1987-02-20', 'Secundaria', 'AMA DE CASA', 'Soltero', 1, '2018-08-15', '2018-08-15', 1, 5),
(44, '43885934', 'LUZ', 'CARLOS SICHA', 'TAHUANTINSUYO', 'Lima', 'Independencia', '999880214', '1986-09-27', 'Secundaria', 'INDEPENDIENTE', 'Soltero', 1, '2018-08-15', '2018-08-15', 1, 5),
(45, '09607970', 'MARIA', 'MORENO PALOMINO', 'MZP5 LT12 CALLE CUALIDAD', 'Lima', 'Puente Piedra', '979802294', '1971-01-26', 'Secundaria', 'AMA DE CASA', 'Soltero', 1, '2018-08-15', '2018-08-15', 1, 6),
(46, '76839845', 'MIRIAN', 'TAIPE PEREZ', 'SAN DIEGO', 'Lima', 'San Martin de Porres', '936625906', '1998-08-22', 'Secundaria', 'AMA DE CASA', 'Concubino', 1, '2018-08-15', '2018-08-15', 1, 6),
(47, '44050709', 'ERMELINDA', 'TADEO MOGOLLON', 'ASOC LAS GARDENIAS MZ A LT 8', 'Lima', 'Comas', '976056226', '1985-11-06', 'Secundaria', 'NINGUNA', 'Soltero', 1, '2018-08-15', '2018-08-15', 1, 5),
(48, '47670830', 'LISBETH', 'CORDOVA BUENO', 'MZ L LT 3 VICTOR RAUL', 'Lima', 'Independencia', '982933408', '1992-10-11', 'Secundaria', 'AMA DE CASA', 'Soltero', 1, '2018-08-15', '2018-08-15', 1, 5),
(49, '09513993', 'SUSANA RAQEUL', 'ENCARNACION AYALA', 'JR. QUIQUIJANA 174 URB TAHUANTISUYO', 'Lima', 'Independencia', '5493337', '1969-03-02', 'Secundaria', 'AMA DE CASA', 'Casado', 1, '2018-08-15', '2018-08-15', 1, 5),
(50, '46718872', 'MELODY', 'PEREZ AYAPI MELODY', 'MZU3 LT68  LA 2DA DE LADERAS', 'Lima', 'Puente Piedra', '968148079', '1990-12-31', 'Secundaria', 'AMA DE CASA', 'Soltero', 1, '2018-08-15', '2018-08-15', 1, 6),
(51, '77052414', 'MARIA', 'CONDORCHOA RODOLFO MARIA', 'LA MARINA MZP LT66', 'Lima', 'Puente Piedra', '945083998', '1998-07-22', 'Superior', 'AMA DE CASA', 'Soltero', 1, '2018-08-15', '2018-08-15', 1, 6),
(52, '46266703', 'FLOR', 'MINCHAN VERA', 'CALLE PAULA QUIROZ URB.EL RETABLO MZA LT32', 'Lima', 'Comas', '943829613', '1990-04-08', 'Primaria', 'AMA DE CASA', 'Soltero', 1, '2018-08-16', '2018-08-16', 1, 6),
(53, '27664393', 'PEDRO MARTIN', 'GOTA BERROTERAN', 'LOS CHASQUIS 837 DPTO 202 URB ZARATE', 'Lima', 'Cercado de Lima', '99985632', '1998-10-19', 'Primaria', 'GAY', 'Soltero', 1, '2018-08-17', '2018-08-17', 1, 1),
(54, '08042648', 'GENOVEVA', 'ZEGARRA RUIZ', 'AV. CANTA CALLAO MZB LT6', 'Lima', 'San Martin de Porres', '980768251', '1955-06-04', 'Primaria', 'AMA DE CASA', 'Casado', 1, '2018-08-18', '2018-08-18', 1, 6),
(55, '40822097', 'ESTELITA', 'ARBAIZO ESPINOZA', 'ASENT.H CERRO LAS ANIMAS COMITE 11 MZE-1 LT7', 'Lima', 'Puente Piedra', '961281075', '1980-01-05', 'Primaria', 'AMA DE CASA', 'Concubino', 1, '2018-08-18', '2018-08-18', 1, 6),
(56, '70282242', 'LADY', 'LOPEZ CASTAÑEDA', 'VILLA PRIMAVERA MZ D LT 1', 'Lima', 'Independencia', '940340054', '1999-01-05', 'Secundaria', 'ESTUDIANTE', 'Soltero', 1, '2018-08-18', '2018-08-18', 1, 5),
(57, '19985127', 'ERICK', 'ZERPA', 'SAN JUAN DE LOS MORROS', 'Lima', 'Cercado de Lima', '4265360533', '1990-11-15', 'Primaria', 'g', 'Soltero', 1, '2018-08-18', '2018-08-26', 1, 1),
(58, '47605513', 'LIZBETH', 'ZEVALLOS RODRIGUEZ', 'AV. PROCERES 7749 URB.PRO', 'Lima', 'Los Olivos', '986109756', '1991-11-15', 'Secundaria', 'AMA DE CASA', 'Concubino', 1, '2018-08-18', '2018-08-18', 1, 6),
(59, '73024797', 'MARICIELO', 'CASTRO BRAVO', 'MZA LT66 URB.PRO LIMA', 'Lima', 'Puente Piedra', '9842302875', '1999-12-19', 'Secundaria', 'T', 'Soltero', 1, '2018-08-18', '2018-08-18', 1, 6),
(60, '48282338', 'SONIA', 'LLAMOCA MORENO', 'JR ANTISUYO 162 MZ 8 LT 18', 'Lima', 'Independencia', '990733958', '1994-03-10', 'Superior', 'TRABAJO', 'Soltero', 1, '2018-08-18', '2018-08-18', 1, 5),
(61, '76378560', 'GUADALUPE', 'RAMOS CUCHO', 'TAHUANTINSUYO 2DA ZONA', 'Lima', 'Independencia', '993189582', '1999-11-08', 'Secundaria', 'AMA DE CASA', 'Soltero', 1, '2018-08-18', '2018-08-18', 1, 5),
(62, '43061781', 'JHONDER', 'CCOYLLO CUSQUISIBAN', 'MZ101 LT20 ASENT.H LOS NORTEÑOA', 'Lima', 'Los Olivos', '957306756', '1985-07-02', 'Secundaria', 'TRABAJADOR', 'Soltero', 1, '2018-08-18', '2018-08-18', 1, 6),
(63, '42522148', 'DORI', 'ALVIS HUAMAN', 'INDEPENDENCIA', 'Lima', 'Independencia', '982358987', '1984-05-13', 'Secundaria', 'AMA DE CASA', 'Concubino', 1, '2018-08-18', '2018-08-18', 1, 5),
(64, '77698900', 'RUTH', 'RIVERA AROHUILLCA', 'JR HUAYTAPAMPA', 'Lima', 'Independencia', '930180603', '1997-06-29', 'Secundaria', 'ESTUDIANTE', 'Soltero', 1, '2018-08-18', '2018-08-18', 1, 5),
(65, '43819412', 'ZENAYDA', 'YON FLORES', 'CALLE RICARDO PALMA MZ74 LT5', 'Lima', 'Los Olivos', '934554560', '1983-12-23', 'Secundaria', 'AMA DE CASA', 'Concubino', 1, '2018-08-18', '2018-08-18', 1, 6),
(66, '47089680', 'ANA MARIA', 'CASTRO RODRIGUEZ', '7 SECTOR URB. SAN DIEGO', 'Lima', 'San Martin de Porres', '9760831926', '1992-03-25', 'Secundaria', 'AMA DE CASA', 'Concubino', 1, '2018-08-18', '2018-08-18', 1, 6),
(67, '40990866', 'VILMA', 'FERNANDEZ CARRION', 'ACET HUMANO BELLA VISTA', 'Lima', 'Independencia', '926960400', '1979-08-03', 'Secundaria', 'COMERCIANTE', 'Casado', 1, '2018-08-18', '2018-08-18', 1, 5),
(68, '48512545', 'NORMA LUCIA', 'JARA BEDON', 'CA 19 URB SAN DIEGO VIPOL ETAPA II', 'Lima', 'Cercado de Lima', '964037501', '1998-07-30', 'Superior', 'ESTUDIANTE', 'Soltero', 1, '2018-08-18', '2018-08-18', 1, 6),
(69, '45217124', 'NUIMI', 'HANAMPA CCEHUARUCHO', 'ACT HUMANO 23 DE FEBRERO PAYET', 'Lima', 'Independencia', '976566913', '1988-08-06', 'Primaria', 'AMA DE CASA', 'Concubino', 1, '2018-08-18', '2018-08-18', 1, 5),
(70, '44049155', 'ROSA', 'RUBIO OBLITAS', 'A.H AMPLIACION CENTRO POBLADO MZB01 LT07', 'Lima', 'Cercado de Lima', '999057869', '1990-03-15', 'Primaria', 'AMA DE CASA', 'Casado', 1, '2018-08-18', '2018-08-18', 1, 6),
(71, '60099373', 'JENNY', 'FLORES CONTRERAS', 'AV.LOS CHANCAS DE ANDAHUAYLAS 297', 'Lima', 'Cercado de Lima', '986623154', '1990-03-15', 'Secundaria', 'AMA DE CASA', 'Casado', 1, '2018-08-18', '2018-08-18', 1, 6),
(72, '77776415', 'ESTHEFANY', 'BAZAN SANTOS', 'MZN1 LT8 LOS OLIVOS', 'Lima', 'Los Olivos', '972355660', '1999-01-30', 'Superior', 'ESTUDIANTE', 'Soltero', 1, '2018-08-18', '2018-08-18', 1, 6),
(73, '45864586', 'YULISA', 'BEDON GERONIMO', 'ZONA PARAISO MZE LT01', 'Lima', 'San Juan de Miraflores', '925706128', '1998-02-10', 'Superior', 'TRABAJADORA', 'Soltero', 1, '2018-08-18', '2018-08-18', 1, 6),
(74, '45965474', 'BEATRIZ', 'ESPINOZA HIDALGO', 'CALLE 2 ASOC VIV LOS SAUCES C LT 18', 'Lima', 'Puente Piedra', '983744230', '1999-09-25', 'Superior', 'EST', 'Soltero', 1, '2018-08-18', '2018-08-18', 1, 6),
(75, '45632455', 'FLOR MIRA', 'ARQUINEGO BENANCIO', 'MZ. B 2 BLT. 26  URB. SANTA ANA', 'Lima', 'Puente Piedra', '944346376', '1980-02-01', 'Secundaria', 'AMA DE CASA', 'Concubino', 1, '2018-08-18', '2018-08-18', 1, 6),
(76, '142020638', 'FRAYMAR ROXALY', 'VELASQUEZ BOSCAN', 'INDEPENDENCIA', 'Lima', 'Independencia', '917799982', '1995-05-25', 'Secundaria', 'INDEPENDIENTE', 'Soltero', 1, '2018-08-18', '2018-08-18', 1, 5),
(77, '40939017', 'LUPE YSABEL', 'CALDERO VALDIVIA', 'JR. PALLCAMARCA', 'Lima', 'Independencia', '961732199', '1981-06-23', 'Secundaria', 'INDEPENDIENTE', 'Casado', 1, '2018-08-18', '2018-08-18', 1, 5),
(78, '13085697', 'LINNI', 'LUCENA JIMENEZ', 'CALLE 17 NUMERO148 PAYET', 'Lima', 'Independencia', '972593386', '1977-05-20', 'Tècnico', 'ASISTENTE ADMINISTRATIVA', 'Soltero', 1, '2018-08-18', '2018-08-18', 1, 5),
(79, '47974008', 'ELIZABETH DEL PILAR', 'LAURA RODRIGUEZ', 'QUISIQUIS 224 TAHUANTINSUYO ALTO', 'Lima', 'Independencia', '980517485', '1993-05-03', 'Secundaria', 'AMA DE CASA', 'Soltero', 1, '2018-08-20', '2018-08-20', 1, 5),
(80, '40694117', 'KARI YANINA', 'CHAVEZ AGUILAR', 'MZ H LT 26 VICTOR RAUL HAYA DE LA TORRE', 'Lima', 'Independencia', '953728064', '1982-12-25', 'Superior', 'AMA DE CASA', 'Concubino', 1, '2018-08-20', '2018-08-20', 1, 5),
(81, '16618930', 'VILMA SOLEDAD', 'GARCIA VALLEJOS', 'CALLE PALLCAMARCA 508 P. JOVEN TUPAC AMARU', 'Lima', 'Independencia', '965926258', '1968-05-10', 'Secundaria', 'COSTURERA', 'Soltero', 1, '2018-08-20', '2018-08-20', 1, 5),
(82, '77572759', 'JIMENA', 'SAJAMI FASABI', 'MZL TL7 LADERAS DE CHILLON', 'Lima', 'Puente Piedra', '956997567', '1998-08-24', 'Primaria', 'AMA DE CASA', 'Soltero', 1, '2018-08-20', '2018-08-20', 1, 6),
(83, '44422823', 'YENNY MARUJA', 'ESPINOZA VERAMENDI', 'CALLE 2 ASENT, H BELLAVISTA AMPLIACION ETAPA II MZ K LT 3', 'Lima', 'Independencia', '930511216', '1985-10-01', 'Secundaria', 'AMA DE CASA', 'Soltero', 1, '2018-08-20', '2018-08-20', 1, 5),
(84, '41857486', 'SANTA FELICITA', 'GARCIA', 'ASENT.H LADERAS DE CHILLON MZS LT52', 'Lima', 'Puente Piedra', '928414402', '1981-07-10', 'Secundaria', 'AMA DE CASA', 'Soltero', 1, '2018-08-20', '2018-08-20', 1, 6),
(85, '09624756', 'MARIA', 'RUIZ QUISPE', 'CALLE28 K4-41 URB. PUERTA DE PRO', 'Lima', 'Los Olivos', '5390851', '1959-10-06', 'Primaria', 'TRABAJADORA', 'Soltero', 1, '2018-08-20', '2018-08-20', 1, 6),
(86, '42921603', 'ELIZABETH YOLANDA', 'MEDINA ELIZALDE', 'MZ E LT 4 ASENT HUMANO 12 DE AGOSTO', 'Lima', 'Los Olivos', '960349031', '1983-06-12', 'Secundaria', 'AMA DE CASA', 'Soltero', 1, '2018-08-20', '2018-08-20', 1, 5),
(87, '72307297', 'LUCERO', 'FERRER SEVILLA', 'CALLE MOCHICAS 159 PISO 2 URB TAHUANTINSUYO', 'Lima', 'Independencia', '943483318', '1997-05-24', 'Superior', 'ESTUDIANTE', 'Soltero', 1, '2018-08-20', '2018-08-20', 1, 5),
(88, '46708910', 'YOLANDA YACORI', 'PULACHE ORDOÑEZ', 'V.S DE LOS INCAS 341 MZ FB  LT 10  TAHUANTINSUYO', 'Lima', 'Independencia', '910088242', '1984-12-26', 'Secundaria', 'AMA DE CASA', 'Soltero', 1, '2018-08-20', '2018-08-20', 1, 5),
(89, '09788841', 'GLORIA', 'MEDRANO GALARRETA', 'AV JOSE G CONDORCANQUI 1110 PAYET', 'Lima', 'Independencia', '962255653', '1971-04-12', 'Superior', 'AMA DE CASA', 'Soltero', 1, '2018-08-20', '2018-08-20', 1, 5),
(90, '44910531', 'KELLY', 'QUISPE SANCHEZ', 'VICTOR RAUL MZ W LT 14', 'Lima', 'Independencia', '936655778', '1983-12-14', 'Secundaria', 'AMA DE CASA', 'Casado', 1, '2018-08-20', '2018-08-20', 1, 5),
(91, '44948202', 'SUREÑA', 'LEANDRO URETA', 'AH.LADERA DEL CHILLON MZD LTB4', 'Lima', 'Puente Piedra', '931402314', '1988-01-04', 'Primaria', 'AMA DE CASA', 'Soltero', 1, '2018-08-20', '2018-08-20', 1, 6),
(92, '61739351', 'CARMEN', 'TORRES NUÑEZ', 'AH.JARDINES DE CHILLON MZD LT4', 'Lima', 'Puente Piedra', '975864343', '1991-09-11', 'Secundaria', 'AMA DE CASA', 'Soltero', 1, '2018-08-20', '2018-08-20', 1, 6),
(93, '47744488', 'JESSENIA', 'TORRES VILLACORTA', 'MZG LT12 LADERAS DE CHILLOM', 'Lima', 'Puente Piedra', '951217066', '1988-06-20', 'Secundaria', 'TRABAJADORA', 'Concubino', 1, '2018-08-20', '2018-08-20', 1, 6),
(94, '10157280', 'JUANA', 'ARIAS RODRIGUEZ', 'AAHH MARIANO MELGAR MZ G LT 8 PAYET', 'Lima', 'Independencia', '992991460', '1974-07-12', 'Secundaria', 'NEGOCIANTE', 'Soltero', 1, '2018-08-20', '2018-08-20', 1, 5),
(95, '09481532', 'ARTIDORO', 'RENGIFO FLORES', 'VIRGEN DEL ROSARIO 313 URB SAN DIEGO', 'Lima', 'San Martin de Porres', '5401580', '1934-05-27', 'Secundaria', 'TRABAJO', 'Soltero', 1, '2018-08-20', '2018-08-20', 1, 6),
(96, '42766368', 'DEYSI', 'ARIAZ CORNEJO', 'MZM1 LT16 JARDINES DE CHANGLILA', 'Lima', 'Puente Piedra', 'NO REFIERE', '1988-02-16', 'Secundaria', 'AMA DE CASA', 'Concubino', 1, '2018-08-20', '2018-08-20', 1, 6),
(97, '10164376', 'AYDEE', 'LLOCCLLA ORIHUELA', 'TAHUANTINSUYO 2DA ZONA', 'Lima', 'Independencia', '981573030', '1970-10-05', 'Primaria', 'NEGOCIANTE', 'Soltero', 1, '2018-08-20', '2018-08-20', 1, 5),
(98, '42218197', 'NORMA', 'HUARACA ALHUAY', 'CALLE CORONEL FRANCISCO 260 URB MESA REDONDA', 'Lima', 'San Martin de Porres', '918459351', '1983-11-27', 'Primaria', 'AMA DE CASA', 'Soltero', 1, '2018-08-20', '2018-08-20', 1, 6),
(99, '75335557', 'EDITH', 'GUILLEN LINARES', 'JR.CUZCO 3620', 'Lima', 'San Martin de Porres', 'NO REFIERE', '1994-01-12', 'Secundaria', 'AMA DE CASA', 'Soltero', 1, '2018-08-20', '2018-08-20', 1, 6),
(100, '31833215', 'NORMA', 'MELGAREJO ACUÑA', 'MZ G LT 25 VICTOR RAUL HAYA DE LA TORRE', 'Lima', 'Independencia', 'NO TIENE', '1971-12-26', 'Primaria', 'AMA DE CASA', 'Soltero', 1, '2018-08-20', '2018-08-20', 1, 5),
(101, '44283548', 'LIDIA', 'OLIVO JULCA', 'TAHUANTINSUYO', 'Lima', 'Independencia', '935778110', '1900-01-01', 'Superior', 'NINGUNA', 'Soltero', 1, '2018-08-20', '2018-08-20', 1, 5),
(102, '76389862', 'EDITH', 'CHUGNAS CHACON', 'JR.CHIMBORAZO 1898 URB.PERU', 'Lima', 'San Martin de Porres', '930705576', '1997-06-17', 'Secundaria', 'TRABAJADORA', 'Soltero', 1, '2018-08-20', '2018-08-20', 1, 6),
(103, '44960282', 'IRIS', 'MEDINA ROJAS', 'CALLE 24 N 154 PAYET', 'Lima', 'Independencia', '5676377', '1986-09-28', 'Superior', 'INDEPENDIENTE', 'Soltero', 1, '2018-08-20', '2018-08-20', 1, 5),
(104, '45901017', 'YESENIA', 'BRONCANO BORQUES', 'AV LAS MALVINAS MZ E LT  2 BELLAVISTA', 'Lima', 'Independencia', '991623796', '1986-08-27', 'Secundaria', 'NINGUNA', 'Soltero', 1, '2018-08-20', '2018-08-20', 1, 5),
(105, '43502093', 'ANALY', 'GUERRERO DAVILA', 'AV RETABLO 569', 'Lima', 'Comas', '961502954', '1985-10-03', 'Secundaria', 'NINGUNA', 'Soltero', 1, '2018-08-20', '2018-08-20', 1, 5),
(106, '46256527', 'NURY', 'MALLQUI CASTAÑEDA', 'AV ANTISUYO 637 U POP TUPAC AMARU', 'Lima', 'Independencia', '912209797', '1990-03-31', 'Superior', 'EDUCACION', 'Soltero', 1, '2018-08-20', '2018-08-20', 1, 5),
(107, '72085929', 'CINDY', 'LLASHAC RODRIGUEZ', 'MZZ1 LT129 LADERAS DE CHILLON', 'Lima', 'Puente Piedra', '928475330', '1998-03-10', 'Secundaria', 'AMA DE CASA', 'Concubino', 1, '2018-08-20', '2018-08-20', 1, 6),
(108, '48267329', 'YESENIA', 'CARRASCO ALVARADO', 'MZT2 LT37 URB LOS FLORESTA DE PRO', 'Lima', 'Puente Piedra', 'NO REFIERE', '1994-04-22', 'Secundaria', 'COSTURERA', 'Concubino', 1, '2018-08-20', '2018-08-20', 1, 6),
(109, '44592668', 'DIANA', 'GALVAN SALAZAR', 'MZN4 LT11 LOS OLIVOS DE PRO', 'Lima', 'Los Olivos', '987338698', '1987-09-23', 'Superior', 'AMA DE CASA', 'Soltero', 1, '2018-08-20', '2018-08-20', 1, 6),
(110, '44453192', 'ROXANA', 'QUISPE DE LA CRUZ', 'CALLE AMISTAD 771', 'Lima', 'Puente Piedra', '970698598', '1987-07-07', 'Superior', 'TRABAJADORA', 'Soltero', 1, '2018-08-20', '2018-08-20', 1, 6),
(111, '48456096', 'EDDY', 'LOPEZ DIAZ', 'MZA LT16 URB.LOS ROSALES', 'Lima', 'Comas', '962220415', '1990-06-07', 'Secundaria', 'AMA DE CASA', 'Soltero', 1, '2018-08-20', '2018-08-20', 1, 6),
(112, '45863645', 'ALICIA', 'LLANCO LAVADO', 'ASENT.H LADERAS DE CHILLON MZP LT53', 'Lima', 'Puente Piedra', '917060151', '2000-01-01', 'Primaria', 'AMA DE CASA', 'Soltero', 1, '2018-08-20', '2018-08-20', 1, 6),
(113, '76622980', 'LESLYE', 'VALDIVIA AGUILAR', 'AV CHINCHAYSUYO 625', 'Lima', 'Independencia', '944125763', '1987-11-20', 'Tècnico', 'NINGUNA', 'Soltero', 1, '2018-08-20', '2018-08-20', 1, 5),
(114, '45091713', 'JESSICA', 'MAMANI HERNANDEZ', 'JR TUNGASUCA 135 U POP TUPAC AMARU', 'Lima', 'Independencia', '987258565', '1988-05-23', 'Tècnico', 'TRABAJO', 'Soltero', 1, '2018-08-20', '2018-08-20', 1, 5),
(115, '62470962', 'YAJAIRA', 'PALOMINO TANCUN', 'ZONA 3 ASENT H BELEN MZ G LT9', 'Lima', 'Independencia', '983990879', '1997-10-24', 'Tècnico', 'ASISTENTE', 'Soltero', 1, '2018-08-21', '2018-08-21', 1, 5),
(116, '43209610', 'ROSARIO', 'MORALES QUIROZ', 'AAHH JUAN VELASCO ALVARADO  MZ E LT 6', 'Lima', 'Independencia', '949309927', '1985-08-28', 'Secundaria', 'AMA DE CASA', 'Concubino', 1, '2018-08-21', '2018-08-21', 1, 5),
(117, '42617672', 'JANNY', 'SANTILLAN DE MALAFAY', 'PUERTA DE PRO MAZQ LT35', 'Lima', 'Los Olivos', '948622611', '1988-08-03', 'Superior', 'ENFERMERA', 'Casado', 1, '2018-08-21', '2018-08-21', 1, 6),
(118, '71823961', 'SANDRA', 'MENDOZA GAMARRA', 'JR PAMPACANCHA 128 COOP TUPAC AMARU', 'Lima', 'Independencia', '967773521', '1997-05-29', 'Tècnico', 'ESTUDIANTE', 'Soltero', 1, '2018-08-21', '2018-08-21', 1, 5),
(119, '75513576', 'MEL NARDA', 'GUTIERREZ RIVERA', 'CALLE LAS GARDENIAS ASENT. H. LAS PALMERAS', 'Lima', 'El Agustino', '941651023', '2003-01-16', 'Secundaria', 'COLEGIO', 'Soltero', 1, '2018-08-22', '2018-08-22', 1, 5),
(120, '10166794', 'IRENE', 'GARCIA MARIN', 'AV 20 DE DICIEMBRE 580', 'Lima', 'Independencia', '931125034', '1967-08-22', 'Secundaria', 'NINGUNA', 'Soltero', 1, '2018-08-22', '2018-08-22', 1, 5),
(121, '40881460', 'SARITA', 'VALVERDE ARANDA', 'CALLE HUAYNACAPAC 153 1RA ZONA TAHUANTINSUYO', 'Lima', 'Independencia', '917067105', '1981-03-26', 'Secundaria', 'AMA DE CASA', 'Soltero', 1, '2018-08-22', '2018-08-22', 1, 5),
(122, '70368745', 'KEYLA', 'VILCHEZ HUANCA', 'JR ARAVICUS 140 URB. TAHUANTINSUYO', 'Lima', 'Independencia', '980638806', '1988-05-14', 'Primaria', 'AMA DE CASA', 'Concubino', 1, '2018-08-22', '2018-08-22', 1, 5),
(123, '06385069', 'ITALA YAZMIN', 'MARZULLO CASTELLO', 'JR HUAMACHUCO 300 TUPAC AMARU', 'Lima', 'Independencia', '5269731', '1957-09-07', 'Superior', 'NINGUNA', 'Divorciado', 1, '2018-08-22', '2018-08-22', 1, 5),
(124, '06379136', 'CESAR SERGIO', 'LAYNEZ ESCALANTE', 'AV HUAMANCHUCO 333 TUPAC AMARU', 'Lima', 'Independencia', '5269731', '1954-10-07', 'Superior', 'NINGUNA', 'Soltero', 1, '2018-08-22', '2018-08-22', 1, 5),
(125, '32395549', 'TEOFILA', 'ROSAS SENOSAIN', 'TAHUANTINSUYO', 'Lima', 'Independencia', '910717994', '1960-04-17', 'Primaria', 'NINGUNA', 'Soltero', 1, '2018-08-22', '2018-08-22', 1, 5),
(126, '0000048', 'YADIRA', 'PULACHE ROJAS', 'TAHUANTINSUYO', 'Lima', 'Independencia', '986081619', '1995-12-25', 'Secundaria', 'ESTUDIANTE', 'Soltero', 1, '2018-08-22', '2018-08-22', 1, 5),
(127, '40850620', 'BETTY', 'NAKANDAKARI VALLES', 'TAHUANTINSUYO', 'Lima', 'Independencia', '972150479', '1987-04-05', 'Secundaria', 'INDEPENDIENTE', 'Soltero', 1, '2018-08-22', '2018-08-22', 1, 5),
(128, '47960469', 'MILAGROS SARITA', 'SANCHEZ PALOMINO', 'JR. FAUSTINO SANCHEZ CARRION 843', 'Lima', 'Independencia', '976334964', '1992-08-28', 'Secundaria', 'INDEPENDIENTE', 'Soltero', 1, '2018-08-22', '2018-08-22', 1, 5),
(130, '8296687', 'HILDEBRANDO', 'GILES SALAZAR', 'MZ A 6B LT 4 ASENT H VIRGEN DE BUENO PASO', 'Lima', 'Cercado de Lima', '991884571', '1943-05-01', 'Secundaria', 'JUVILADO', 'Casado', 1, '2018-08-22', '2018-08-22', 4, 8),
(131, '06876462', 'MARIA VICTORIA', 'MANRIQUES ESPINOZA', 'MZ LT 10 COOP LA SAGRADA FAMILIA', 'Lima', 'Ate', '923789129', '2018-08-22', 'Primaria', 'AMADE CASA', 'Casado', 1, '2018-08-22', '2018-08-22', 4, 8),
(132, '44187520', 'CRISTIAN', 'CESPEDES MANRIQUES', 'MZ LT 10 COOP LA SAGRADA FAMILIA', 'Lima', 'Cercado de Lima', '924693856', '1987-07-03', 'Secundaria', 'DEPENDIENTIE', 'Soltero', 1, '2018-08-22', '2018-08-22', 4, 8),
(133, '43735432', 'MARIA', 'OCHOA MONTES', 'SJL', 'Lima', 'Cercado de Lima', '925789461', '1978-07-11', 'Primaria', 'AMADE CASA', 'Casado', 1, '2018-08-22', '2018-08-22', 4, 8),
(134, '72114450', 'SHARMILA', 'ROSALES ASCARRUZ', 'SJL', 'Lima', 'Cercado de Lima', '976137571', '2000-05-07', 'Secundaria', 'ESTUDIANTE', 'Soltero', 1, '2018-08-22', '2018-08-22', 4, 8),
(135, '76338266', 'SARA', 'MONTOYA GARCIA', 'PASAJE JERI MZB LT9', 'Lima', 'Puente Piedra', 'NO REFIERE', '1997-06-04', 'Secundaria', 'AMA DE CASA', 'Concubino', 1, '2018-08-23', '2018-08-23', 1, 6),
(136, '48019412', 'ROSA ELVIRA', 'JARA CARRERA', 'NO REFIERE', 'Lima', 'Cercado de Lima', '955218626', '1990-06-01', 'Secundaria', 'NINGUNA', 'Soltero', 1, '2018-08-23', '2018-08-23', 1, 6),
(137, '45214454', 'PINTO CCAMA MARIELA', 'PINTO CCAMA MARIELA', 'NO REFIERE', 'Lima', 'Cercado de Lima', '935650618', '2000-01-01', 'Secundaria', 'AMA DE CASA', 'Concubino', 1, '2018-08-23', '2018-08-23', 1, 6),
(138, '40445877', 'ROXANA', 'PAITAMPOMA VASQUEZ', 'TAHUANTINSUYO 2DA ZONA', 'Lima', 'Independencia', '965450805', '1979-09-20', 'Secundaria', 'AMA DE CASA', 'Soltero', 1, '2018-08-23', '2018-08-23', 1, 5),
(139, '07144130', 'GENOVENA', 'SUAREZ ALAYA', 'AV INCA ROCA 928 TAHUANTINSUYO', 'Lima', 'Independencia', '5493333', '1965-10-20', 'Secundaria', 'NINGUNA', 'Soltero', 1, '2018-08-23', '2018-08-23', 1, 5),
(140, '75830057', 'GABRIELA', 'CHAVEZ SILVA', 'CALLE INCA ROCA 480 TAHUANTINSUYO', 'Lima', 'Independencia', '993614335', '1995-03-07', 'Superior', 'ESTUDIANTE', 'Soltero', 1, '2018-08-23', '2018-08-23', 1, 5),
(141, '27241966', 'YERMARA SINAI', 'BARRIOS MARQUINA', 'PAYET 90', 'Lima', 'Independencia', '92692231', '2000-02-15', 'Superior', 'INDEPENDIENTE', 'Soltero', 1, '2018-08-23', '2018-08-23', 1, 5),
(142, '70281381', 'AYLIN MARIA', 'RAMIREZ ROSELL', 'JR TAMPUTOCO 100 URB TAHUANTINSUYO', 'Lima', 'Independencia', '970861436', '1995-07-28', 'Tècnico', 'INDEPENDIENTE', 'Soltero', 1, '2018-08-23', '2018-08-23', 1, 5),
(143, '00450504', 'SUDEILY', 'CHAVEZ RIVERO', 'VALLE CHILLON MZ1 LTB', 'Lima', 'Cercado de Lima', '929428356', '1992-05-14', 'Tècnico', 'AMA DE CASA', 'Concubino', 1, '2018-08-23', '2018-08-23', 1, 6),
(144, '70999660', 'CYNTHIA', 'MEJIA MEDRANO', 'AV. GUILLERMO 437 URB SANTA LUSMILA', 'Lima', 'Puente Piedra', '921223446', '2000-01-01', 'Secundaria', 'TRABAJADORA', 'Soltero', 1, '2018-08-23', '2018-08-23', 1, 6),
(145, '1212', 'QUISPE HUAMAN JISELA', 'QUISPE HUAMAN JISELA', 'NO REFIERE', 'Lima', 'Cercado de Lima', '986710258', '2000-01-01', 'Secundaria', 'TRABAJADORA', 'Soltero', 1, '2018-08-23', '2018-08-23', 1, 6),
(148, '60910646', 'JENIFFER', 'DEL AGUILA SHAPIAMA', 'MALECON CHILLON PROVIV.MZP LT96', 'Lima', 'Puente Piedra', '993481040', '1991-04-18', 'Secundaria', 'AMA DE CASA', 'Soltero', 1, '2018-08-24', '2018-08-24', 1, 6),
(149, '07104928', 'CARMELA', 'VALDIVIA JISVES', 'CALLA M CACERES161 EL AGUSTINO', 'Lima', 'El Agustino', '997478824', '1954-03-17', 'Secundaria', 'NEGOCIOS', 'Soltero', 1, '2018-08-24', '2018-08-24', 4, 8),
(150, '08643422', 'FELICITA', 'UNZUETA PALOMINO', 'ASOC DE VIV EL BOSQUE MZC LT01', 'Lima', 'Cercado de Lima', '997423431', '1953-05-25', 'Secundaria', 'TRABAJADOR', 'Soltero', 1, '2018-08-24', '2018-08-24', 1, 6),
(151, '4588888', 'LUCILA', 'TAIPE IPURRE', 'MZA LT19 LADERAS DE CHILLON', 'Lima', 'Puente Piedra', '932199419', '1999-12-03', 'Secundaria', 'AMA DE CASA', 'Soltero', 1, '2018-08-24', '2018-08-24', 1, 6),
(152, '71863579', 'MELISSA', 'GUIZADO CCAHUANA', 'NAZARET LUIS PARDO MZ Y LT 1', 'Lima', 'Independencia', '986236683', '1996-03-22', 'Secundaria', 'AMA DE CASA', 'Soltero', 1, '2018-08-24', '2018-08-24', 1, 5),
(153, '43487469', 'JULISSA', 'CABRERA ASPAJO', 'MZN1 LT48 COOP.RES.LA ENSENADA', 'Lima', 'Puente Piedra', '942129200', '1986-01-08', 'Superior', 'TRABAJADORA', 'Soltero', 1, '2018-08-24', '2018-08-24', 1, 6),
(154, '47941192', 'DEYSI', 'ALCANTARA RAMOS', 'AV SAN JUAN ASOC DE PRO', 'Lima', 'Ate', '986464646', '1992-09-21', 'Secundaria', 'AMA DE CASA', 'Soltero', 1, '2018-08-24', '2018-08-24', 1, 5),
(155, '46868677', 'DINA ELIZABETH', 'YSIQUE PRINCIPE', 'PSJ 5 ASENT H. CORAZON DE JESUS MZ D LT 03', 'Lima', 'Independencia', '933716189', '1991-12-28', 'Tècnico', 'ENFERMERA', 'Soltero', 1, '2018-08-24', '2018-08-24', 1, 5),
(156, '48197662', 'KARINA', 'JESUS ABANTO', 'JR CALCUCHIMAC 289 TAHUANTISUYO', 'Lima', 'Independencia', '940428900', '1993-12-18', 'Tècnico', 'LABORATORIO', 'Soltero', 1, '2018-08-24', '2018-08-24', 1, 5),
(157, '47923914', 'LETTY', 'OBLEA CALDERON', 'INDOMERICA TAHUANTISUYO', 'Lima', 'Independencia', '242950331', '1993-04-19', 'Secundaria', 'AMA DE CASA', 'Concubino', 1, '2018-08-24', '2018-08-24', 1, 5),
(158, '72609296', 'MARÍA JOSE', 'PINTO PINZAN', 'JR.SANTA SOFIA MZB4 LT54 URB SAN DIEGO', 'Lima', 'Los Olivos', '983038035', '2007-12-27', 'Secundaria', 'ESTUDIANTE', 'Soltero', 1, '2018-08-24', '2018-08-24', 1, 6),
(159, '56', 'LUZ MARIBEL', 'CHUMACEDO COORDOVA', 'AV, LOS HEROES DEL ALTO MZA LT2', 'Lima', 'Puente Piedra', 'NO REFIERE', '2000-01-01', 'Secundaria', 'AMA DE CASA', 'Soltero', 1, '2018-08-24', '2018-08-24', 1, 6),
(160, '562', 'MILAGROS', 'CALDERON CIPRIANO', 'ASENT.H LADERAS DE CHILLON MZJ1 LT8', 'Lima', 'Puente Piedra', '970388413', '1999-10-12', 'Secundaria', 'AMA DE CASA', 'Soltero', 1, '2018-08-24', '2018-08-24', 1, 6),
(161, '41680593', 'LEIDAME', 'SALDAÑA VILLANUEVA', 'JR. CASIMIRO 105 STA LUZMILA', 'Lima', 'Comas', '6610191', '1983-04-29', 'Superior', 'PROFESORA', 'Concubino', 1, '2018-08-24', '2018-08-24', 1, 5),
(162, '70273105', 'SUSAN', 'CASTILLO HUAMAN', 'JR LOS CLAVELES 131 URB TAHUANTISUYO', 'Lima', 'Independencia', '5873065', '1992-04-01', 'Secundaria', 'AMA DE CASA', 'Soltero', 1, '2018-08-24', '2018-08-24', 1, 5),
(163, '44169540', 'GIANI', 'JANAMPA TOCAS', 'PASAJE VIRGENES DEL SOL HNOS SAYA', 'Lima', 'Independencia', '986284573', '1987-03-13', 'Secundaria', 'INDEPENDIENTE', 'Concubino', 1, '2018-08-24', '2018-08-24', 1, 5),
(164, '40809571', 'FLOR', 'HIDALGO MEDINA', 'CALLE 22 NUMERO 183 PAYET', 'Lima', 'Independencia', '972562078', '1979-04-10', 'Superior', 'AMA DE CASA', 'Soltero', 1, '2018-08-24', '2018-08-24', 1, 5),
(165, '09454026', 'MERCEDES', 'AQUINO ABARCA', 'CALLE LA CORUÑA 280 DTO 604 PUEBLO LIBRE', 'Lima', 'Lince', '963739877', '1970-09-26', 'Superior', 'TRABAJO', 'Casado', 1, '2018-08-24', '2018-08-25', 1, 5),
(166, '73795641', 'BASURTO SILVA GUADALUPE', 'BASURTO SILVA GUADALUPE', 'ASOC.VALLE CHILLON CA18L-28', 'Lima', 'Puente Piedra', '982852572', '1997-07-10', 'Secundaria', 'AMA DE CASA', 'Soltero', 1, '2018-08-24', '2018-08-24', 1, 6),
(167, '696', 'MAGDALENA', 'QUISPE QUISPE', 'NO REFIERE', 'Lima', 'Cercado de Lima', 'NO REFIERE', '1987-01-01', 'Secundaria', 'AMA DE CASA', 'Soltero', 1, '2018-08-24', '2018-08-24', 1, 6),
(168, '48445455', 'EMILIN', 'PEREYRA CARPIO', 'ASENT.H LADERAS DE CHILLON MZI LT18', 'Lima', 'Puente Piedra', '931888011', '1994-03-14', 'Secundaria', 'TRABAJADORA', 'Soltero', 1, '2018-08-24', '2018-08-24', 1, 6),
(169, '08287443', 'WALDIMIR', 'VALVERDE CARDENAS', 'AV.SANTAROSA 291 LAS HUAYRONAS', 'Lima', 'San Juan de Lurigancho', '3765181', '1966-03-10', 'Superior', 'ADMINISTRACION', 'Soltero', 1, '2018-08-24', '2018-08-24', 4, 8),
(170, '05341785', 'CLARA', 'HIDALGO', 'MZ.H LT.20 CHOSICA', 'Lima', 'San Juan de Lurigancho', '969712202', '1971-04-26', 'Primaria', 'AMADE CASA', 'Casado', 1, '2018-08-24', '2018-08-24', 4, 8),
(171, '44669534', 'GIOVANA', 'ROMERO CALDERON', 'CALLE PACHACUTEC 1811 ERA ZONA TAHUANTISUYO', 'Lima', 'Independencia', '967728007', '1987-10-07', 'Tècnico', 'AMA DE CASA', 'Concubino', 1, '2018-08-25', '2018-08-25', 1, 5),
(172, '000321582', 'MARIA ISABEL', 'GONZALEZ VARGAS', 'CALLE INCA YUPANQUI N 367 TAHUANTISUYO', 'Lima', 'Independencia', '992725398', '1992-01-07', 'Superior', 'AMA DE CASA', 'Soltero', 1, '2018-08-25', '2018-08-25', 1, 5),
(173, '20', 'JOUSSY ESTELA', 'VILLANUEVA', 'PAYET 90', 'Lima', 'Independencia', '945340715', '1989-02-15', 'Secundaria', 'CAUTER', 'Soltero', 1, '2018-08-25', '2018-08-25', 1, 5),
(174, '43472447', 'LAYDA', 'KAJEKUI TEETS', 'PR. TUPAC AMARU 253 ASENT H, LA PAZ MZ B', 'Lima', 'Independencia', '959337846', '1986-02-17', 'Secundaria', 'INDEPENDIENTE', 'Concubino', 1, '2018-08-25', '2018-08-25', 1, 5),
(175, '71024598', 'LUCY', 'LLANOS LLATAS', 'PRO LIMA LT14', 'Lima', 'Puente Piedra', '986449376', '1994-07-19', 'Secundaria', 'AMA DE CASA', 'Soltero', 1, '2018-08-25', '2018-08-25', 1, 6),
(176, '8335386', 'eulogio', 'contreras contreras', 'asociacion los sauces segundo mz.g lot.12', 'Lima', 'San Juan de Lurigancho', '997843485', '1941-11-01', 'Primaria', 'DEPENDIENTIE', 'Casado', 1, '2018-08-25', '2018-08-25', 4, 8),
(177, '71256983', 'ANYEL', 'COTRINA MENDOZA', 'ASENT.H VISTA ALEGRE MZC LT02 LA ENSENADA', 'Lima', 'Puente Piedra', '923223915', '1997-08-02', 'Secundaria', 'AMA DE CASA', 'Soltero', 1, '2018-08-25', '2018-08-25', 1, 6),
(178, '70842034', 'ANGELA', 'CALIXTO PALMADERA', 'LADERAS DE CHILLON MZR L5T19', 'Lima', 'Puente Piedra', '956093313', '1995-03-10', 'Secundaria', 'TRABAJADORA', 'Soltero', 1, '2018-08-25', '2018-08-25', 1, 6),
(179, '10166206', 'NORMA', 'VALDEZ HUAMANI', 'ASENT H. MARIANO VELGARA PAYET', 'Lima', 'Independencia', '980421698', '1976-09-15', 'Secundaria', 'AMA DE CASA', 'Casado', 1, '2018-08-25', '2018-08-25', 1, 5),
(180, '10582062', 'flor', 'yaranga untiveros', 'maz.22 lot.7 ub.mariscal caceres', 'Lima', 'San Juan de Lurigancho', '992409603', '1965-08-05', 'Superior', 'docente', 'Casado', 1, '2018-08-25', '2018-08-25', 4, 8),
(181, '07173376', 'CLARA', 'SALCEDO ASTURILO', 'PROCERES DE INDDEPENDENCIA 1749-B', 'Lima', 'San Juan de Lurigancho', '958880502', '1961-12-06', 'Secundaria', 'AMADE CASA', 'Casado', 1, '2018-08-25', '2018-08-25', 4, 8),
(182, '41553623', 'EUSEBIA', 'SANTIAGO CABELLO', '1 RA ZONA PARACAS 124 TAHUANTISUYO', 'Lima', 'Independencia', '964561703', '1982-11-16', 'Secundaria', 'AMA DE CASA', 'Soltero', 1, '2018-08-25', '2018-08-25', 1, 5),
(183, '41326553', 'CLEOPATRA', 'PORTAL PONTE', 'MZC LT LA MERCED LA ENSENADA', 'Lima', 'Puente Piedra', '967285237', '1982-04-18', 'Secundaria', 'AMA DE CASA', 'Soltero', 1, '2018-08-25', '2018-08-25', 1, 6),
(184, '33678675', 'RAQUEL', 'FERNANDEZ ALVARADO', 'AV. GUILLERMO 5843', 'Lima', 'Los Olivos', '963252947', '1978-06-30', 'Secundaria', 'AMA DE CASA', 'Soltero', 1, '2018-08-25', '2018-08-25', 1, 6),
(185, '10661655', 'MARIA', 'ONORIO PIZARRO', 'GIRON NEVADO DE USANGARTE 298 SANTA ELIZABET SEGUNDA ETAPA', 'Lima', 'San Juan de Lurigancho', '962045288', '1958-02-09', 'Primaria', 'AMADE CASA', 'Soltero', 1, '2018-08-25', '2018-08-25', 4, 8),
(186, '40974380', 'SOLEDAD', 'OCHICOA RONDON', 'PASAJE REVOLUCION 143', 'Lima', 'Independencia', '947761178', '1981-07-10', 'Secundaria', 'AMA DE CASA', 'Soltero', 1, '2018-08-25', '2018-08-25', 1, 5),
(187, '47437046', 'KATTHYA LIZBETH', 'MORI CUENCA', 'JR. INCA ROCA 785 PISO 2 TAHUANTISUYO', 'Lima', 'Independencia', '941325744', '1989-11-17', 'Tècnico', 'CONTADORA', 'Soltero', 1, '2018-08-25', '2018-08-25', 1, 5),
(188, '46119769', 'MARY ELIZABETH', 'FLORES CARRASCO', 'GROSELLAS 117 NARANJAL', 'Lima', 'Independencia', '935388659', '1988-10-13', 'Secundaria', 'AMA DE CASA', 'Concubino', 1, '2018-08-25', '2018-08-25', 1, 5),
(189, '09312445', 'NATIVIDAD', 'GIMENEZ SEGALES', 'ORACIO SEVALLOS', 'Lima', 'Ate', '3592982', '1954-07-27', 'Primaria', 'NEGOCIOS', 'Soltero', 1, '2018-08-25', '2018-08-25', 4, 8),
(190, '48562010', 'PAMELA', 'PINO VARGAS', 'JR. MARCOS 175 PAYET', 'Lima', 'Independencia', '923554004', '1993-03-18', 'Primaria', 'AMA DE CASA', 'Concubino', 1, '2018-08-25', '2018-08-25', 1, 5),
(191, '47336002', 'YESICA LUCY', 'FLORES VALVERDE', 'CALLE ATUNCOYA URB POPULAT TAHUANTISUYO', 'Lima', 'Independencia', '987479427', '1988-10-10', 'Secundaria', 'AMA DE CASA', 'Concubino', 1, '2018-08-25', '2018-08-25', 1, 5),
(192, '09213192', 'EVA', 'RAVANAL ARAUJO', 'AV.LOS POATES CON SANTA ROSA 685', 'Lima', 'Cercado de Lima', '3873030', '1957-11-04', 'Primaria', 'AMADE CASA', 'Casado', 1, '2018-08-25', '2018-08-25', 4, 8),
(193, '41325838', 'RICHARD', 'CHAMORRO MATEO', 'AGUPACION F 1 DE SEBTIEMBRE MZ C LT 7', 'Lima', 'San Juan de Lurigancho', '977529250', '1982-01-17', 'Primaria', 'CHOFER', 'Soltero', 1, '2018-08-25', '2018-08-25', 4, 8),
(194, '08601727', 'BEATRIZ', 'HUAMAN VALENZUELA', 'NO REFIERE', 'Lima', 'Puente Piedra', '965483084', '1965-10-18', 'Secundaria', 'AMA DE CASA', 'Concubino', 1, '2018-08-25', '2018-08-25', 1, 6),
(195, '47197462', 'ESTEFANY', 'CORREA SEGOVIA', 'JR. GUARAPONDO 604', 'Lima', 'Independencia', '955917709', '1990-08-11', 'Secundaria', 'AMA DE CASA', 'Soltero', 1, '2018-08-25', '2018-08-25', 1, 5),
(196, '44830408', 'JOSUE', 'MARTINEZ ARZAPALO', 'ASENTAMIENTO HUMANO MZ.V LOT.14', 'Lima', 'San Juan de Lurigancho', '980223052', '1988-02-06', 'Secundaria', 'CONDUCTOR', 'Soltero', 1, '2018-08-25', '2018-08-25', 4, 8),
(197, '7311795', 'ANGEL', 'GARCIA FARRO', '161 MARISCAL CACERES', 'Lima', 'El Agustino', '969298375', '1951-04-13', 'Superior', 'COMERCIANTE', 'Casado', 1, '2018-08-25', '2018-08-25', 4, 8),
(198, '09799294', 'FREDY', 'REYES MEGIA', 'MAZ.123 LOT.27', 'Lima', 'Los Olivos', '981536691', '1970-02-24', 'Primaria', 'NEGOCIOS', 'Casado', 1, '2018-08-25', '2018-08-25', 4, 8),
(199, '70288831', 'ARACELLI', 'VACA PORTELLA', 'JR. GUITAPAMPA 491', 'Lima', 'Independencia', '997452486', '1993-06-02', 'Secundaria', 'ESTUDIANTE', 'Soltero', 1, '2018-08-25', '2018-08-25', 1, 5),
(200, '47832386', 'OLGA', 'LABAN LIÑAN', 'CALLE 24 NUM 186', 'Lima', 'Independencia', '959191880', '1991-09-17', 'Secundaria', 'ESTUDIANTE', 'Concubino', 1, '2018-08-25', '2018-08-25', 1, 5),
(201, '06980650', 'LUIS', 'CHATE OCHANTE', 'AV.PROGRESO MZ.7 LOT.4', 'Lima', 'Cercado de Lima', '992276167', '1965-12-15', 'Superior', 'ELECTRISISTA', 'Soltero', 1, '2018-08-25', '2018-08-25', 4, 8),
(202, '45952414', 'LEYDI MIRELI', 'LOZADA DELGADO', 'TAHUANTISUYO', 'Lima', 'Independencia', '962384769', '1989-10-02', 'Primaria', 'COMERCIANTE', 'Concubino', 1, '2018-08-25', '2018-08-25', 1, 5),
(203, '70381451', 'MARISOL', 'PEREZ MEJIA', 'AV.CORDIALIDAD 2DA ETAPA - PRO', 'Lima', 'Puente Piedra', 'NO REFIERE', '1989-01-22', 'Secundaria', 'AMA DE CASA', 'Soltero', 1, '2018-08-25', '2018-08-25', 1, 6),
(204, '71424222', 'ANAHI GABRIELA', 'BERROCAL CASIMIR', 'SECTOR F MZ.Z LOT.21 LOS ANGELES', 'Lima', 'Ate', '933803189', '2004-06-22', 'Secundaria', 'ESTUDIANTE', 'Soltero', 1, '2018-08-25', '2018-08-25', 4, 8),
(205, '46138781', 'EMILY', 'LLANOS VEGA', 'PASAJE SAN PABLO MZ LT 3', 'Lima', 'Independencia', '995614039', '1989-07-11', 'Superior', 'AMA DE CASA', 'Soltero', 1, '2018-08-25', '2018-08-25', 1, 5),
(206, '47012392', 'SAMEER OMAR', 'ESTRADA LOPEZ', 'PSJ. LA FLORIDA MZ E LT 04', 'Lima', 'Independencia', '975925073', '2010-01-21', 'Primaria', 'ESTUDIANTE', 'Soltero', 1, '2018-08-25', '2018-08-25', 1, 5),
(207, '44183914', 'ZULEMA', 'DE LA O GARCIA', 'NO REFIERE', 'Lima', 'Cercado de Lima', '931235440', '1986-11-06', 'Secundaria', 'TRABAJADORA', 'Soltero', 1, '2018-08-25', '2018-08-25', 1, 6),
(208, '70401396', 'IRMA', 'POVES CASTILLO', 'CALLE 150 U TUPAC AMARU', 'Lima', 'Independencia', '5261678', '1989-06-19', 'Tècnico', 'INDEPENDIENTE', 'Soltero', 1, '2018-08-25', '2018-08-25', 1, 5),
(209, '089925337', 'DANIELA', 'PALMA REYES', 'CALLE9 MZK LT3 PRO-LIMA', 'Lima', 'Los Olivos', '920795466', '1988-11-01', 'Secundaria', 'AMA DE CASA', 'Soltero', 1, '2018-08-25', '2018-08-25', 1, 6),
(210, '014', 'ASHLEY NICOLE', 'MEZA DIAZ', 'CALLE LOS AMAUTAS 835 ZARATE SJL', 'Lima', 'San Juan de Lurigancho', '015555', '2015-05-27', 'Primaria', 'OBSTETRA', 'Soltero', 1, '2018-08-25', '2018-08-25', 1, 1),
(211, '46989537', 'MARILYN LUCIA', 'MONTORO LAZARTE', 'JR. QUILLABAMBA 320 TAHUANTISUYO', 'Lima', 'Independencia', '926543890', '1990-11-12', 'Secundaria', 'AMA DE CASA', 'Soltero', 1, '2018-08-25', '2018-08-25', 1, 5),
(212, '43004056', 'LEYDY', 'CRUZ CEBALLOS', 'CALLE SAN HERNAN 254 SANTA LUISA', 'Lima', 'Los Olivos', '923341605', '1985-04-26', 'Primaria', 'AMA DE CASA', 'Soltero', 1, '2018-08-25', '2018-08-25', 1, 6),
(213, '47049287', 'JHOLY', 'RUIZ RENGIFO', 'PASAJE LOS CLAVELES 1551 TAHUANTISUYO', 'Lima', 'Independencia', '992858340', '1989-10-12', 'Secundaria', 'INDEPENDIENTE', 'Soltero', 1, '2018-08-25', '2018-08-25', 1, 5),
(214, '07200910', 'eduardo', 'arciga porras', 'mz.m1 lot.4 san hilarion', 'Lima', 'San Juan de Lurigancho', '983733366', '1946-10-13', 'Superior', 'pnp', 'Casado', 1, '2018-08-25', '2018-08-25', 4, 8),
(215, '41165782', 'jeremy', 'gallardo gandia', 'callea a 162urb.santa maria', 'Lima', 'Cercado de Lima', '994695559', '1980-03-21', 'Superior', 'empleado', 'Soltero', 1, '2018-08-25', '2018-08-25', 4, 8),
(216, '76950966', 'jeanfrank', 'morales ureta', 'mz.k lot.2 montenegro', 'Lima', 'San Juan de Lurigancho', '969066122', '1995-03-23', 'Secundaria', 'ESTUDIANTE', 'Soltero', 1, '2018-08-25', '2018-08-25', 4, 8),
(217, '74845596', 'MARIA ISABEL', 'TIBURCIO FLORES', 'RESIDENCIA SAN FRANCISCO MZ B LT 11', 'Lima', 'Independencia', '9222458552', '1995-06-25', 'Tècnico', 'COSMETOLOGA', 'Soltero', 1, '2018-08-25', '2018-08-25', 1, 5),
(218, '46906246', 'ELIXABE', 'IPANAQUE VALVERDE', '15 DE ENERO MZ.H LOT.9', 'Lima', 'San Juan de Lurigancho', '938151245', '1992-02-29', 'Secundaria', 'AMADE CASA', 'Soltero', 1, '2018-08-25', '2018-08-25', 4, 8),
(219, '44635192', 'TEOFILA', 'ORTIZ CASTILLO', 'TAHUANTINSUYO', 'Lima', 'Independencia', '949516591', '1986-08-01', 'Secundaria', 'AMA DE CASA', 'Soltero', 1, '2018-08-27', '2018-08-27', 1, 5),
(220, '70272951', 'DIANA CAROLINA', 'SANTOS REATEGUI', 'CALLE HUANATAY 198 URB TAHUANTINSUYO', 'Lima', 'Independencia', '945950189', '1993-04-05', 'Tècnico', 'INDEPENDIENTE', 'Soltero', 1, '2018-08-27', '2018-08-27', 1, 5),
(221, '08797624', 'JUAN', 'HUAPAYA ROJAS', 'GIRON BATALLA DE AYACUCHO 130 INT.5', 'Lima', 'Santiago de Surco', '2471785', '1955-03-27', 'Secundaria', 'DEPENDIENTIE', 'Casado', 1, '2018-08-27', '2018-08-27', 4, 8),
(222, '70852231', 'XIMENA', 'INGA MARCANI', 'MZ.L LT.7 SANTA FE DE TOTORIA', 'Lima', 'San Juan de Lurigancho', '960232149', '2000-07-12', 'Secundaria', 'ESTUDIANTE', 'Soltero', 1, '2018-08-27', '2018-08-27', 4, 8),
(223, '06904031', 'FLORENCIA', 'RAMIREZ CABEEL', 'LOS ROSALES MZ.C LT.10 CARABAILLO', 'Lima', 'Cercado de Lima', '928482186', '1963-02-27', 'Secundaria', 'DEPENDIENTIE', 'Soltero', 1, '2018-08-27', '2018-08-27', 4, 8),
(224, '10155116', 'GLORIA', 'GARCIA GRADOS', 'JR HUANACAURI 699 3RA ZONA TAHUANTINSUYO', 'Lima', 'Independencia', '951998135', '1972-12-06', 'Superior', 'DOCENTE', 'Divorciado', 1, '2018-08-27', '2018-08-27', 1, 5),
(225, '07133104', 'YOLANDA', 'VALVERDE MARTEL', 'JR RAMPA CANCHA 427 TUPAC AMARU', 'Lima', 'Independencia', '940648261', '1944-08-20', 'Secundaria', 'NINGUNA', 'Casado', 1, '2018-08-27', '2018-08-27', 1, 5),
(226, '41030761', 'LUCY MARGOT', 'ESPINOZA QUISPE', 'TAHUANTINSUYO', 'Lima', 'Independencia', '989946852', '1980-11-20', 'Secundaria', 'AMA DE CASA', 'Soltero', 1, '2018-08-27', '2018-08-27', 1, 5),
(227, '06890527', 'BENIGNA', 'MEJÍA GUZMÁN', 'JR.LOS FAISANES MZ.O-1 LT.20', 'Lima', 'Cercado de Lima', '940196303', '0961-11-11', 'Primaria', 'AMADE CASA', 'Soltero', 1, '2018-08-27', '2018-08-27', 4, 8),
(228, '48337413', 'JUANA SINTIA', 'GIRALDO ZEBALLOS', 'ASENT. H LOS NORTEÑOS MZ 102 LT 29', 'Lima', 'Independencia', '953024289', '1994-08-02', 'Secundaria', 'AMA DE CASA', 'Soltero', 1, '2018-08-27', '2018-08-27', 1, 5),
(229, '46909714', 'ROCIO', 'CHINCHAY MEGIA', 'AV.CAMINO REAL MZ.S LT.1 MATASANGO LA MOLINA', 'Lima', 'La Molina', '940196303', '1989-08-11', 'Secundaria', 'AMADE CASA', 'Soltero', 1, '2018-08-27', '2018-08-27', 4, 8),
(230, '44992688', 'SILVIA', 'DIESTRA ROMERO', 'MZ H LT 4 ASENT H 4 DE DICIEMBRE', 'Lima', 'Independencia', '953258241', '1988-03-18', 'Secundaria', 'AMA DE CASA', 'Soltero', 1, '2018-08-27', '2018-08-27', 1, 5),
(231, '46037461', 'SONIA', 'PAUCAR MENDOZA', 'TAHUANTINSUYO', 'Lima', 'Independencia', '910191293', '1990-10-08', 'Tècnico', 'TRABAJO', 'Soltero', 1, '2018-08-27', '2018-08-27', 1, 5),
(232, '72547014', 'MARILI', 'ZORRILLA ESPEZA', 'T', 'Lima', 'Independencia', '983220320', '1995-05-05', 'Secundaria', 'NINGUNA', 'Soltero', 1, '2018-08-27', '2018-08-27', 1, 5),
(233, '76527497', 'NICOL', 'ARAUJO MENDOZA', 'TAHUANTINSUYO 2DA ZONA', 'Lima', 'Independencia', '978410478', '1994-05-01', 'Tècnico', 'ESTUDIANTE', 'Soltero', 1, '2018-08-27', '2018-08-27', 1, 5),
(234, '70272547', 'KAREN', 'VILLAVICENCIO MATEO', 'CALLE QUIPAN 134', 'Lima', 'Independencia', '921181027', '1995-01-01', 'Superior', 'ESTUDIANTE', 'Soltero', 1, '2018-08-27', '2018-08-27', 1, 5),
(235, '149037716', 'DANIELYS', 'SEVILLA GUEVARA', '2DA DE PRO JR CON FRATERNIDAD', 'Lima', 'Los Olivos', '979723854', '1997-01-03', 'Superior', 'TRABAJADORA', 'Soltero', 1, '2018-08-27', '2018-08-27', 1, 6),
(236, '46284915', 'SAINI', 'CHANCO MEZA', 'ASOC DE VIV S/N J. BAUTISTA MZ A LT 1', 'Lima', 'Puente Piedra', '933290447', '1990-04-25', 'Secundaria', 'AMA DE CASA', 'Soltero', 1, '2018-08-27', '2018-08-27', 1, 6),
(237, '20694021', 'PAEZ RODRIGUEZ YOSELIN', 'PAEZ RODRIGUEZ YOSELIN', 'NO REFIERE', 'Lima', 'Los Olivos', 'NO REFIERE', '1991-01-29', 'Primaria', 'TRABAJADORA', 'Soltero', 1, '2018-08-27', '2018-08-27', 1, 6),
(238, '75335862', 'CAMILA STEPHANY', 'VENTOSILLA PASACHE', 'ASENT H. CAHUDE MZ. F LT. 13', 'Lima', 'Independencia', '989977283', '2001-01-24', 'Secundaria', 'ESTUDIANTE', 'Soltero', 1, '2018-08-27', '2018-08-27', 1, 5),
(239, '43863789', 'ALICIA', 'APONTE COLLAZOS', 'MZN1 LT5 LADERAS DE CHILLON', 'Lima', 'Puente Piedra', '980135652', '1985-12-29', 'Secundaria', 'TRABAJADORA', 'Soltero', 1, '2018-08-27', '2018-08-27', 1, 6),
(240, '09213192', 'MAGDALENA', 'ARAUJO ABANTO', 'LOS GRAFITOS SAN HILARION 250', 'Lima', 'San Juan de Lurigancho', '459797666', '1937-07-18', 'Primaria', 'AMADE CASA', 'Casado', 1, '2018-08-27', '2018-08-27', 4, 8),
(241, '72142702', 'RITA', 'URRUTIA BECERRA', 'CERCADO CATILLUC BAJO', 'Lima', 'Independencia', '937616168', '1999-01-18', 'Secundaria', 'AMA DE CASA', 'Concubino', 1, '2018-08-27', '2018-08-27', 1, 5),
(242, '42125645', 'ZENAIDA', 'CANCHOHUAMAN LOPEZ', 'NO REFIERE', 'Lima', 'Cercado de Lima', '943765829', '1984-06-02', 'Tècnico', 'AMA DE CASA', 'Casado', 1, '2018-08-27', '2018-08-27', 1, 6),
(243, '46698964', 'JACKELIN MERCEDES', 'BADILLO BALTAZAR', 'MZ 43 LT. 3 AH ARMANDO V DEL CAMPO', 'Lima', 'Independencia', '984326290', '1991-05-07', 'Secundaria', 'AMA DE CASA', 'Concubino', 1, '2018-08-27', '2018-08-27', 1, 5),
(244, '08320573', 'SERGIO', 'RABANAL ROJAS', 'LOS GRAFITOS SAN HILARION 250', 'Lima', 'San Juan de Lurigancho', '4595966', '1936-12-16', 'Secundaria', 'JUVILADO', 'Casado', 1, '2018-08-27', '2018-08-27', 4, 8),
(245, '46283068', 'NORA DEL PILAR', 'CANDELA DEJO', 'CA. CHIMU 198 U. POP. TAHUANTISUYO', 'Lima', 'Independencia', '996913051', '1988-05-31', 'Secundaria', 'AMA DE CASA', 'Concubino', 1, '2018-08-27', '2018-08-27', 1, 5),
(246, '46283068', 'NORA DEL PILAR', 'CANDELA DEJO', 'CA. CHIMU 198 U. POP. TAHUANTISUYO', 'Lima', 'Independencia', '996913051', '1988-05-31', 'Secundaria', 'AMA DE CASA', 'Concubino', 1, '2018-08-27', '2018-08-27', 1, 5),
(247, '48208950', 'FLOR', 'ATOCHE WONG', 'ANTONIO 232 URB. EL PACIFICO', 'Lima', 'San Martin de Porres', '987169423', '1993-03-18', 'Superior', 'TRABAJADORA', 'Soltero', 1, '2018-08-27', '2018-08-27', 1, 6),
(248, '47481871', 'BRIGITTE', 'SANCHEZ ACERO', 'PRINCIPIO 711 .PARQUE EL AMOR', 'Lima', 'Puente Piedra', '997803018', '1995-06-05', 'Secundaria', 'AMA DE CASA', 'Concubino', 1, '2018-08-27', '2018-08-27', 1, 6),
(249, '47148381', 'ESMERALDA', 'ASENCIOS NAJARRO', 'MZP LT22 PUENTE PIEDRA', 'Lima', 'Puente Piedra', '991500918', '1991-06-15', 'Secundaria', 'TRABAJADORA', 'Soltero', 1, '2018-08-27', '2018-08-27', 1, 6),
(250, '74824470', 'YARITZA XIOMARA', 'RAMIREZ RODRIGUEZ', 'AV. MANUEL PRADO ESTE 933 P.J EL PROGRESO', 'Lima', 'Independencia', '931961973', '1996-01-04', 'Secundaria', 'ESTUDIANTE', 'Soltero', 1, '2018-08-27', '2018-08-27', 1, 5),
(251, '72420110', 'ESTEFANY ROSAS', 'LEON GONZALES', 'PSJ MARIANO MELGAR AH 4 DE DICIEMBRE', 'Lima', 'Independencia', '00', '1997-09-04', 'Tècnico', 'ASISTENTE', 'Concubino', 1, '2018-08-27', '2018-08-27', 1, 5),
(252, '78015394', 'FLOR', 'VERA SARZO', 'MZ X LT 7 31 DE DICIEMBRE', 'Lima', 'Independencia', '926504698', '1998-06-05', 'Secundaria', 'AMA DE CASA', 'Concubino', 1, '2018-08-27', '2018-08-27', 1, 5),
(253, '40614971', 'ANA MIRELLA', 'SANTOS GOMERO', 'CALLE 9 NUMERO 110 PAYET', 'Lima', 'Independencia', '991008707', '1980-09-22', 'Secundaria', 'OPERARIA', 'Soltero', 1, '2018-08-27', '2018-08-27', 1, 5),
(254, '70272465', 'LISBHET', 'GARRIDO GIRALDO', 'JR CALCA 317 2 ZONA TAHUANTISUYO', 'Lima', 'Independencia', '952399247', '1989-11-17', 'Secundaria', 'ESTUDIANTE', 'Concubino', 1, '2018-08-27', '2018-08-27', 1, 5),
(255, '10398447', 'CESAR', 'LASTRA CHUP', 'GARCILASO  DE LA VEGA 322', 'Lima', 'Comas', '99856881', '1955-05-13', 'Superior', 'INFORMATICA', 'Soltero', 1, '2018-08-27', '2018-08-27', 4, 8),
(256, '067744000', 'ARMANDO', 'HUAMANI CORDOVA', 'PAYET', 'Lima', 'Independencia', '930759290', '1959-02-06', 'Primaria', 'MOTO TAXI', 'Soltero', 1, '2018-08-27', '2018-08-27', 1, 5),
(257, '07504153', 'richard', 'berrocal beltran', 'as.los angeles alt 215 ct.f', 'Lima', 'Ate', '933803189', '1974-11-22', 'Secundaria', 'DEPENDIENTIE', 'Casado', 1, '2018-08-27', '2018-08-27', 4, 8);
INSERT INTO `pacientes` (`id`, `dni`, `nombres`, `apellidos`, `direccion`, `provincia`, `distrito`, `telefono`, `fechanac`, `gradoinstruccion`, `ocupacion`, `edocivil`, `estatus`, `created_at`, `updated_at`, `id_empresa`, `id_sucursal`) VALUES
(258, '74463691', 'MONICA', 'MENDEZ MORALES', 'JR PACHEMUTE 126', 'Lima', 'Independencia', '938602511', '1994-08-06', 'Secundaria', 'AMA DE CASA', 'Casado', 1, '2018-08-27', '2018-08-27', 1, 5),
(259, '77064397', 'SANTOS NOEMA', 'CHAVEZ CAMACHO', 'ARGODONAL MZU LT1', 'Lima', 'Los Olivos', '932748642', '1997-10-30', 'Secundaria', 'AMA DE CASA', 'Soltero', 1, '2018-08-27', '2018-08-27', 1, 6),
(260, '333', 'DANIEL', 'SOLIS ALVARADO', 'URB TARUIJA MZ D LT 20 SAN MARTIN DE PORRES', 'Lima', 'San Martin de Porres', '910257718', '2017-08-07', 'Secundaria', 'NINGUNA', 'Soltero', 1, '2018-08-27', '2018-08-27', 1, 5),
(261, '26187872', 'NEYRIS', 'VIELMA VIVAS', 'PAYET CALLE 22 CASA NUMERO 153', 'Lima', 'Independencia', '9941585347', '1997-12-13', 'Secundaria', 'INDEPENDIENTE', 'Soltero', 1, '2018-08-27', '2018-08-27', 1, 5),
(262, '45040105', 'ANGEL DARWIN', 'MANCCO UGARTE', 'MZ A LT 10AAHH 27 DE MARZO TAHUANTISUYO', 'Lima', 'Independencia', '992198494', '1988-04-04', 'Superior', 'INDEPENDIENTE', 'Soltero', 1, '2018-08-27', '2018-08-27', 1, 5),
(263, '46151930', 'lisset', 'surichaqui mateo', 'jrn.los topacios 2202 huayrona', 'Lima', 'San Juan de Lurigancho', '943773991', '1989-05-28', 'Superior', 'ADMINISTRACION', 'Soltero', 1, '2018-08-27', '2018-08-27', 4, 8),
(264, '081526546', 'MARISEL', 'HERNANDEZ SOTO', 'AV LIMA 315', 'Lima', 'Independencia', '555501255', '1985-05-10', 'Superior', 'ADMINISTRADOR', 'Soltero', 1, '2018-08-27', '2018-08-27', 1, 1),
(265, '21136375', 'juan', 'nieto', 'ATE VITARTE', 'Lima', 'Ate', '996403036', '1975-08-21', 'Secundaria', 'medico', 'Soltero', 1, '2018-08-27', '2018-08-27', 5, 10),
(266, '70536740', 'katheryn', 'valdez', 'santa anita', 'Lima', 'Ate', '933414278', '1991-08-21', 'Superior', 'aa', 'Soltero', 1, '2018-08-27', '2018-08-27', 5, 10),
(267, '10700602', 'JASMIN', 'GUEVARA RODRIGUEZ', 'PAYET S3 SR DE LOS MILAGROS', 'Lima', 'Independencia', '929812724', '1989-12-21', 'Superior', 'NINGUNA', 'Soltero', 1, '2018-08-28', '2018-08-28', 1, 5),
(268, '41710794', 'DIANA', 'DIAZ VASQUEZ', 'AHM.LADERAS DE CHILLON MZT LT20', 'Lima', 'Puente Piedra', 'NO REFIERE', '1983-02-16', 'Secundaria', 'AMA DE CASA', 'Soltero', 1, '2018-08-28', '2018-08-28', 1, 6),
(269, '31830299', 'PFORTUNATA', 'PRINCIPE CERNA', 'MZE LT7 VILLA MARCEDES', 'Lima', 'Puente Piedra', '913375407', '1968-10-14', 'Secundaria', 'TRABAJADORA', 'Casado', 1, '2018-08-28', '2018-08-28', 1, 6);

-- --------------------------------------------------------

--
-- Estructura de tabla para la tabla `paquetes`
--

CREATE TABLE `paquetes` (
  `id` int(11) NOT NULL,
  `name` varchar(200) NOT NULL,
  `costo` text NOT NULL,
  `id_empresa` int(11) NOT NULL,
  `id_sucursal` int(11) NOT NULL,
  `created_at` date NOT NULL,
  `updated_at` date NOT NULL
) ENGINE=InnoDB DEFAULT CHARSET=latin1;

--
-- Volcado de datos para la tabla `paquetes`
--

INSERT INTO `paquetes` (`id`, `name`, `costo`, `id_empresa`, `id_sucursal`, `created_at`, `updated_at`) VALUES
(8, 'chequeo niños', '39.00', 1, 5, '2018-08-09', '2018-08-09'),
(22, 'paquete pediatrico', '150.00', 1, 1, '2018-08-15', '2018-08-15'),
(23, 'hhhh', '444.44', 1, 1, '2018-08-18', '2018-08-18'),
(24, 'PAQUETE GINECOLOGICO', '100.00', 1, 1, '2018-08-18', '2018-08-18'),
(25, 'paqute ozono', '20.00', 1, 1, '2018-08-18', '2018-08-18'),
(26, 'ECOGRAFIA ABDOMINAL COMPLETA', '60.00', 3, 7, '2018-08-20', '2018-08-20'),
(27, 'paqute viru', '100.00', 1, 1, '2018-08-25', '2018-08-25'),
(28, 'paque derma', '80.00', 1, 1, '2018-08-27', '2018-08-27');

-- --------------------------------------------------------

--
-- Estructura de tabla para la tabla `paquetes_analises`
--

CREATE TABLE `paquetes_analises` (
  `id` int(11) NOT NULL,
  `id_paquete` int(11) NOT NULL,
  `id_analisis` int(11) NOT NULL,
  `created_at` date NOT NULL,
  `updated_at` date NOT NULL
) ENGINE=InnoDB DEFAULT CHARSET=latin1;

--
-- Volcado de datos para la tabla `paquetes_analises`
--

INSERT INTO `paquetes_analises` (`id`, `id_paquete`, `id_analisis`, `created_at`, `updated_at`) VALUES
(6, 16, 2, '2018-08-13', '2018-08-13'),
(7, 16, 5, '2018-08-13', '2018-08-13'),
(8, 17, 1, '2018-08-13', '2018-08-13'),
(9, 17, 4, '2018-08-13', '2018-08-13'),
(10, 18, 0, '2018-08-13', '2018-08-13'),
(11, 19, 1, '2018-08-13', '2018-08-13'),
(12, 19, 5, '2018-08-13', '2018-08-13'),
(13, 20, 1, '2018-08-13', '2018-08-13'),
(14, 21, 6, '2018-08-15', '2018-08-15'),
(15, 21, 20, '2018-08-15', '2018-08-15'),
(16, 22, 6, '2018-08-15', '2018-08-15'),
(17, 22, 22, '2018-08-15', '2018-08-15'),
(18, 23, 6, '2018-08-18', '2018-08-18'),
(19, 24, 6, '2018-08-18', '2018-08-18'),
(20, 25, 22, '2018-08-18', '2018-08-18'),
(21, 26, 5, '2018-08-20', '2018-08-20'),
(22, 27, 20, '2018-08-25', '2018-08-25'),
(23, 28, 23, '2018-08-27', '2018-08-27');

-- --------------------------------------------------------

--
-- Estructura de tabla para la tabla `paquetes_servs`
--

CREATE TABLE `paquetes_servs` (
  `id` int(11) NOT NULL,
  `id_paquete` int(11) NOT NULL,
  `id_servicio` int(11) NOT NULL,
  `created_at` date NOT NULL,
  `updated_at` date NOT NULL
) ENGINE=InnoDB DEFAULT CHARSET=latin1;

--
-- Volcado de datos para la tabla `paquetes_servs`
--

INSERT INTO `paquetes_servs` (`id`, `id_paquete`, `id_servicio`, `created_at`, `updated_at`) VALUES
(1, 2, 2, '2018-07-16', '2018-07-16'),
(4, 5, 0, '2018-07-19', '2018-07-19'),
(5, 5, 1, '2018-07-19', '2018-07-19'),
(6, 5, 2, '2018-07-19', '2018-07-19'),
(7, 6, 0, '2018-07-19', '2018-07-19'),
(9, 6, 2, '2018-07-19', '2018-07-19'),
(13, 8, 1, '2018-08-09', '2018-08-09'),
(14, 8, 5, '2018-08-09', '2018-08-09'),
(17, 9, 6, '2018-08-10', '2018-08-10'),
(18, 10, 0, '2018-08-11', '2018-08-11'),
(19, 10, 3, '2018-08-11', '2018-08-11'),
(20, 10, 5, '2018-08-11', '2018-08-11'),
(21, 11, 0, '2018-08-13', '2018-08-13'),
(22, 12, 3, '2018-08-13', '2018-08-13'),
(23, 13, 0, '2018-08-13', '2018-08-13'),
(24, 13, 3, '2018-08-13', '2018-08-13'),
(25, 7, 1, '2018-08-13', '2018-08-13'),
(26, 7, 4, '2018-08-13', '2018-08-13'),
(31, 16, 1, '2018-08-13', '2018-08-13'),
(32, 16, 3, '2018-08-13', '2018-08-13'),
(33, 16, 4, '2018-08-13', '2018-08-13'),
(34, 17, 5, '2018-08-13', '2018-08-13'),
(35, 18, 18, '2018-08-13', '2018-08-13'),
(36, 19, 0, '2018-08-13', '2018-08-13'),
(37, 19, 3, '2018-08-13', '2018-08-13'),
(38, 20, 5, '2018-08-13', '2018-08-13'),
(39, 20, 23, '2018-08-13', '2018-08-13'),
(40, 21, 1, '2018-08-15', '2018-08-15'),
(41, 21, 8, '2018-08-15', '2018-08-15'),
(42, 22, 8, '2018-08-15', '2018-08-15'),
(43, 23, 1, '2018-08-18', '2018-08-18'),
(44, 23, 3, '2018-08-18', '2018-08-18'),
(45, 24, 8, '2018-08-18', '2018-08-18'),
(46, 25, 9, '2018-08-18', '2018-08-18'),
(47, 26, 16, '2018-08-20', '2018-08-20'),
(48, 26, 29, '2018-08-20', '2018-08-20'),
(49, 27, 8, '2018-08-25', '2018-08-25'),
(50, 27, 13, '2018-08-25', '2018-08-25'),
(51, 28, 8, '2018-08-27', '2018-08-27'),
(52, 28, 9, '2018-08-27', '2018-08-27');

-- --------------------------------------------------------

--
-- Estructura de tabla para la tabla `password_resets`
--

CREATE TABLE `password_resets` (
  `email` varchar(191) COLLATE utf8mb4_unicode_ci NOT NULL,
  `token` varchar(191) COLLATE utf8mb4_unicode_ci NOT NULL,
  `created_at` timestamp NULL DEFAULT NULL
) ENGINE=InnoDB DEFAULT CHARSET=utf8mb4 COLLATE=utf8mb4_unicode_ci;

-- --------------------------------------------------------

--
-- Estructura de tabla para la tabla `perfiles`
--

CREATE TABLE `perfiles` (
  `id` int(11) NOT NULL,
  `nombre` varchar(200) NOT NULL,
  `estatus` int(11) NOT NULL DEFAULT '1'
) ENGINE=InnoDB DEFAULT CHARSET=latin1;

-- --------------------------------------------------------

--
-- Estructura de tabla para la tabla `permissions`
--

CREATE TABLE `permissions` (
  `ability_id` int(10) UNSIGNED NOT NULL,
  `entity_id` int(10) UNSIGNED NOT NULL,
  `entity_type` varchar(191) COLLATE utf8mb4_unicode_ci NOT NULL,
  `forbidden` tinyint(1) NOT NULL DEFAULT '0'
) ENGINE=InnoDB DEFAULT CHARSET=utf8mb4 COLLATE=utf8mb4_unicode_ci;

--
-- Volcado de datos para la tabla `permissions`
--

INSERT INTO `permissions` (`ability_id`, `entity_id`, `entity_type`, `forbidden`) VALUES
(1, 1, 'roles', 0),
(2, 1, 'roles', 0),
(3, 2, 'roles', 0),
(4, 3, 'roles', 0);

-- --------------------------------------------------------

--
-- Estructura de tabla para la tabla `personals`
--

CREATE TABLE `personals` (
  `id` int(11) NOT NULL,
  `name` varchar(100) NOT NULL,
  `apellidos` varchar(100) NOT NULL,
  `telefono` varchar(100) NOT NULL,
  `email` varchar(200) DEFAULT NULL,
  `direccion` varchar(200) NOT NULL,
  `estatus` int(11) NOT NULL DEFAULT '1',
  `dni` varchar(200) NOT NULL,
  `created_at` date NOT NULL,
  `updated_at` date NOT NULL,
  `id_empresa` int(11) DEFAULT NULL,
  `id_sucursal` int(11) DEFAULT NULL
) ENGINE=InnoDB DEFAULT CHARSET=latin1;

--
-- Volcado de datos para la tabla `personals`
--

INSERT INTO `personals` (`id`, `name`, `apellidos`, `telefono`, `email`, `direccion`, `estatus`, `dni`, `created_at`, `updated_at`, `id_empresa`, `id_sucursal`) VALUES
(3, 'CARMEN ALEJANDRA', 'PARRA GARCIA', '955545565', 'katherineobst@hotmail.es', 'LA UNIDAD 8050 URB PRO', 1, '512365', '2018-07-01', '2018-08-07', 1, 1),
(8, 'prueba', 'prueba', 'xcxcx', NULL, 'cxcxc', 1, '23232', '2018-07-01', '2018-07-01', 1, 2),
(9, 'Jose', 'Meza', 'fffff', NULL, 'ffff', 1, '3333333', '2018-07-01', '2018-07-01', 1, 2),
(11, '2222', '2222', '4265360533', NULL, 'San Juan de Los Morros', 1, '2222', '2018-07-13', '2018-07-13', 1, 2),
(12, 'MIRIAM DASHANA', 'ARIZA ESPINOZA', '946556657', NULL, 'av. chinchaysuyo 323 urb. tahuantisuyo - independencia', 1, '42883130', '2018-07-23', '2018-08-02', 1, 1),
(13, 'KIARA NIEVES', 'ZARATE VICTORIA', '946556657', NULL, 'calle vulcano 364 ate', 1, '74534311', '2018-08-06', '2018-08-06', 1, 5),
(15, 'ERIK GUSTAVO', 'ZERPA MUJICA', '4265360533', 'erik_2612@hotmail.com', 'PUEBLO LIBRE', 1, '019985127', '2018-08-08', '2018-08-19', 1, 1),
(17, 'YRIS GIULIANA', 'RODAS VARILLAS', '983324813', 'yrgirova_82tauro@hotmail.com', 'mz j lote 23 el pinar - comas', 1, '41998520', '2018-08-15', '2018-08-15', 1, 5),
(18, 'YESSICA', 'CHUNGA BOLO', '952317490', 'ychungabolo@gmail.com', 'av sol de naranjal mz D lt 16 el mirador - SMP', 1, '43096883', '2018-08-15', '2018-08-15', 1, 5),
(20, 'FIORELLA KAROL', 'HUALLANCA ROSALES', '977710478', 'fiorella_crazy9@hotmail.com', 'psj los limones 159 ermitaño - independencia', 1, '47259183', '2018-08-15', '2018-08-15', 1, 5),
(21, 'CARMEN', 'PARRA GARCIA', '955012867', 'fastp2005@gmail.com', 'calle la unidad 8050 - los olivos', 1, '16803278', '2018-08-18', '2018-08-18', 1, 5),
(22, 'JOSE LUIS', 'MEZA LA ROSA', '940314839', 'urigram@gmail.com', 'AV.CHINCHAYSUYO', 1, '74585421', '2018-08-18', '2018-08-18', 1, 6),
(24, 'MARIA SOLEDAD', 'VILLALTA JIMENEZ', '99985632', 'grey0001@hotmail.com', 'CALLE LOS ALGORROBOS 220 SMP', 1, '10210154', '2018-08-19', '2018-08-19', 1, 1),
(25, 'YESLY', 'CARHUATOCTO YANAYACO', '959709862', 'naomi_tico@hotmail.com', 'a', 1, '41748715', '2018-08-20', '2018-08-20', 3, 7),
(26, 'MARILUZ', 'ILLACONZA GUTIERREZ', '992496166', 'MARGUTIERREZ1832@GMAIL.COM', 'RAMON ZAVALA 445 MIRAFLORES', 1, '42904862', '2018-08-22', '2018-08-22', 4, 8),
(27, 'LINO ALFREDO', 'SALCEDO BORDA', '930349882', 'SACEDOLINO073@GMAIL.COM', 'ANEXO CORRALPATA SN', 1, '73465501', '2018-08-22', '2018-08-27', 4, 8),
(28, 'DANIELA DEL VALLE', 'MARVAL HERNANDEZ', '933035877', 'mm936@gmail.com', 'piramide del sol 577 zarate SJL', 1, '20903029', '2018-08-23', '2018-08-23', 4, 9),
(29, 'CARMEN ROSA', 'SALCEDO BORDA', '916355487', 'ROSASALCEDOBORDA@GMAIL.COM', 'MANZANA CALOTE 20 AGRUPACION FAMILIAR JORGE DEL CASTILLO', 1, '45829765', '2018-08-24', '2018-08-24', 4, 9),
(30, 'JESSICA ANALY', 'ORTEGA ZARAVIA', '959916154', 'ZARAVIA95.LOVE@GMAIL.COM', 'VILLA ROSARIO, MZ DLT 12 A.H', 1, '76780188', '2018-08-24', '2018-08-24', 4, 9),
(31, 'YRIS G.', 'RODAS VARILLAS', '983324813', 'yrgirova_82tauro@hotmail.com', 'MZJ LT23 EL PINAR - COMAS', 1, '41998520', '2018-08-24', '2018-08-24', 1, 6),
(32, 'katheryn', 'valdez', '933414278', 'katy210891@gmail.com', 'bellamar segunda etapa', 1, '70536740', '2018-08-27', '2018-08-27', 5, 10),
(33, 'ROSA MARIA', 'QUINTANIA CATAN', '934416621', 'ROSA@HOTMAIL.COM', 'ATE VITARTE', 1, '48096841', '2018-08-27', '2018-08-27', 5, 10),
(34, 'JOSE WISTON', 'MENDIVELSO VARGAS', '927964559', 'JOSE@HOTMAIL.COM', 'VITARTE', 1, '0969077731', '2018-08-27', '2018-08-27', 5, 10),
(35, 'CARMEN ALEJANDRA', 'PARRA GARCIA', '955012867', 'FASTP2005@gmail.com', 'CALLE LA UNIDAD 8050 -PRO', 1, '0943577774', '2018-08-27', '2018-08-27', 1, 6);

-- --------------------------------------------------------

--
-- Estructura de tabla para la tabla `productos`
--

CREATE TABLE `productos` (
  `id` int(11) NOT NULL,
  `name` varchar(200) NOT NULL,
  `medida` varchar(100) NOT NULL,
  `cantidad` int(11) NOT NULL,
  `created_at` date NOT NULL,
  `updated_at` date NOT NULL,
  `id_empresa` int(11) NOT NULL,
  `id_sucursal` int(11) NOT NULL
) ENGINE=InnoDB DEFAULT CHARSET=latin1;

--
-- Volcado de datos para la tabla `productos`
--

INSERT INTO `productos` (`id`, `name`, `medida`, `cantidad`, `created_at`, `updated_at`, `id_empresa`, `id_sucursal`) VALUES
(1, 'Medicamentoooooo', 'Miligramo', 30065, '2018-07-05', '2018-07-08', 1, 1),
(2, 'Producto Prueba', 'Milimetro', 132, '2018-07-08', '2018-07-08', 0, 0),
(3, 'Producto Jose', 'Miligramo', 194, '2018-07-08', '2018-07-13', 0, 0),
(4, 'zzz', 'Milimetro', 121, '2018-07-15', '2018-07-15', 1, 2),
(5, 'rtrtrt', 'Milimetro', 35, '2018-07-15', '2018-07-15', 1, 1),
(6, 'patector', 'Milimetro', 115, '2018-07-27', '2018-07-27', 1, 1),
(7, 'PATECTOR', 'Milimetro', 20, '2018-08-02', '2018-08-02', 1, 1),
(8, 'mesigyna', 'Milimetro', 1, '2018-08-02', '2018-08-02', 1, 1),
(9, 'CIPROFLOXACINO 500', 'Miligramo', 150, '2018-08-07', '2018-08-07', 1, 1),
(10, 'AMOXICILINA 500MG', 'Milimetro', 100, '2018-08-09', '2018-08-09', 1, 5),
(11, 'CEFALOGEN AMP', 'Milimetro', 25, '2018-08-09', '2018-08-09', 1, 5),
(12, 'JERINGA 20ML', 'Milimetro', 10, '2018-08-09', '2018-08-09', 1, 5),
(13, 'gestafer', 'Cajax6Unid', 2, '2018-08-13', '2018-08-13', 1, 1),
(14, 'PATECTOR', 'Cajax6Unid', 100, '2018-08-18', '2018-08-18', 1, 5),
(17, 'NOFERTYL', 'Cajax6Unid', 100, '2018-08-18', '2018-08-18', 1, 5),
(18, 'colageno', 'Cajax6Unid', 250, '2018-08-18', '2018-08-18', 1, 1),
(19, 'COLAGENO', 'Cajax100Unid', 100, '2018-08-23', '2018-08-23', 4, 9),
(20, 'COLAGENO CAJA', 'Milimetro', 15, '2018-08-24', '2018-08-24', 4, 8),
(21, 'GLUKOSAMINE POLVO', 'Milimetro', 1, '2018-08-24', '2018-08-24', 4, 8),
(22, 'GLUKOSAMINE POLVO', 'Milimetro', 1, '2018-08-24', '2018-08-24', 4, 8),
(23, 'COLAGENO SOBRE', 'Cajax6Unid', 4, '2018-08-24', '2018-08-24', 4, 8),
(24, 'TE VERDE CHIA', 'Milimetro', 22, '2018-08-24', '2018-08-24', 4, 8),
(25, '7 PEPAS', 'Cajax12Unid', 11, '2018-08-24', '2018-08-24', 4, 8),
(26, '7 PEPAS', 'Milimetro', 11, '2018-08-24', '2018-08-24', 4, 8),
(27, 'CARTICAT', 'Milimetro', 3, '2018-08-24', '2018-08-24', 4, 8),
(28, 'CARTICAT', 'Milimetro', 3, '2018-08-24', '2018-08-24', 4, 8),
(29, 'MAGNE VIDA', 'Milimetro', 2, '2018-08-24', '2018-08-24', 4, 8),
(30, 'NUTRIPROSMAN', 'Cajax15Unid', 3, '2018-08-24', '2018-08-24', 4, 8),
(31, 'DICLOFENACOS', 'Milimetro', 3, '2018-08-24', '2018-08-24', 4, 8),
(32, 'MAGNE VIDA', 'Milimetro', 2, '2018-08-25', '2018-08-25', 4, 8),
(33, 'MAGNE VIDA', 'Milimetro', 2, '2018-08-25', '2018-08-25', 4, 8),
(34, 'NUTRIPROSMAN', 'Milimetro', 3, '2018-08-25', '2018-08-25', 4, 8),
(35, 'NUTRIPROSMAN', 'Miligramo', 3, '2018-08-25', '2018-08-25', 4, 8),
(36, 'DI', 'Miligramo', 3, '2018-08-25', '2018-08-25', 4, 8),
(37, 'POMADA MOLLE CHUPA SANGRE', 'Milimetro', 2, '2018-08-25', '2018-08-25', 4, 8),
(38, 'POMADA MOLLE ARNICA', 'Milimetro', 2, '2018-08-25', '2018-08-25', 4, 8),
(39, 'GLUCOSAMINE', 'Milimetro', 7, '2018-08-25', '2018-08-25', 4, 8),
(40, 'PASUCHACA', 'Milimetro', 6, '2018-08-25', '2018-08-25', 4, 8),
(41, 'DESINFLAMANTES ORGANICAS', 'Milimetro', 3, '2018-08-25', '2018-08-25', 4, 8),
(42, 'TE VERDE', 'Milimetro', 4, '2018-08-25', '2018-08-25', 4, 8),
(43, 'RODILLERA ARTICULADA T S', 'Milimetro', 1, '2018-08-25', '2018-08-25', 4, 8),
(44, 'RODILLERA ARTICULADA T S', 'Milimetro', 1, '2018-08-25', '2018-08-25', 4, 8),
(45, 'RODILLERA BRANSON T M,L,XL', 'Milimetro', 1, '2018-08-25', '2018-08-25', 4, 8),
(46, 'PANTY HOSE T M', 'Milimetro', 1, '2018-08-25', '2018-08-25', 4, 8),
(47, 'THERMO BELT', 'Milimetro', 1, '2018-08-25', '2018-08-25', 4, 8),
(48, 'TRIPLE FUNCION', 'Milimetro', 1, '2018-08-25', '2018-08-25', 4, 8),
(49, 'BODY SBELT', 'Milimetro', 1, '2018-08-25', '2018-08-25', 4, 8),
(50, 'FAJA CINTURILLA', 'Milimetro', 1, '2018-08-25', '2018-08-25', 4, 8),
(51, 'FAJA DORSO LUMBAR  T M', 'Milimetro', 1, '2018-08-25', '2018-08-25', 4, 8);

-- --------------------------------------------------------

--
-- Estructura de tabla para la tabla `profesionales`
--

CREATE TABLE `profesionales` (
  `id` int(11) NOT NULL,
  `name` varchar(100) NOT NULL,
  `apellidos` varchar(100) NOT NULL,
  `especialidad` varchar(100) NOT NULL,
  `centro` varchar(100) NOT NULL,
  `cmp` varchar(10) NOT NULL,
  `codigo` varchar(200) DEFAULT NULL,
  `nacimiento` date NOT NULL,
  `created_at` date NOT NULL,
  `updated_at` date NOT NULL,
  `id_empresa` int(11) NOT NULL,
  `id_sucursal` int(11) NOT NULL
) ENGINE=InnoDB DEFAULT CHARSET=latin1;

--
-- Volcado de datos para la tabla `profesionales`
--

INSERT INTO `profesionales` (`id`, `name`, `apellidos`, `especialidad`, `centro`, `cmp`, `codigo`, `nacimiento`, `created_at`, `updated_at`, `id_empresa`, `id_sucursal`) VALUES
(1, 'JOSE LUIS', 'MEZA', 'Medicina General', 'VIDA FELIZ SAC', '123456', NULL, '1979-08-10', '2018-07-02', '2018-08-25', 1, 1),
(5, 'Erik', 'Zerpa', 'Odontologia', 'Centro Mèdico 3', '19985127', NULL, '1990-11-15', '2018-07-03', '2018-07-03', 1, 2),
(7, 'YOSMAR DEL VALLE', 'DIAZ', 'Odontologia', 'VIDA FELIZ SAC', '55555', NULL, '1985-08-10', '2018-08-05', '2018-08-05', 1, 1),
(8, 'STEPHANIA', 'MOLINA NINANYA', 'Odontologia', 'VIDA FELIZ SAC', '48966', NULL, '1984-01-07', '2018-08-07', '2018-08-07', 1, 1),
(9, 'STEPHANIA', 'DIAZ', 'Urología', 'SAN ANTONIO DE PADUA', '0048965', '0009', '1984-08-23', '2018-08-07', '2018-08-07', 1, 1),
(10, 'DIANA ELIZABETH', 'CAMARGO IBAÑEZ', 'Obstetra', 'CS INFANTAS', '18564', '0010', '1985-09-10', '2018-08-13', '2018-08-13', 1, 1),
(11, 'YVONNE', 'QUISPE RIQUEROS', 'Obstetra', 'CS TAHUANTINSUYO BAJO', '10221', '0011', '0001-01-01', '2018-08-15', '2018-08-15', 1, 5),
(12, 'ADELA', 'AVILA FABIAN', 'Obstetra', 'C.SALUD LADERAS DE CHILLON', '20104', '0012', '2000-11-11', '2018-08-15', '2018-08-15', 1, 6),
(13, 'MILAGROS', 'CALDERON CHAVEZ', 'Obstetra', 'C.SALUD-LA ENSENADA', '17506', '0013', '2000-11-11', '2018-08-15', '2018-08-15', 1, 6),
(14, 'KATY  KARINA', 'ESPINOZA BONILLA', 'Obstetra', 'C.SALUD-LA ENSENADA', '11582', '0014', '2000-11-11', '2018-08-15', '2018-08-15', 1, 6),
(15, 'MARCO', 'FERNANDEZ CHEVARRIA', 'Medicina General', 'C.SALUD JUAN PABLO II', '71489', '0015', '2000-11-11', '2018-08-15', '2018-08-15', 1, 6),
(16, 'MARIO', 'FERNANDEZ ENCARNACIÓN', 'Ginecologìa', 'C.SALUD JUAN PABLO II', '54252', '0016', '2222-12-11', '2018-08-15', '2018-08-15', 1, 6),
(18, 'JOSE LUIS', 'ESCALANTE PARDO', 'Medicina Interna', 'HIGH LAB', '8784', '0018', '0001-03-11', '2018-08-15', '2018-08-15', 1, 5),
(19, 'PABLO', 'RIVERA HUARACA', 'Medicina General', 'MADRE TERESA INDP', '29131', '0019', '1111-01-15', '2018-08-16', '2018-08-16', 1, 5),
(20, 'KAREN', 'USURIAGA FERNANDEZ', 'Obstetra', 'SAGRADO CORAZÓN', '22993', '0020', '2000-01-01', '2018-08-18', '2018-08-18', 1, 6),
(21, 'ROCIO', 'OCHARAN ARTEGA', 'Medicina General', 'HIGH LAB', '44877', '0021', '2000-01-01', '2018-08-18', '2018-08-18', 1, 6),
(22, 'ANDRES', 'PAREDES YNGA', 'Medicina General', 'HIGH LAB', '7607', '0022', '2000-01-01', '2018-08-18', '2018-08-18', 1, 6),
(23, 'MARIO', 'FERNANDEZ ENCARNACION', 'Ginecología', 'C.SALUD JUAN PABLO II', '54252', '0023', '2000-01-01', '2018-08-18', '2018-08-18', 1, 6),
(24, 'ELIZABETH', 'ROJAS CHAVEZ', 'Obstetra', 'C.SALUD LADERAS DE CHILLON', '20211', '0024', '2000-01-01', '2018-08-18', '2018-08-18', 1, 6),
(25, 'EMILIO', 'SANDOVAL ESCARATE', 'Medicina General', 'HIGH LAB', '1047', '0025', '2000-01-01', '2018-08-18', '2018-08-18', 1, 6),
(26, 'LIZBETH', 'SANCHEZ VALENCIA', 'Obstetra', 'HOSPITAL MUNICIPAL LOS OLIVOS', '11318', '0026', '2000-01-01', '2018-08-18', '2018-08-18', 1, 6),
(27, 'MILAGROS', 'CALDERON CHAVEZ', 'Obstetra', 'C.SALUD-LA ENSENADA', '17506', '0027', '2000-01-01', '2018-08-18', '2018-08-18', 1, 6),
(28, 'JHELLYS', 'REYES VILLENA', 'Obstetra', 'HIGH LAB', '36085', '0028', '2000-01-01', '2018-08-18', '2018-08-18', 1, 6),
(29, 'SUSI', 'ALVAREZ PEJERREY SUSI', 'Obstetra', 'C.SALUD LADERAS DE CHILLON', '20301', '0029', '2000-01-01', '2018-08-18', '2018-08-18', 1, 6),
(30, 'ELIZABETH', 'CAMARGO IBAÑEZ', 'Obstetra', 'HIGH LAB', '25816', '0030', '2000-01-01', '2018-08-18', '2018-08-18', 1, 6),
(31, 'JOHANNA', 'SIHUE QUINTO', 'Medicina General', 'C.M SAN ANTONIO DE PADUA', '66282', '0031', '0001-01-01', '2018-08-20', '2018-08-20', 1, 5),
(32, 'MARTHA', 'OLARTE MORENO', 'Obstetra', 'C.SALUD LADERAS DE CHILLON', '55555', '0032', '2000-01-01', '2018-08-20', '2018-08-23', 1, 6),
(33, 'GEOVANNA EDITH', 'CUSI FLORES', 'Obstetra', 'P.S JOSE OLAYA', '00000', '0033', '0001-01-01', '2018-08-20', '2018-08-20', 1, 5),
(34, 'ANNABELLA', 'RAMIREZ RAMIREZ', 'Obstetra', 'HIGH LAB', '3975', '0034', '1959-10-06', '2018-08-20', '2018-08-20', 1, 6),
(35, 'JESUS', 'LEZAMETA SAAVEDRA', 'Medicina General', 'POLICLINICO SANTOS', '39207', '0035', '0001-12-25', '2018-08-20', '2018-08-20', 1, 5),
(36, 'JESSICA', 'MACHUCA J.', 'Obstetra', 'SAN CONRADO', '15982', '0036', '2000-01-01', '2018-08-20', '2018-08-20', 1, 6),
(37, 'MARLENE', 'GARCIA OBREGON', 'Obstetra', 'HIGH LAB', '24152', '0037', '2000-01-01', '2018-08-20', '2018-08-20', 1, 6),
(38, 'ROMULO', 'PILLACA SANTANA', 'Obstetra', 'UBAP MEGA PLAZA', '17725', '0038', '0001-10-21', '2018-08-21', '2018-08-21', 1, 5),
(39, 'JANETH', 'ABATE HERMOGENES', 'Obstetra', 'HIGH LAB', '27529', '0039', '2000-01-01', '2018-08-22', '2018-08-22', 1, 6),
(40, 'AGATHA', 'ABASTOS VILCA LORENA', 'Medicina General', 'HIGH LAB', '333333', '0040', '2000-01-01', '2018-08-22', '2018-08-22', 1, 6),
(41, 'EDWIN PABLO', 'ABURTO CORREA', 'Medicina General', 'C.SALUD LADERAS DE CHILLON', '57814', '0041', '2000-01-01', '2018-08-22', '2018-08-22', 1, 6),
(42, 'JUAN', 'ACEVEDO ALEGRE', 'Medicina General', 'C.SALUD-LA ENSENADA', '22222', '0042', '2000-01-01', '2018-08-22', '2018-08-22', 1, 6),
(43, 'MARIZA', 'ACOSTA MIRAVAL', 'Medicina General', 'HIGH LAB', '32490', '0043', '2000-01-01', '2018-08-22', '2018-08-22', 1, 6),
(44, 'ALBERTO', 'ACUÑA MIRANDA', 'Medicina General', 'HIGH LAB', '22233', '0044', '2000-01-01', '2018-08-22', '2018-08-22', 1, 6),
(45, 'CESAR A', 'AGUILERA  HERRERA', 'Medicina General', 'C.SALUD LADERAS DE CHILLON', '56012', '0045', '2000-01-01', '2018-08-22', '2018-08-22', 1, 6),
(46, 'CRISTHIAN', 'ALIAGA ALDAVE', 'Medicina General', 'HIGH LAB', '42779', '0046', '2000-01-01', '2018-08-22', '2018-08-22', 1, 6),
(47, 'JULIO', 'ALVAREZ CACERES', 'Medicina General', 'HIGH LAB', '78288', '0047', '2000-01-01', '2018-08-22', '2018-08-22', 1, 6),
(48, 'JULISSA', 'ARANDA MACEDO', 'Medicina General', 'C.SALUD LADERAS DE CHILLON', '323222', '0048', '2000-01-01', '2018-08-22', '2018-08-22', 1, 6),
(49, 'SANDRA', 'ARANDA MACEDO', 'Medicina General', 'Centro Mèdico 2', '59595', '0049', '2000-01-01', '2018-08-22', '2018-08-22', 1, 6),
(50, 'JUAN JESUS', 'ARANDA REYES', 'Medicina General', 'C.SALUD-LA ENSENADA', '76582', '0050', '2000-01-01', '2018-08-22', '2018-08-22', 1, 6),
(51, 'ROCIO', 'ARANIBAR MELENDEZ', 'Obstetra', 'C.SALUD SAGRADO CORAZÓN', '31065', '0051', '2000-01-01', '2018-08-22', '2018-08-22', 1, 6),
(52, 'JUAN CARLOS', 'BARJA SALCEDO', 'Medicina General', 'Centro Mèdico 2', '70599', '0052', '2000-01-01', '2018-08-22', '2018-08-22', 1, 6),
(53, 'FANNY ESTHER', 'BOCANEGRA MUÑOZ', 'Medicina General', 'HOSPITAL MUNICIPAL LOS OLIVOS', '53600', '0053', '2000-01-01', '2018-08-22', '2018-08-22', 1, 6),
(54, 'RUTH', 'BONILLA RAMIREZ', 'Medicina General', 'HIGH LAB', '52522', '0054', '2000-01-01', '2018-08-22', '2018-08-22', 1, 6),
(55, 'BOTICA', 'BETTY RAUL LEANDRO', 'Medicina General', 'C.SALUD-LA ENSENADA', '52525', '0055', '2000-01-01', '2018-08-22', '2018-08-22', 1, 6),
(56, 'DAVID', 'RAVO ALCA', 'Medicina General', 'HIGH LAB', '2314', '0056', '2000-01-01', '2018-08-22', '2018-08-22', 1, 6),
(57, 'LISSETY', 'BRAVO RAMIREZ', 'Medicina General', 'HIGH LAB', '71285', '0057', '2000-01-01', '2018-08-22', '2018-08-22', 1, 6),
(58, 'FIORELLA', 'CABANILLAS PAJUELO', 'Obstetra', 'C.SALUD JUAN PABLO II', '5566', '0058', '2000-01-01', '2018-08-22', '2018-08-22', 1, 6),
(59, 'PATRICIA', 'CABRERA ASPAJO', 'Obstetra', 'C.SALUD-LA ENSENADA', '7585', '0059', '2000-01-01', '2018-08-22', '2018-08-22', 1, 6),
(60, 'MILAGROS', 'CALDERON CHAVEZ', 'Obstetra', 'C.SALUD-LA ENSENADA', '17506', '0060', '2000-01-01', '2018-08-22', '2018-08-22', 1, 6),
(61, 'ESTEFFANY', 'CALONGOS PORRAS', 'Medicina General', 'HIGH LAB', '1222', '0061', '2000-01-01', '2018-08-22', '2018-08-22', 1, 6),
(62, 'DIANA ELIZABETH', 'CAMARGO IBAÑEZ', 'Obstetra', 'CS INFANTAS', '25816', '0062', '2000-01-01', '2018-08-22', '2018-08-22', 1, 6),
(63, 'JENNY GRACIELA', 'CERDAN AVILA', 'Obstetra', 'C.SALUD-LA ENSENADA', '14261', '0063', '2000-01-01', '2018-08-22', '2018-08-22', 1, 6),
(64, 'JESSICA', 'CESPEDES CRUZ', 'Obstetra', 'HIGH LAB', '29700', '0064', '2000-01-01', '2018-08-22', '2018-08-22', 1, 6),
(65, 'PATRICIA', 'CHANCAFE SANTIAGO', 'Medicina General', 'HIGH LAB', '34357', '0065', '2000-01-01', '2018-08-22', '2018-08-22', 1, 6),
(66, 'CARLOS', 'CHANGANAGUI REATEGUI', 'Obstetra', 'HIGH LAB', '6978', '0066', '2000-01-01', '2018-08-22', '2018-08-22', 1, 6),
(67, 'ROMMEL', 'CHANGRAY LOZA', 'Medicina General', 'HIGH LAB', '40971', '0067', '2000-01-01', '2018-08-22', '2018-08-22', 1, 6),
(68, 'VERONICA', 'CHAVEZ ASENCIOS', 'Medicina General', 'HIGH LAB', '72598', '0068', '2000-01-01', '2018-08-22', '2018-08-22', 1, 6),
(69, 'ABIGAIL', 'CHAVEZ CAPCHA', 'Obstetra', 'HIGH LAB', '24122', '0069', '2000-01-01', '2018-08-22', '2018-08-22', 1, 6),
(70, 'LUIS ALBERTO', 'CHAVEZ VIVANCO', 'Medicina General', 'C.SALUD JUAN PABLO II', '23709', '0070', '2000-01-01', '2018-08-22', '2018-08-22', 1, 6),
(71, 'MADELEINE', 'CHOY S.', 'Obstetra', 'CONSULTORIO CHOY', '42542', '0071', '2000-01-01', '2018-08-22', '2018-08-22', 1, 6),
(72, 'RENATO', 'CHUQUITAPA CUNO', 'Medicina General', 'HIGH LAB', '69652', '0072', '2000-02-01', '2018-08-22', '2018-08-22', 1, 6),
(73, 'CONTRERAS CASTILLO DANISSA', 'CONTRERAS CASTILLO DANISSA', 'Obstetra', 'C.SALUD SAGRADO CORAZÓN', '23763', '0073', '2000-01-01', '2018-08-22', '2018-08-22', 1, 6),
(74, 'ROSARIO', 'CONTRERAS GUTIERREZ', 'Medicina General', 'POLICLINICO FIORI', '50068', '0074', '2000-01-01', '2018-08-22', '2018-08-22', 1, 6),
(75, 'YOSMAR DEL VALLE', 'VILLALTA JIMENEZ', 'Medicina General', 'CS INFANTAS', '1234', '0075', '1979-08-10', '2018-08-23', '2018-08-23', 4, 8),
(76, 'JAHNINA', 'ALVARADO E.', 'Obstetra', 'MADRE TERESA INDP', '21393', '0076', '0001-01-01', '2018-08-23', '2018-08-23', 1, 5),
(77, 'ROSA', 'MAMANI', 'Medicina General', 'CIOQ SAC', '001', '0077', '1968-08-28', '2018-08-23', '2018-08-23', 4, 9),
(78, 'PATRICIA', 'CABRERA ASPAJO', 'Obstetra', 'VIDA FELIZ SAC', '27997', '0078', '2000-01-01', '2018-08-24', '2018-08-24', 1, 6),
(79, 'NATALI CONSUELO', 'DIAZ ALDAVE', 'Medicina General', 'HOSPITAL MUNICIPAL LOS OLIVOS', '65611', '0079', '2000-01-01', '2018-08-24', '2018-08-24', 1, 6),
(80, 'MARJORIE', 'MIÑANO ANICAMA', 'Obstetra', 'P.S \"LAS AMERICAS\"', '22788', '0080', '2020-04-14', '2018-08-25', '2018-08-25', 1, 5),
(81, 'FERNANDO', 'MEZA SOLIS', 'Medicina General', 'CONSULTORIO \"SAN MARTIN DE P\"', '23481', '0081', '2020-03-24', '2018-08-25', '2018-08-25', 1, 5),
(82, 'ESCALANTE PARDO', 'JOSE LUIS', 'Medicina Interna', 'VIDA FELIZ SAC', '19874', '0082', '1960-03-01', '2018-08-26', '2018-08-26', 1, 1),
(83, 'JESSICA', 'SAAVEDRA LOPEZ', 'Obstetra', 'CS TUPAC AMARU', '15735', '0083', '0001-01-01', '2018-08-27', '2018-08-27', 1, 5),
(84, 'LINO', 'JULIAN', 'Medicina General', 'HIGH LAB', '25', '0084', '2000-01-01', '2018-08-27', '2018-08-27', 1, 6);

-- --------------------------------------------------------

--
-- Estructura de tabla para la tabla `provincias`
--

CREATE TABLE `provincias` (
  `id` int(11) NOT NULL,
  `nombre` varchar(100) NOT NULL
) ENGINE=InnoDB DEFAULT CHARSET=latin1;

--
-- Volcado de datos para la tabla `provincias`
--

INSERT INTO `provincias` (`id`, `nombre`) VALUES
(1, 'Lima');

-- --------------------------------------------------------

--
-- Estructura de tabla para la tabla `redactar_resultados`
--

CREATE TABLE `redactar_resultados` (
  `id` int(11) NOT NULL,
  `created_at` date NOT NULL,
  `updated_at` date NOT NULL,
  `id_atencion_servicio` int(11) NOT NULL,
  `descripcion` longtext NOT NULL,
  `tipo` int(11) DEFAULT '0'
) ENGINE=InnoDB DEFAULT CHARSET=latin1;

--
-- Volcado de datos para la tabla `redactar_resultados`
--

INSERT INTO `redactar_resultados` (`id`, `created_at`, `updated_at`, `id_atencion_servicio`, `descripcion`, `tipo`) VALUES
(3, '2018-08-18', '2018-08-18', 64, '<p>textoooooooooo</p>', 0),
(4, '2018-08-19', '2018-08-19', 67, '<p>resultados</p>', 0),
(5, '2018-08-20', '2018-08-20', 15, '<p>fhdhgjnhfjhgjhgkjykljykyujmktdmjrtd</p>', 0),
(6, '2018-08-20', '2018-08-20', 95, '<p>hola hola hola</p>', 0),
(7, '2018-08-23', '2018-08-23', 146, '<h1 style=\"margin-left:0cm; margin-right:0cm; text-align:justify\"><span style=\"font-size:12pt\"><span style=\"font-family:Arial,sans-serif\"><span style=\"font-size:8.0pt\"><span style=\"font-family:&quot;Tahoma&quot;,&quot;sans-serif&quot;\">EL ESTUDIO ULTRASONOGRAFICO REALIZADO CON UN ECOGRAFO MARCA HONDA ELECTRONICS <em>MODELO HS-2100</em> METODO 2D EN TIEMPO REAL UTILIZANDO TRANSDUCTOR LINEAL DE 10 MHz, MUESTRA:</span></span></span></span></h1>\r\n\r\n<p style=\"margin-left:0cm; margin-right:0cm; text-align:justify\">&nbsp;</p>\r\n\r\n<p style=\"margin-left:0cm; margin-right:0cm; text-align:justify\"><span style=\"font-size:12pt\"><span style=\"font-family:&quot;Times New Roman&quot;,serif\"><strong><span style=\"font-size:10.0pt\"><span style=\"font-family:&quot;Tahoma&quot;,&quot;sans-serif&quot;\">MAMA DERECHA: </span></span></strong></span></span></p>\r\n\r\n<p style=\"margin-left:0cm; margin-right:0cm; text-align:justify\">&nbsp;</p>\r\n\r\n<p style=\"margin-left:0cm; margin-right:0cm; text-align:justify\"><span style=\"font-size:12pt\"><span style=\"font-family:&quot;Times New Roman&quot;,serif\"><span style=\"font-size:10.0pt\"><span style=\"font-family:&quot;Tahoma&quot;,&quot;sans-serif&quot;\">Complejo cut&aacute;neo de contornos lisos y espesor conservado (1.7 mm de espesor). </span></span></span></span></p>\r\n\r\n<p style=\"margin-left:0cm; margin-right:0cm; text-align:justify\"><span style=\"font-size:12pt\"><span style=\"font-family:&quot;Times New Roman&quot;,serif\"><span style=\"font-size:10.0pt\"><span style=\"font-family:&quot;Tahoma&quot;,&quot;sans-serif&quot;\">Lobulillos grasos de forma caracter&iacute;stica e hipo ecoicos en comparaci&oacute;n con el tejido glandular.</span></span></span></span></p>\r\n\r\n<p style=\"margin-left:0cm; margin-right:0cm; text-align:justify\"><span style=\"font-size:12pt\"><span style=\"font-family:&quot;Times New Roman&quot;,serif\"><span style=\"font-size:10.0pt\"><span style=\"font-family:&quot;Tahoma&quot;,&quot;sans-serif&quot;\">Tejido glandular de ecogenicidad homog&eacute;nea sin evidencia de n&oacute;dulos s&oacute;lidos ni quistes en sus cuatro cuadrantes. Espesor glandular mide&nbsp; 13mm.</span></span></span></span></p>\r\n\r\n<p style=\"margin-left:0cm; margin-right:0cm; text-align:justify\">&nbsp;</p>\r\n\r\n<p style=\"margin-left:0cm; margin-right:0cm; text-align:justify\"><span style=\"font-size:12pt\"><span style=\"font-family:&quot;Times New Roman&quot;,serif\"><span style=\"font-size:10.0pt\"><span style=\"font-family:&quot;Tahoma&quot;,&quot;sans-serif&quot;\">Regi&oacute;n axilar sin evidencia de proceso inflamatorio ganglionar.</span></span></span></span></p>\r\n\r\n<p style=\"margin-left:0cm; margin-right:0cm; text-align:justify\"><span style=\"font-size:12pt\"><span style=\"font-family:&quot;Times New Roman&quot;,serif\"><span style=\"font-size:10.0pt\"><span style=\"font-family:&quot;Tahoma&quot;,&quot;sans-serif&quot;\">Regi&oacute;n retroareolar libre de masas o colecciones.</span></span></span></span></p>\r\n\r\n<p style=\"margin-left:0cm; margin-right:0cm; text-align:justify\">&nbsp;</p>\r\n\r\n<p style=\"margin-left:0cm; margin-right:0cm; text-align:justify\"><span style=\"font-size:12pt\"><span style=\"font-family:&quot;Times New Roman&quot;,serif\"><strong><span style=\"font-size:10.0pt\"><span style=\"font-family:&quot;Tahoma&quot;,&quot;sans-serif&quot;\">MAMA IZQUIERDA: </span></span></strong></span></span></p>\r\n\r\n<p style=\"margin-left:0cm; margin-right:0cm; text-align:justify\">&nbsp;</p>\r\n\r\n<p style=\"margin-left:0cm; margin-right:0cm; text-align:justify\"><span style=\"font-size:12pt\"><span style=\"font-family:&quot;Times New Roman&quot;,serif\"><span style=\"font-size:10.0pt\"><span style=\"font-family:&quot;Tahoma&quot;,&quot;sans-serif&quot;\">Complejo cut&aacute;neo de contornos lisos y espesor conservado (1.6 mm de espesor). </span></span></span></span></p>\r\n\r\n<p style=\"margin-left:0cm; margin-right:0cm; text-align:justify\"><span style=\"font-size:12pt\"><span style=\"font-family:&quot;Times New Roman&quot;,serif\"><span style=\"font-size:10.0pt\"><span style=\"font-family:&quot;Tahoma&quot;,&quot;sans-serif&quot;\">Lobulillos grasos de forma caracter&iacute;stica e hipo ecoicos en comparaci&oacute;n con el tejido glandular.</span></span></span></span></p>\r\n\r\n<p style=\"margin-left:0cm; margin-right:0cm; text-align:justify\"><span style=\"font-size:12pt\"><span style=\"font-family:&quot;Times New Roman&quot;,serif\"><span style=\"font-size:10.0pt\"><span style=\"font-family:&quot;Tahoma&quot;,&quot;sans-serif&quot;\">Tejido glandular de ecogenicidad homog&eacute;nea sin evidencia de n&oacute;dulos s&oacute;lidos ni quistes en sus cuatro cuadrantes. Espesor glandular mide&nbsp; 15mm.</span></span></span></span></p>\r\n\r\n<p style=\"margin-left:0cm; margin-right:0cm; text-align:justify\">&nbsp;</p>\r\n\r\n<p style=\"margin-left:0cm; margin-right:0cm; text-align:justify\"><span style=\"font-size:12pt\"><span style=\"font-family:&quot;Times New Roman&quot;,serif\"><span style=\"font-size:10.0pt\"><span style=\"font-family:&quot;Tahoma&quot;,&quot;sans-serif&quot;\">Regi&oacute;n axilar sin evidencia de proceso inflamatorio ganglionar.</span></span></span></span></p>\r\n\r\n<p style=\"margin-left:0cm; margin-right:0cm; text-align:justify\"><span style=\"font-size:12pt\"><span style=\"font-family:&quot;Times New Roman&quot;,serif\"><span style=\"font-size:10.0pt\"><span style=\"font-family:&quot;Tahoma&quot;,&quot;sans-serif&quot;\">Regi&oacute;n retroareolar libre de masas o colecciones.</span></span></span></span></p>\r\n\r\n<p style=\"margin-left:0cm; margin-right:0cm; text-align:justify\">&nbsp;</p>\r\n\r\n<p style=\"margin-left:0cm; margin-right:0cm; text-align:justify\"><span style=\"font-size:12pt\"><span style=\"font-family:&quot;Times New Roman&quot;,serif\"><strong><span style=\"font-size:10.0pt\"><span style=\"font-family:&quot;Tahoma&quot;,&quot;sans-serif&quot;\">CONCLUSION:</span></span></strong></span></span></p>\r\n\r\n<p style=\"margin-left:0cm; margin-right:0cm; text-align:justify\">&nbsp;</p>\r\n\r\n<ul>\r\n	<li style=\"text-align:justify\"><span style=\"font-size:12pt\"><span style=\"font-family:&quot;Times New Roman&quot;,serif\"><span style=\"font-size:10.0pt\"><span style=\"font-family:&quot;Tahoma&quot;,&quot;sans-serif&quot;\">MAMAS ECOGRAFICAMENTE CONSERVADAS.</span></span></span></span></li>\r\n</ul>\r\n\r\n<p style=\"margin-left:0cm; margin-right:0cm; text-align:justify\">&nbsp;</p>\r\n\r\n<p style=\"margin-left:0cm; margin-right:0cm; text-align:justify\">&nbsp;</p>\r\n\r\n<p style=\"margin-left:0cm; margin-right:0cm; text-align:justify\"><span style=\"font-size:12pt\"><span style=\"font-family:&quot;Times New Roman&quot;,serif\"><span style=\"font-size:8.0pt\"><span style=\"font-family:&quot;Tahoma&quot;,&quot;sans-serif&quot;\">SE SUGIERE CONTROL ECOGR&Aacute;FICO POSTERIOR.</span></span></span></span></p>\r\n\r\n<p style=\"margin-left:0cm; margin-right:0cm; text-align:justify\">&nbsp;</p>\r\n\r\n<p style=\"margin-left:0cm; margin-right:0cm; text-align:justify\"><span style=\"font-size:12pt\"><span style=\"font-family:&quot;Times New Roman&quot;,serif\"><span style=\"font-size:8.0pt\"><span style=\"font-family:&quot;Tahoma&quot;,&quot;sans-serif&quot;\">Atte.</span></span></span></span></p>\r\n\r\n<p style=\"margin-left:0cm; margin-right:0cm\">&nbsp;</p>', 0),
(8, '2018-08-25', '2018-08-25', 162, '<p style=\"margin-left:0cm; margin-right:0cm; text-align:justify\"><span style=\"font-size:12pt\"><span style=\"font-family:&quot;Times New Roman&quot;,serif\"><strong><span style=\"font-size:10.0pt\"><span style=\"font-family:&quot;Tahoma&quot;,&quot;sans-serif&quot;\">MAMA DERECHA: </span></span></strong></span></span></p>\r\n\r\n<p style=\"margin-left:0cm; margin-right:0cm; text-align:justify\">&nbsp;</p>\r\n\r\n<p style=\"margin-left:0cm; margin-right:0cm; text-align:justify\"><span style=\"font-size:12pt\"><span style=\"font-family:&quot;Times New Roman&quot;,serif\"><span style=\"font-size:10.0pt\"><span style=\"font-family:&quot;Tahoma&quot;,&quot;sans-serif&quot;\">Complejo cut&aacute;neo de contornos lisos y espesor conservado (1.7 mm de espesor). </span></span></span></span></p>\r\n\r\n<p style=\"margin-left:0cm; margin-right:0cm; text-align:justify\"><span style=\"font-size:12pt\"><span style=\"font-family:&quot;Times New Roman&quot;,serif\"><span style=\"font-size:10.0pt\"><span style=\"font-family:&quot;Tahoma&quot;,&quot;sans-serif&quot;\">Lobulillos grasos de forma caracter&iacute;stica e hipo ecoicos en comparaci&oacute;n con el tejido glandular.</span></span></span></span></p>\r\n\r\n<p style=\"margin-left:0cm; margin-right:0cm; text-align:justify\"><span style=\"font-size:12pt\"><span style=\"font-family:&quot;Times New Roman&quot;,serif\"><span style=\"font-size:10.0pt\"><span style=\"font-family:&quot;Tahoma&quot;,&quot;sans-serif&quot;\">Tejido glandular de ecogenicidad homog&eacute;nea sin evidencia de n&oacute;dulos s&oacute;lidos ni quistes en sus cuatro cuadrantes. Espesor glandular mide&nbsp; 13mm.</span></span></span></span></p>\r\n\r\n<p style=\"margin-left:0cm; margin-right:0cm; text-align:justify\">&nbsp;</p>\r\n\r\n<p style=\"margin-left:0cm; margin-right:0cm; text-align:justify\"><span style=\"font-size:12pt\"><span style=\"font-family:&quot;Times New Roman&quot;,serif\"><span style=\"font-size:10.0pt\"><span style=\"font-family:&quot;Tahoma&quot;,&quot;sans-serif&quot;\">Regi&oacute;n axilar sin evidencia de proceso inflamatorio ganglionar.</span></span></span></span></p>\r\n\r\n<p style=\"margin-left:0cm; margin-right:0cm; text-align:justify\"><span style=\"font-size:12pt\"><span style=\"font-family:&quot;Times New Roman&quot;,serif\"><span style=\"font-size:10.0pt\"><span style=\"font-family:&quot;Tahoma&quot;,&quot;sans-serif&quot;\">Regi&oacute;n retroareolar libre de masas o colecciones.</span></span></span></span></p>\r\n\r\n<p style=\"margin-left:0cm; margin-right:0cm; text-align:justify\">&nbsp;</p>\r\n\r\n<p style=\"margin-left:0cm; margin-right:0cm; text-align:justify\"><span style=\"font-size:12pt\"><span style=\"font-family:&quot;Times New Roman&quot;,serif\"><strong><span style=\"font-size:10.0pt\"><span style=\"font-family:&quot;Tahoma&quot;,&quot;sans-serif&quot;\">MAMA IZQUIERDA: </span></span></strong></span></span></p>\r\n\r\n<p style=\"margin-left:0cm; margin-right:0cm; text-align:justify\">&nbsp;</p>\r\n\r\n<p style=\"margin-left:0cm; margin-right:0cm; text-align:justify\"><span style=\"font-size:12pt\"><span style=\"font-family:&quot;Times New Roman&quot;,serif\"><span style=\"font-size:10.0pt\"><span style=\"font-family:&quot;Tahoma&quot;,&quot;sans-serif&quot;\">Complejo cut&aacute;neo de contornos lisos y espesor conservado (1.6 mm de espesor). </span></span></span></span></p>\r\n\r\n<p style=\"margin-left:0cm; margin-right:0cm; text-align:justify\"><span style=\"font-size:12pt\"><span style=\"font-family:&quot;Times New Roman&quot;,serif\"><span style=\"font-size:10.0pt\"><span style=\"font-family:&quot;Tahoma&quot;,&quot;sans-serif&quot;\">Lobulillos grasos de forma caracter&iacute;stica e hipo ecoicos en comparaci&oacute;n con el tejido glandular.</span></span></span></span></p>\r\n\r\n<p style=\"margin-left:0cm; margin-right:0cm; text-align:justify\"><span style=\"font-size:12pt\"><span style=\"font-family:&quot;Times New Roman&quot;,serif\"><span style=\"font-size:10.0pt\"><span style=\"font-family:&quot;Tahoma&quot;,&quot;sans-serif&quot;\">Tejido glandular de ecogenicidad homog&eacute;nea sin evidencia de n&oacute;dulos s&oacute;lidos ni quistes en sus cuatro cuadrantes. Espesor glandular mide&nbsp; 15mm.</span></span></span></span></p>\r\n\r\n<p style=\"margin-left:0cm; margin-right:0cm; text-align:justify\">&nbsp;</p>\r\n\r\n<p style=\"margin-left:0cm; margin-right:0cm; text-align:justify\"><span style=\"font-size:12pt\"><span style=\"font-family:&quot;Times New Roman&quot;,serif\"><span style=\"font-size:10.0pt\"><span style=\"font-family:&quot;Tahoma&quot;,&quot;sans-serif&quot;\">Regi&oacute;n axilar sin evidencia de proceso inflamatorio ganglionar.</span></span></span></span></p>\r\n\r\n<p style=\"margin-left:0cm; margin-right:0cm; text-align:justify\"><span style=\"font-size:12pt\"><span style=\"font-family:&quot;Times New Roman&quot;,serif\"><span style=\"font-size:10.0pt\"><span style=\"font-family:&quot;Tahoma&quot;,&quot;sans-serif&quot;\">Regi&oacute;n retroareolar libre de masas o colecciones.</span></span></span></span></p>\r\n\r\n<p style=\"margin-left:0cm; margin-right:0cm; text-align:justify\">&nbsp;</p>\r\n\r\n<p style=\"margin-left:0cm; margin-right:0cm; text-align:justify\"><span style=\"font-size:12pt\"><span style=\"font-family:&quot;Times New Roman&quot;,serif\"><strong><span style=\"font-size:10.0pt\"><span style=\"font-family:&quot;Tahoma&quot;,&quot;sans-serif&quot;\">CONCLUSION:</span></span></strong></span></span></p>\r\n\r\n<p style=\"margin-left:0cm; margin-right:0cm; text-align:justify\">&nbsp;</p>\r\n\r\n<ul>\r\n	<li style=\"text-align:justify\"><span style=\"font-size:12pt\"><span style=\"font-family:&quot;Times New Roman&quot;,serif\"><span style=\"font-size:10.0pt\"><span style=\"font-family:&quot;Tahoma&quot;,&quot;sans-serif&quot;\">MAMAS ECOGRAFICAMENTE CONSERVADAS.</span></span></span></span></li>\r\n</ul>\r\n\r\n<p style=\"margin-left:0cm; margin-right:0cm; text-align:justify\">&nbsp;</p>\r\n\r\n<p style=\"margin-left:0cm; margin-right:0cm; text-align:justify\">&nbsp;</p>\r\n\r\n<p style=\"margin-left:0cm; margin-right:0cm; text-align:justify\"><span style=\"font-size:12pt\"><span style=\"font-family:&quot;Times New Roman&quot;,serif\"><span style=\"font-size:8.0pt\"><span style=\"font-family:&quot;Tahoma&quot;,&quot;sans-serif&quot;\">SE SUGIERE CONTROL ECOGR&Aacute;FICO POSTERIOR.</span></span></span></span></p>\r\n\r\n<p style=\"margin-left:0cm; margin-right:0cm; text-align:justify\">&nbsp;</p>\r\n\r\n<p style=\"margin-left:0cm; margin-right:0cm; text-align:justify\"><span style=\"font-size:12pt\"><span style=\"font-family:&quot;Times New Roman&quot;,serif\"><span style=\"font-size:8.0pt\"><span style=\"font-family:&quot;Tahoma&quot;,&quot;sans-serif&quot;\">Atte.</span></span></span></span></p>\r\n\r\n<p style=\"margin-left:0cm; margin-right:0cm\">&nbsp;</p>', 0),
(9, '2018-08-26', '2018-08-26', 231, '<p>mamas</p>', 1),
(10, '2018-08-26', '2018-08-26', 230, '<p>dopler color</p>', 1);

-- --------------------------------------------------------

--
-- Estructura de tabla para la tabla `redactar_resultados_labs`
--

CREATE TABLE `redactar_resultados_labs` (
  `id` int(11) NOT NULL,
  `id_atencion_lab` int(11) NOT NULL,
  `created_at` date NOT NULL,
  `updated_at` date NOT NULL,
  `descripcion` varchar(200) DEFAULT NULL,
  `tipo` int(11) DEFAULT '0'
) ENGINE=InnoDB DEFAULT CHARSET=latin1;

--
-- Volcado de datos para la tabla `redactar_resultados_labs`
--

INSERT INTO `redactar_resultados_labs` (`id`, `id_atencion_lab`, `created_at`, `updated_at`, `descripcion`, `tipo`) VALUES
(3, 64, '2018-08-26', '2018-08-26', '<p>marcador tumoral</p>', 2);

-- --------------------------------------------------------

--
-- Estructura de tabla para la tabla `resultados`
--

CREATE TABLE `resultados` (
  `id` int(11) NOT NULL,
  `id_atencion` int(11) NOT NULL,
  `id_servicio` int(11) DEFAULT NULL,
  `id_analisis` int(11) DEFAULT NULL,
  `estatus` int(11) NOT NULL DEFAULT '0',
  `id_empresa` int(11) NOT NULL,
  `id_sucursal` int(11) NOT NULL,
  `created_at` int(11) NOT NULL,
  `updated_at` int(11) NOT NULL
) ENGINE=InnoDB DEFAULT CHARSET=latin1;

-- --------------------------------------------------------

--
-- Estructura de tabla para la tabla `roles`
--

CREATE TABLE `roles` (
  `id` int(10) UNSIGNED NOT NULL,
  `name` varchar(191) COLLATE utf8mb4_unicode_ci NOT NULL,
  `title` varchar(191) COLLATE utf8mb4_unicode_ci DEFAULT NULL,
  `level` int(10) UNSIGNED DEFAULT NULL,
  `created_at` timestamp NULL DEFAULT NULL,
  `updated_at` timestamp NULL DEFAULT NULL
) ENGINE=InnoDB DEFAULT CHARSET=utf8mb4 COLLATE=utf8mb4_unicode_ci;

--
-- Volcado de datos para la tabla `roles`
--

INSERT INTO `roles` (`id`, `name`, `title`, `level`, `created_at`, `updated_at`) VALUES
(1, 'administrator', NULL, NULL, '2018-07-02 01:41:41', '2018-07-02 01:41:41'),
(2, 'superadmin', NULL, NULL, '2018-07-14 01:11:29', '2018-07-14 01:11:29'),
(3, 'profesional', NULL, NULL, '2018-08-23 19:11:49', '2018-08-23 19:11:49');

-- --------------------------------------------------------

--
-- Estructura de tabla para la tabla `sedes`
--

CREATE TABLE `sedes` (
  `id` int(11) NOT NULL,
  `nombre` varchar(200) NOT NULL,
  `estatus` int(11) NOT NULL DEFAULT '1'
) ENGINE=InnoDB DEFAULT CHARSET=latin1;

--
-- Volcado de datos para la tabla `sedes`
--

INSERT INTO `sedes` (`id`, `nombre`, `estatus`) VALUES
(1, 'Hospital Central', 1),
(2, 'Hospital Central', 1);

-- --------------------------------------------------------

--
-- Estructura de tabla para la tabla `sedes_afilias`
--

CREATE TABLE `sedes_afilias` (
  `id` int(11) NOT NULL,
  `nombre` varchar(100) NOT NULL,
  `direccion` varchar(100) NOT NULL,
  `telefono` varchar(20) NOT NULL,
  `fechaafilia` date NOT NULL,
  `created_at` date NOT NULL,
  `updated_at` date NOT NULL
) ENGINE=InnoDB DEFAULT CHARSET=latin1;

--
-- Volcado de datos para la tabla `sedes_afilias`
--

INSERT INTO `sedes_afilias` (`id`, `nombre`, `direccion`, `telefono`, `fechaafilia`, `created_at`, `updated_at`) VALUES
(1, 'Sedes1', 'direccion', '04263453434', '1990-11-15', '2018-07-04', '2018-07-04');

-- --------------------------------------------------------

--
-- Estructura de tabla para la tabla `servicios`
--

CREATE TABLE `servicios` (
  `id` int(11) NOT NULL,
  `detalle` varchar(200) NOT NULL,
  `precio` text NOT NULL,
  `porcentaje` text,
  `created_at` date NOT NULL,
  `updated_at` date NOT NULL,
  `id_empresa` int(11) NOT NULL,
  `id_sucursal` int(11) NOT NULL
) ENGINE=InnoDB DEFAULT CHARSET=latin1;

--
-- Volcado de datos para la tabla `servicios`
--

INSERT INTO `servicios` (`id`, `detalle`, `precio`, `porcentaje`, `created_at`, `updated_at`, `id_empresa`, `id_sucursal`) VALUES
(1, 'TESTER', '200', '10', '2018-08-23', '2018-08-23', 1, 1),
(3, 'Servicio prueba', '100', '990', '2018-07-04', '2018-07-04', 1, 2),
(4, 'yuyuyu', '222', '222', '2018-07-13', '2018-07-13', 1, 2),
(5, 'ECOGRAFIA DOPPLER COLOR', '180.00', '50.00', '2018-07-13', '2018-08-08', 1, 1),
(8, 'ECOGRAFIA DE MAMAS', '60.00', '45.80', '2018-07-24', '2018-08-07', 1, 1),
(9, 'ECOGRAFIA TRANSVAGINAL', '60.00', '25.00', '2018-08-06', '2018-08-18', 1, 5),
(10, 'ECOGRAFIA OBSTETRICA', '40.00', '15.00', '2018-08-06', '2018-08-18', 1, 5),
(11, 'PERFIL BIOFISICO', '50.00', '20.00', '2018-08-06', '2018-08-18', 1, 5),
(12, 'DESCARTE DE EMBARAZO', '25.00', '5.00', '2018-08-06', '2018-08-18', 1, 5),
(13, 'ECOGRAFIA RENAL', '40.00', '17.00', '2018-08-06', '2018-08-18', 1, 5),
(14, 'ECOGRAFIA VESICO PROSTATICA', '45.00', '20.00', '2018-08-06', '2018-08-18', 1, 5),
(15, 'COLPOSCOPIA', '120.00', '36.00', '2018-08-06', '2018-08-18', 1, 5),
(16, 'ECOGRAFIA ABDOMINAL SUPERIOR', '45.00', '20.00', '2018-08-06', '2018-08-18', 1, 5),
(17, 'ECOGRAFIA GINECOLOGICA', '40.00', '17.50', '2018-08-06', '2018-08-18', 1, 5),
(18, 'ECOGRAFIA  GENETICA', '120.00', '36.00', '2018-08-06', '2018-08-18', 1, 5),
(19, 'ECOGRAFIA DE MAMAS', '60.00', '25.00', '2018-08-06', '2018-08-18', 1, 5),
(20, 'CONSULTA GINECOLOGIA', '40.00', '0.01', '2018-08-06', '2018-08-18', 1, 5),
(21, 'CONSULTA OBSTETRICA', '20.00', '0.01', '2018-08-06', '2018-08-18', 1, 5),
(22, 'CONSULTA MEDICINA', '30.00', '0.01', '2018-08-06', '2018-08-06', 1, 5),
(23, 'COLPOSCOPIA', '180.00', '30.00', '2018-08-07', '2018-08-07', 1, 1),
(25, 'CONSULTA GINECOLOGICA', '30.00', '0.01', '2018-08-13', '2018-08-13', 1, 1),
(26, 'ECOGRAFIA TRANSVAGINAL', '60.00', '25.00', '2018-08-15', '2018-08-15', 1, 1),
(27, 'ECOGRAFIA TRANSVAGINAL', '60.00', '25.00', '2018-08-18', '2018-08-18', 1, 6),
(28, 'ECOGRAFIA DE MAMAS', '60.00', '25.00', '2018-08-18', '2018-08-18', 1, 6),
(29, 'ECOGRAFIA RENAL', '40.00', '15.00', '2018-08-18', '2018-08-18', 1, 6),
(30, 'ECOGRAFIA DE PROSTATA', '50.00', '20.00', '2018-08-18', '2018-08-18', 1, 6),
(31, 'ECOGRAFIA OBSTETRICA', '40.00', '15.00', '2018-08-18', '2018-08-18', 1, 6),
(32, 'ECOGRAFIA ABDOMINAL SUPERIOR', '45.00', '20.00', '2018-08-18', '2018-08-18', 1, 6),
(33, 'PERFIL BIOFISICO', '50.00', '20.00', '2018-08-18', '2018-08-18', 1, 6),
(34, 'COLPOSCOPIA', '120.00', '24.00', '2018-08-18', '2018-08-18', 1, 6),
(35, 'PATECTOR', '25.00', '15.00', '2018-08-18', '2018-08-18', 1, 5),
(36, 'PATECTOR', '25.00', '10.00', '2018-08-18', '2018-08-18', 1, 6),
(37, 'ECOGRAFIA GENETICA', '120.00', '36.00', '2018-08-18', '2018-08-18', 1, 6),
(38, 'ECOGRAFIA GINECOLOGICA', '40.00', '17.50', '2018-08-18', '2018-08-18', 1, 6),
(39, 'NOFERTYL', '25.00', '15.00', '2018-08-18', '2018-08-18', 1, 5),
(40, 'SUB UNIDAD B', '25.00', '5.00', '2018-08-18', '2018-08-18', 1, 6),
(41, 'PAQUETE PRENATAL 1', '450.00', '0.01', '2018-08-18', '2018-08-18', 1, 6),
(42, 'ECOGRAFIA  ABDOMINAL SUPERIOR', '30.00', '12.50', '2018-08-20', '2018-08-20', 3, 7),
(44, 'ECOGRAFIA RENAL', '30.00', '12.50', '2018-08-20', '2018-08-20', 3, 7),
(45, 'ECOGRAFIA OBSTETRICA', '30.00', '12.50', '2018-08-20', '2018-08-20', 3, 7),
(46, 'ECOGRAFIA TRANSVAGINAL', '40.00', '17.50', '2018-08-20', '2018-08-20', 3, 7),
(47, 'ECOGRAFIA MAMARIA', '80.00', '37.50', '2018-08-20', '2018-08-20', 3, 7),
(48, 'ECOGRAFIA PARTES BLANDAS', '100.00', '47.50', '2018-08-20', '2018-08-20', 3, 7),
(49, 'ECOGRAFIA PROSTATICA', '45.00', '20.00', '2018-08-20', '2018-08-20', 3, 7),
(50, 'ECOGRAFIA GENETICA', '150.00', '45.00', '2018-08-20', '2018-08-20', 3, 7),
(51, 'ECOGRAFIA MORFOLOGICA', '150.00', '45.00', '2018-08-20', '2018-08-20', 3, 7),
(52, 'ECOGRAFIA 4D', '120.00', '36.00', '2018-08-20', '2018-08-20', 3, 7),
(53, 'ECOGRAFIA 5D', '160.00', '48.00', '2018-08-20', '2018-08-20', 3, 7),
(54, 'ECOGRAFIA  PELVICA', '30.00', '12.50', '2018-08-20', '2018-08-20', 3, 7),
(55, 'ECOGRAFIA OBST. PBIOFISICO', '50.00', '22.50', '2018-08-20', '2018-08-20', 3, 7),
(56, 'ECOGRAFIA TESTICULAR', '100.00', '47.50', '2018-08-20', '2018-08-20', 3, 7),
(57, 'ECO OBSTETRICA', '35.00', NULL, '2018-08-22', '2018-08-22', 4, 8),
(58, 'OZONO 2 RODILLAS', '100.00', NULL, '2018-08-22', '2018-08-22', 4, 8),
(59, 'CONSULTA DE OZONO', '20.00', NULL, '2018-08-22', '2018-08-22', 4, 8),
(60, 'CONSULTA MEDICA', '20.00', NULL, '2018-08-22', '2018-08-22', 4, 8),
(61, 'OZONO COLUMNA LUMBAR', '100.00', NULL, '2018-08-22', '2018-08-22', 4, 8),
(62, 'OZONO COLUMNA DORSAL', '100.00', NULL, '2018-08-22', '2018-08-22', 4, 8),
(63, 'COLUMNA CERVICAL', '100.00', NULL, '2018-08-22', '2018-08-22', 4, 8),
(64, 'OZONO RECTAL', '100.00', NULL, '2018-08-22', '2018-08-22', 4, 8),
(65, 'OZONO HOMBROS', '100.00', NULL, '2018-08-22', '2018-08-22', 4, 8),
(66, 'OZONO 2 CADERAS', '200.00', NULL, '2018-08-22', '2018-08-22', 4, 8),
(68, 'OZONO MUÑECAS', '100.00', NULL, '2018-08-22', '2018-08-22', 4, 8),
(69, 'OZONO CODOS', '100.00', NULL, '2018-08-22', '2018-08-22', 4, 8),
(70, 'OZONO CON ECO GUIADO EN PARTES BLANDAS', '150.00', NULL, '2018-08-22', '2018-08-22', 4, 8),
(71, 'OZONO INSUFLACION VAGINAL', '150.00', NULL, '2018-08-22', '2018-08-22', 4, 8),
(72, 'OZONO ENBOLSAMIENTO PARA PIE DIABETICO', '100.00', NULL, '2018-08-22', '2018-08-22', 4, 8),
(73, 'OZONO PARA PIE DEABETICO SUBCUTANIO', '100.00', NULL, '2018-08-22', '2018-08-22', 4, 8),
(74, 'OZONO SUBCUTANIO PARA ACNE', '80.00', NULL, '2018-08-22', '2018-08-22', 4, 8),
(75, 'OZONO REDUCCION DE MEDIDAS', '80.00', NULL, '2018-08-22', '2018-08-22', 4, 8),
(76, 'AJUSTE QUIROPACTICO', '50.00', NULL, '2018-08-22', '2018-08-22', 4, 8),
(77, 'ECO ABDOMEN SUPERIOR', '35.00', NULL, '2018-08-22', '2018-08-22', 4, 8),
(78, 'ECO ABDOMEN COMPLETO', '90.00', NULL, '2018-08-22', '2018-08-22', 4, 8),
(79, 'ECO RENAL', '35.00', NULL, '2018-08-22', '2018-08-22', 4, 8),
(80, 'ECO PROSTATICA', '35.00', NULL, '2018-08-22', '2018-08-22', 4, 8),
(81, 'ECO TRANSVAGINAL', '60.00', NULL, '2018-08-22', '2018-08-22', 4, 8),
(82, 'ECO TRANSRECTAL', '120.00', NULL, '2018-08-22', '2018-08-22', 4, 8),
(83, 'ECO MAMAS BILATERALES', '100.00', NULL, '2018-08-22', '2018-08-22', 4, 8),
(84, 'ECO TESTICULAR', '100.00', NULL, '2018-08-22', '2018-08-22', 4, 8),
(85, 'ECO MUSCULO ESQUELETICO', '80.00', NULL, '2018-08-22', '2018-08-22', 4, 8),
(86, 'ECO PARTES BLANDAS', '80.00', NULL, '2018-08-22', '2018-08-22', 4, 8),
(87, 'ECO TIROIDES', '80.00', NULL, '2018-08-22', '2018-08-22', 4, 8),
(88, 'ECO DOPPLER COLOR MIEMBROS INFERIORES', '260.00', NULL, '2018-08-22', '2018-08-22', 4, 8),
(89, 'ECO DOPPLER COLOR ABDOMINAL', '150.00', NULL, '2018-08-22', '2018-08-22', 4, 8),
(90, 'ECO GENETICA', '160.00', NULL, '2018-08-22', '2018-08-22', 4, 8),
(91, 'ECO MORFOLOGICA', '150.00', NULL, '2018-08-22', '2018-08-22', 4, 8),
(92, 'BETA', '20.00', NULL, '2018-08-23', '2018-08-23', 4, 8),
(93, 'CONSULTA OBSTETRICA', '20.00', NULL, '2018-08-23', '2018-08-23', 1, 6),
(94, 'CONSULTA GINECOLÓGICA', '40.00', NULL, '2018-08-23', '2018-08-23', 1, 6),
(95, 'ECOGRAFIA OBSTETRICA', '30.00', NULL, '2018-08-23', '2018-08-23', 4, 9),
(96, 'CONSULTA DE MEDICINA GENERAL', '25.00', NULL, '2018-08-23', '2018-08-23', 4, 9),
(97, 'CONSULTA OZONOTERAPIA', '20.00', NULL, '2018-08-23', '2018-08-23', 4, 9),
(98, 'COLPOSCOPIA', '120.00', NULL, '2018-08-24', '2018-08-24', 1, 6),
(99, 'OZONO RODILLA DERECHA', '50.00', NULL, '2018-08-25', '2018-08-25', 4, 8),
(100, 'OZONO HOMBRO DERECHO', '50.00', NULL, '2018-08-25', '2018-08-25', 4, 8),
(101, 'OZONO HOMBRO IZQUIERDO', '50.00', NULL, '2018-08-25', '2018-08-25', 4, 8),
(103, 'OZONO RODILLA IZQUIERDO', '50.00', NULL, '2018-08-25', '2018-08-25', 4, 8),
(104, 'OZONO CADERA DERECHO', '100.00', NULL, '2018-08-25', '2018-08-25', 4, 8),
(105, 'OZONO CADERA IZQUIERDO', '100.00', NULL, '2018-08-25', '2018-08-25', 4, 8),
(106, 'OZONO MUÑECA IZQUIERDO', '50.00', NULL, '2018-08-25', '2018-08-25', 4, 8),
(107, 'OZONO MUÑECA DERECHO', '50.00', NULL, '2018-08-25', '2018-08-25', 4, 8),
(108, 'OZONO CODO DERECHO', '50.00', NULL, '2018-08-25', '2018-08-25', 4, 8),
(109, 'OZONO CODO IZQUIERDO', '50.00', NULL, '2018-08-25', '2018-08-25', 4, 8),
(110, 'CONSULTA OBSTETRICA', '30.00', NULL, '2018-08-27', '2018-08-27', 4, 8),
(111, 'AMEU', '500.00', NULL, '2018-08-27', '2018-08-27', 1, 1),
(112, 'oleozon', '150.00', NULL, '2018-08-27', '2018-08-27', 4, 8),
(113, 'TIPIFICACION VIRAL', '350.00', NULL, '2018-08-28', '2018-08-28', 1, 5);

-- --------------------------------------------------------

--
-- Estructura de tabla para la tabla `sucursales`
--

CREATE TABLE `sucursales` (
  `id` int(11) NOT NULL,
  `nombre` varchar(200) NOT NULL,
  `id_sede` int(11) NOT NULL,
  `estatus` int(11) NOT NULL DEFAULT '1'
) ENGINE=InnoDB DEFAULT CHARSET=latin1;

--
-- Volcado de datos para la tabla `sucursales`
--

INSERT INTO `sucursales` (`id`, `nombre`, `id_sede`, `estatus`) VALUES
(1, 'Sede Sur', 1, 1),
(2, 'Sede Sur', 1, 1);

-- --------------------------------------------------------

--
-- Estructura de tabla para la tabla `users`
--

CREATE TABLE `users` (
  `id` int(10) UNSIGNED NOT NULL,
  `name` varchar(191) COLLATE utf8mb4_unicode_ci NOT NULL,
  `email` varchar(191) COLLATE utf8mb4_unicode_ci NOT NULL,
  `password` varchar(191) COLLATE utf8mb4_unicode_ci NOT NULL,
  `remember_token` varchar(191) COLLATE utf8mb4_unicode_ci DEFAULT NULL,
  `created_at` timestamp NULL DEFAULT NULL,
  `updated_at` timestamp NULL DEFAULT NULL,
  `id_empresa` int(11) NOT NULL DEFAULT '1',
  `id_sucursal` int(11) NOT NULL DEFAULT '1',
  `empresa` varchar(200) COLLATE utf8mb4_unicode_ci DEFAULT NULL,
  `sucursal` varchar(200) COLLATE utf8mb4_unicode_ci DEFAULT NULL,
  `rol` enum('Recepcionista') COLLATE utf8mb4_unicode_ci DEFAULT NULL
) ENGINE=InnoDB DEFAULT CHARSET=utf8mb4 COLLATE=utf8mb4_unicode_ci;

--
-- Volcado de datos para la tabla `users`
--

INSERT INTO `users` (`id`, `name`, `email`, `password`, `remember_token`, `created_at`, `updated_at`, `id_empresa`, `id_sucursal`, `empresa`, `sucursal`, `rol`) VALUES
(2, 'Erik', 'zerpaerik@gmail.com', '$2y$10$Hx/hnU6hT9.lnUG.MmCIzOC3Fe3VEdwQuF/hF.ccol2c70ALS.lzq', 'hM3Bi2JQrYgn09nIA26ETrf2SG6QHSaYHq4bbbwykOCfPh2LFVMsGqkkebls', '2018-07-02 05:59:15', '2018-07-02 05:59:15', 0, 0, '', '', NULL),
(4, 'Jose', 'jmeza@gmail.com', '$2y$10$tT10g4vzmvsI9yuKoBXA/.rqjHNETlMLDEfziN4DXLvkR01GIUlRe', '5e6nFwofcCX2ceiyroD2w8QUfPy73MvikV3hpVClPKqZpj0dGbCzXN24bzFm', '2018-07-14 01:11:55', '2018-08-20 02:22:28', 1, 1, '', '', NULL),
(5, 'Admin', 'admin@admin.com', '$2y$10$LueHY4/NLhcjxzE5dR1V.uI5HgCK8nwSBElsRIzEcwLjHXhgLIwDy', 'WClUGqQWetJK6JSLfJMUmBaGjDfQdiRTh5ooQkMnz13nN0zv7proiggyIoH4', '2018-07-23 13:57:48', '2018-07-23 13:57:48', 1, 1, '', '', NULL),
(6, 'MT INDEP', 'mtindep@admin.com', '$2y$10$xM4eXdI/PFWvhdOtgvIzMOqqDtrdGp.3.CFi27ZrZ8o/c9DmFLigy', 'Bto3V0sY0jy6Hq22rY6quxQcRJoiWzQZBzMokSuu1fbjyXty0CO8m0DAwKvZ', '2018-08-05 21:44:22', '2018-08-05 21:44:22', 1, 5, 'MT INDEP', 'CENTRAL', NULL),
(7, 'MT PRO', 'mtpro@admin.com', '$2y$10$GP6qjpb1LDUhAPHYjCm3g.qhRxGxkbrvpRehxHXyMPhDT/5Wp7bd6', 'xmEL4J7dqpLCnG1jckfDP5qPMsYg4WxcuzPM97czFXhzBr2noSj89FSFyLbh', '2018-08-05 21:44:42', '2018-08-05 21:44:42', 1, 6, 'MT PRO', 'CENTRAL', NULL),
(8, 'CENTRO MEDICO ANDREA', 'cmandrea@admin.com', '$2y$10$5XEPjJQRJUFUSJ5A5I/p3eraDRG3hNowykWiE4yFvqYW.74/Cjgp2', '2CtDXjeJF8t0HpBtWtS0az0WaNMPHoWNgnk00o6btOq9XlO2Q7uNkF81nqBk', '2018-08-20 01:22:11', '2018-08-20 01:23:17', 3, 7, 'CENTRO MEDICO ANDREA', 'CENTRAL', NULL),
(9, 'CIOQ SAC CENTRAL', 'cioqsacc@admin.com', '$2y$10$GOpEvTQUeARas/Qr4f0ynuf/BvL7yE35k91SH9JeylHEP0GrSygq2', 'oLNUnQR8Elp6QMs1jhNhuu311sKQQ5jZ5JVRP8JxC22ec9SPaJJIRIAIrNSw', '2018-08-20 01:24:32', '2018-08-22 21:30:09', 4, 8, 'CIOQ SAC ', 'CENTRAL', NULL),
(10, 'CIOQ SAC AGUSTINO', 'cioqsaca@admin.com', '$2y$10$pMGxh1B4UFzX8wuZgSirQOyNiFruEClR/vZDMVrjDTSAO3JBg.E4m', 'J1spUTSuhzshyesx2hD0zVTKTgC0t4q7lG6dhQORUusM7PcZsgcKNi2vvzez', '2018-08-20 01:25:05', '2018-08-27 19:10:56', 4, 9, 'CIOQ SAC', 'EL AGUSTINO', NULL),
(11, 'RECEPCION CIOQ CENTRAL', 'recepcioncioqcentral@admin.com', '$2y$10$NiwfRbiXbocRbC7NyL2kauVYn9siCyTPZwjohVND6NiMYNEWMp/Jq', '9uJDkVwOmeu7hJUZSWTn9pa9xDsPHxVYScrTHAgLKjZnWiN12KWths9nMNs4', '2018-08-23 19:52:32', '2018-08-25 10:01:19', 4, 8, 'CIOQ SAC', 'CENTRAL', 'Recepcionista'),
(12, 'RECEPCION CIOQ AGUSTINO', 'recepcioncioqagustino@admin.com', '$2y$10$icnZErPP0TgYx7pZ2JB2XOoSjOHnv6OZkksN3ydrDU/V7VboGFmAe', 'VnVXJJMyh2An9h9UKoyZ7najm4WOvrB0ZJVZHoMo0aFd5fo5OdNEkEOpmGPJ', '2018-08-23 19:53:11', '2018-08-23 19:53:11', 4, 9, 'CIOQ SAC', 'EL AGUSTINO', 'Recepcionista'),
(13, 'PROFESIONAL CIOQ CENTRAL', 'profesionalcioqcentral@admin.com', '$2y$10$0bWjrb5fZqhh.Cxm2gtl3OrdkxC7Hgcyl9KZfHx3.peIjlPQ53fdS', 'Rc4fEqECJz3ykt7OOz240HJkdBCNVTy3ir2Jddqi53fMWeEXScIp06HojOQH', '2018-08-23 19:53:46', '2018-08-25 17:44:52', 4, 8, 'CIOQ SAC', 'CENTRAL', NULL),
(14, 'PROFESIONAL CIOQ AGUSTINO', 'profesionalcioqagustino@admin.com', '$2y$10$lvp1Zs/HfYJAFgZOiFsXUervGft1RIjlNalaNFbIPEmp5tOSpkgUe', 'KH3PYB2fjpl2scKraojRn4WYMHimgGggbPALTKB1SjpmIlkfvAEvkZOGVZvX', '2018-08-23 19:54:16', '2018-08-23 19:54:16', 4, 9, 'CIOQ SAC', 'EL AGUSTINO', NULL),
(15, 'YESSICA INDEPENDENCIA', 'indyessica@admin.com', '$2y$10$yC3FX4/b4V/U6inhpK2p4.MvlH6dSlnxg/ieoX8bpd79.sUeQWRd6', NULL, '2018-08-24 08:59:52', '2018-08-24 08:59:52', 1, 5, 'MT INDEP', 'CENTRAL', NULL),
(16, 'CARMEN INDEPENDENCIA', 'indcarmen@admin.com', '$2y$10$gTGca7sfJBxjG7I0LKFw8.XEp.G/F.lPaEtPvMY54Ae7A.dvGldK2', NULL, '2018-08-24 09:00:25', '2018-08-24 09:00:25', 1, 5, 'MT INDEP', 'CENTRAL', NULL),
(17, 'YRIS INDEPENDENCIA', 'indyris@admin.com', '$2y$10$Y3UzGiEvtAIPCqzClBv0rOc180qotiRqX5M4On1b3wHMiqZPwCsdO', NULL, '2018-08-24 09:00:56', '2018-08-24 09:00:56', 1, 5, 'MT INDEP', 'CENTRAL', NULL),
(18, 'KIARA INDEPENDENCIA', 'indkiara@admin.com', '$2y$10$pKz.S9/wvUTTHSDnuJ9Le.l/nD0EfN7u.0QA.S.igZEcgtrVSznt2', NULL, '2018-08-24 09:01:19', '2018-08-24 09:01:19', 1, 5, 'MT INDEP', 'CENTRAL', NULL),
(19, 'YESSICA PRO', 'proyessica@admin.com', '$2y$10$V18gcH5AXpS/Ht5MrxAgSOmNSamxk6tpN3qAwCfC1dea0IpSM3E4m', NULL, '2018-08-24 09:02:19', '2018-08-24 09:02:19', 1, 6, 'MT PRO', 'CENTRAL', NULL),
(20, 'CARMEN PRO', 'procarmen@admin.com', '$2y$10$CavgQs91VB4D4c7sxh99Re9MaI8zXKDbPs3vZ3AazABr.FAwlRUWO', 'mCJ3qQtB2OxfsybfxgX89g3cV4M3ozBrCf6rss2sCDL1Z5ZdSs9QAl5ufpNB', '2018-08-24 09:02:44', '2018-08-24 09:02:44', 1, 6, 'MT PRO', 'CENTRAL', NULL),
(21, 'YRIS PRO', 'proyris@admin.com', '$2y$10$r2aIXFyShM8.T3sRa/MxPO4uienT6aSBSGvMzb.6aKcbl2XIMcQM.', NULL, '2018-08-24 09:03:09', '2018-08-24 09:03:09', 1, 6, 'MT PRO', 'CENTRAL', NULL),
(22, 'KIARA PRO', 'prokiara@admin.com', '$2y$10$5VnUBIDCUcqezkw92525B.40E7sYXIEnR17fFGj9bcnZc2i1Qx5wK', NULL, '2018-08-24 09:03:36', '2018-08-24 09:03:36', 1, 6, 'MT PRO', 'CENTRAL', NULL),
(23, 'FIORELLA INDEP', 'indfiorella@admin.com', '$2y$10$RFF5oy21MfwnqSHMHvazbujVvd5U0Hs8r.9l/jsfXl50/I9vBWKLm', NULL, '2018-08-24 09:24:15', '2018-08-24 09:24:15', 1, 5, 'MT INDEP', 'CENTRAL', 'Recepcionista'),
(24, 'MARIA INDEP', 'indmaria@admin.com', '$2y$10$QzT6EGoLEFNiEvKwaVI2quXmMwfpM7Jt5MJIeAYr5.kv2P06.t3TC', NULL, '2018-08-24 09:24:41', '2018-08-24 09:24:41', 1, 5, 'MT INDEP', 'CENTRAL', 'Recepcionista'),
(25, 'MIRIAM PRO', 'promiriam@admin.com', '$2y$10$s4WgfuNrlSVdqMertm7XAeebAU/L.DUERoObInnKXTsLuoFnK2Wpe', 'iHgzam9jYKBsnhFgMdKfz4hHcH3j8vvQER6IG7MbKim6vwgI95HKg8dNoRdx', '2018-08-24 09:25:09', '2018-08-24 09:25:09', 1, 6, 'MT PRO', 'CENTRAL', 'Recepcionista'),
(26, 'STEPHANIE PRO', 'prostephanie@admin.com', '$2y$10$jidMJPVoNxFmjg9sF517peFd8Jl5gI7f3APqdC9WODenp4ylBkLFu', NULL, '2018-08-24 09:25:36', '2018-08-24 09:25:36', 1, 6, 'MT PRO', 'CENTRAL', 'Recepcionista'),
(27, 'KATHERINE SALUD INTEGRAL', 'saludkatherine@admin.com', '$2y$10$ta01eZTuKH/GqOES4S2g3.wYQgSuV7O3ALp7Ej5iXuyGUXDN1jsyy', '97X59D8IbuJI66Zk4DKe9W6JVVsuYT6Jf40KDmK3FJxqUDxv6d1xURSkUpEI', '2018-08-25 20:20:26', '2018-08-26 12:47:56', 5, 10, 'SALUD INTEGRAL', 'CENTRAL', NULL),
(28, 'ROSA SALUD INTEGRAL', 'saludrosa@admin.com', '$2y$10$10DnvDhneL7K1DWsmYNblOM/tGgAEgqHMCxFQCBo7ygw8Xg1Q5uUK', 'QmqjEngJxk2fmlSsO1JNaofTe9ZCXcQ2uGuWu7B3IfpexmQo1KiJ15ws6igG', '2018-08-25 20:21:04', '2018-08-25 20:21:04', 5, 10, 'SALUD INTEGRAL', 'CENTRAL', 'Recepcionista'),
(29, 'NICK SALUD INTEGRAL', 'saludnick@admin.com', '$2y$10$ky0MsjS/k6lYp.4VmEuJ4e13qqRfU.NR8NeY8fG/7DUdaSWXedvIC', 'FvEo83WkSDys2kcfEUYq67gVXxRAHrqt7T4aaK34PRhr333ENHk0B2sjR2m8', '2018-08-25 20:21:38', '2018-08-25 20:21:38', 5, 10, 'SALUD INTEGRAL', 'CENTRAL', NULL),
(30, 'MIRELLA SALUD INTEGRAL', 'saludmirella@admin.com', '$2y$10$5jDq3PymQgZNxJSUF47CX.8yRZOBoO/j0YsLCRdzNUDfHf0.t9/Ce', NULL, '2018-08-25 20:22:11', '2018-08-25 20:22:11', 5, 10, 'SALUD INTEGRAL', 'CENTRAL', NULL);

-- --------------------------------------------------------

--
-- Estructura de tabla para la tabla `usuarios`
--

CREATE TABLE `usuarios` (
  `id` int(11) NOT NULL,
  `nombres` varchar(200) NOT NULL,
  `apellidos` varchar(200) NOT NULL,
  `email` varchar(20) NOT NULL,
  `usuario` varchar(20) NOT NULL,
  `contrasena` varchar(20) NOT NULL,
  `id_perfil` int(11) NOT NULL,
  `id_sede` int(11) NOT NULL,
  `id_sucursal` int(11) NOT NULL,
  `estatus` int(11) NOT NULL,
  `esadmin` tinyint(1) NOT NULL DEFAULT '0'
) ENGINE=InnoDB DEFAULT CHARSET=latin1;

--
-- Volcado de datos para la tabla `usuarios`
--

INSERT INTO `usuarios` (`id`, `nombres`, `apellidos`, `email`, `usuario`, `contrasena`, `id_perfil`, `id_sede`, `id_sucursal`, `estatus`, `esadmin`) VALUES
(1, 'Jose', 'Meza', 'jmez@gmail.com', 'jmeza', '123456', 1, 1, 1, 1, 0),
(2, 'Jose', 'Meza', 'jmez@gmail.com', 'jmeza', '123456', 1, 1, 1, 1, 0);

--
-- Índices para tablas volcadas
--

--
-- Indices de la tabla `abilities`
--
ALTER TABLE `abilities`
  ADD PRIMARY KEY (`id`),
  ADD UNIQUE KEY `abilities_unique_index` (`name`,`entity_id`,`entity_type`,`only_owned`);

--
-- Indices de la tabla `analises`
--
ALTER TABLE `analises`
  ADD PRIMARY KEY (`id`);

--
-- Indices de la tabla `assigned_roles`
--
ALTER TABLE `assigned_roles`
  ADD KEY `assigned_roles_entity_id_entity_type_index` (`entity_id`,`entity_type`),
  ADD KEY `assigned_roles_role_id_index` (`role_id`);

--
-- Indices de la tabla `atencions`
--
ALTER TABLE `atencions`
  ADD PRIMARY KEY (`id`);

--
-- Indices de la tabla `atencion_detalles`
--
ALTER TABLE `atencion_detalles`
  ADD PRIMARY KEY (`id`);

--
-- Indices de la tabla `atencion_laboratorios`
--
ALTER TABLE `atencion_laboratorios`
  ADD PRIMARY KEY (`id`);

--
-- Indices de la tabla `atencion_paquetes`
--
ALTER TABLE `atencion_paquetes`
  ADD PRIMARY KEY (`id`);

--
-- Indices de la tabla `atencion_profesionales_laboratorios`
--
ALTER TABLE `atencion_profesionales_laboratorios`
  ADD PRIMARY KEY (`id`);

--
-- Indices de la tabla `atencion_profesionales_servicios`
--
ALTER TABLE `atencion_profesionales_servicios`
  ADD PRIMARY KEY (`id`);

--
-- Indices de la tabla `atencion_servicios`
--
ALTER TABLE `atencion_servicios`
  ADD PRIMARY KEY (`id`);

--
-- Indices de la tabla `centros`
--
ALTER TABLE `centros`
  ADD PRIMARY KEY (`id`);

--
-- Indices de la tabla `creditos`
--
ALTER TABLE `creditos`
  ADD PRIMARY KEY (`id`);

--
-- Indices de la tabla `creditos_productos`
--
ALTER TABLE `creditos_productos`
  ADD UNIQUE KEY `id` (`id`);

--
-- Indices de la tabla `debitos`
--
ALTER TABLE `debitos`
  ADD PRIMARY KEY (`id`);

--
-- Indices de la tabla `distritos`
--
ALTER TABLE `distritos`
  ADD PRIMARY KEY (`id`);

--
-- Indices de la tabla `edo_civils`
--
ALTER TABLE `edo_civils`
  ADD PRIMARY KEY (`id`);

--
-- Indices de la tabla `empresas`
--
ALTER TABLE `empresas`
  ADD PRIMARY KEY (`id`);

--
-- Indices de la tabla `especialidads`
--
ALTER TABLE `especialidads`
  ADD PRIMARY KEY (`id`);

--
-- Indices de la tabla `gastos`
--
ALTER TABLE `gastos`
  ADD PRIMARY KEY (`id`);

--
-- Indices de la tabla `grado_instruccions`
--
ALTER TABLE `grado_instruccions`
  ADD PRIMARY KEY (`id`);

--
-- Indices de la tabla `historias_clinicas`
--
ALTER TABLE `historias_clinicas`
  ADD PRIMARY KEY (`id`);

--
-- Indices de la tabla `ingresos`
--
ALTER TABLE `ingresos`
  ADD PRIMARY KEY (`id`);

--
-- Indices de la tabla `laboratorios`
--
ALTER TABLE `laboratorios`
  ADD PRIMARY KEY (`id`);

--
-- Indices de la tabla `locales`
--
ALTER TABLE `locales`
  ADD PRIMARY KEY (`id`);

--
-- Indices de la tabla `medidas`
--
ALTER TABLE `medidas`
  ADD PRIMARY KEY (`id`);

--
-- Indices de la tabla `migrations`
--
ALTER TABLE `migrations`
  ADD PRIMARY KEY (`id`);

--
-- Indices de la tabla `pacientes`
--
ALTER TABLE `pacientes`
  ADD PRIMARY KEY (`id`);

--
-- Indices de la tabla `paquetes`
--
ALTER TABLE `paquetes`
  ADD PRIMARY KEY (`id`);

--
-- Indices de la tabla `paquetes_analises`
--
ALTER TABLE `paquetes_analises`
  ADD PRIMARY KEY (`id`);

--
-- Indices de la tabla `paquetes_servs`
--
ALTER TABLE `paquetes_servs`
  ADD PRIMARY KEY (`id`);

--
-- Indices de la tabla `password_resets`
--
ALTER TABLE `password_resets`
  ADD KEY `password_resets_email_index` (`email`);

--
-- Indices de la tabla `perfiles`
--
ALTER TABLE `perfiles`
  ADD PRIMARY KEY (`id`);

--
-- Indices de la tabla `permissions`
--
ALTER TABLE `permissions`
  ADD KEY `permissions_entity_id_entity_type_index` (`entity_id`,`entity_type`),
  ADD KEY `permissions_ability_id_index` (`ability_id`);

--
-- Indices de la tabla `personals`
--
ALTER TABLE `personals`
  ADD PRIMARY KEY (`id`);

--
-- Indices de la tabla `productos`
--
ALTER TABLE `productos`
  ADD PRIMARY KEY (`id`);

--
-- Indices de la tabla `profesionales`
--
ALTER TABLE `profesionales`
  ADD PRIMARY KEY (`id`);

--
-- Indices de la tabla `provincias`
--
ALTER TABLE `provincias`
  ADD PRIMARY KEY (`id`);

--
-- Indices de la tabla `redactar_resultados`
--
ALTER TABLE `redactar_resultados`
  ADD PRIMARY KEY (`id`),
  ADD UNIQUE KEY `id_UNIQUE` (`id`);

--
-- Indices de la tabla `redactar_resultados_labs`
--
ALTER TABLE `redactar_resultados_labs`
  ADD PRIMARY KEY (`id`);

--
-- Indices de la tabla `resultados`
--
ALTER TABLE `resultados`
  ADD PRIMARY KEY (`id`);

--
-- Indices de la tabla `roles`
--
ALTER TABLE `roles`
  ADD PRIMARY KEY (`id`),
  ADD UNIQUE KEY `roles_name_unique` (`name`);

--
-- Indices de la tabla `sedes`
--
ALTER TABLE `sedes`
  ADD PRIMARY KEY (`id`);

--
-- Indices de la tabla `sedes_afilias`
--
ALTER TABLE `sedes_afilias`
  ADD PRIMARY KEY (`id`);

--
-- Indices de la tabla `servicios`
--
ALTER TABLE `servicios`
  ADD PRIMARY KEY (`id`);

--
-- Indices de la tabla `sucursales`
--
ALTER TABLE `sucursales`
  ADD PRIMARY KEY (`id`);

--
-- Indices de la tabla `users`
--
ALTER TABLE `users`
  ADD PRIMARY KEY (`id`);

--
-- Indices de la tabla `usuarios`
--
ALTER TABLE `usuarios`
  ADD PRIMARY KEY (`id`);

--
-- AUTO_INCREMENT de las tablas volcadas
--

--
-- AUTO_INCREMENT de la tabla `abilities`
--
ALTER TABLE `abilities`
  MODIFY `id` int(10) UNSIGNED NOT NULL AUTO_INCREMENT, AUTO_INCREMENT=5;

--
-- AUTO_INCREMENT de la tabla `analises`
--
ALTER TABLE `analises`
  MODIFY `id` int(11) NOT NULL AUTO_INCREMENT, AUTO_INCREMENT=166;

--
-- AUTO_INCREMENT de la tabla `atencions`
--
ALTER TABLE `atencions`
  MODIFY `id` int(11) NOT NULL AUTO_INCREMENT, AUTO_INCREMENT=377;

--
-- AUTO_INCREMENT de la tabla `atencion_detalles`
--
ALTER TABLE `atencion_detalles`
  MODIFY `id` int(11) NOT NULL AUTO_INCREMENT, AUTO_INCREMENT=379;

--
-- AUTO_INCREMENT de la tabla `atencion_laboratorios`
--
ALTER TABLE `atencion_laboratorios`
  MODIFY `id` int(11) NOT NULL AUTO_INCREMENT, AUTO_INCREMENT=150;

--
-- AUTO_INCREMENT de la tabla `atencion_paquetes`
--
ALTER TABLE `atencion_paquetes`
  MODIFY `id` int(11) NOT NULL AUTO_INCREMENT, AUTO_INCREMENT=20;

--
-- AUTO_INCREMENT de la tabla `atencion_profesionales_laboratorios`
--
ALTER TABLE `atencion_profesionales_laboratorios`
  MODIFY `id` int(11) NOT NULL AUTO_INCREMENT, AUTO_INCREMENT=81;

--
-- AUTO_INCREMENT de la tabla `atencion_profesionales_servicios`
--
ALTER TABLE `atencion_profesionales_servicios`
  MODIFY `id` int(11) NOT NULL AUTO_INCREMENT, AUTO_INCREMENT=300;

--
-- AUTO_INCREMENT de la tabla `atencion_servicios`
--
ALTER TABLE `atencion_servicios`
  MODIFY `id` int(11) NOT NULL AUTO_INCREMENT, AUTO_INCREMENT=333;

--
-- AUTO_INCREMENT de la tabla `centros`
--
ALTER TABLE `centros`
  MODIFY `id` int(11) NOT NULL AUTO_INCREMENT, AUTO_INCREMENT=62;

--
-- AUTO_INCREMENT de la tabla `creditos`
--
ALTER TABLE `creditos`
  MODIFY `id` int(11) NOT NULL AUTO_INCREMENT, AUTO_INCREMENT=420;

--
-- AUTO_INCREMENT de la tabla `creditos_productos`
--
ALTER TABLE `creditos_productos`
  MODIFY `id` bigint(20) UNSIGNED NOT NULL AUTO_INCREMENT, AUTO_INCREMENT=15;

--
-- AUTO_INCREMENT de la tabla `debitos`
--
ALTER TABLE `debitos`
  MODIFY `id` int(11) NOT NULL AUTO_INCREMENT, AUTO_INCREMENT=56;

--
-- AUTO_INCREMENT de la tabla `distritos`
--
ALTER TABLE `distritos`
  MODIFY `id` int(11) NOT NULL AUTO_INCREMENT, AUTO_INCREMENT=30;

--
-- AUTO_INCREMENT de la tabla `edo_civils`
--
ALTER TABLE `edo_civils`
  MODIFY `id` int(11) NOT NULL AUTO_INCREMENT, AUTO_INCREMENT=5;

--
-- AUTO_INCREMENT de la tabla `empresas`
--
ALTER TABLE `empresas`
  MODIFY `id` int(11) NOT NULL AUTO_INCREMENT, AUTO_INCREMENT=6;

--
-- AUTO_INCREMENT de la tabla `especialidads`
--
ALTER TABLE `especialidads`
  MODIFY `id` int(11) NOT NULL AUTO_INCREMENT, AUTO_INCREMENT=15;

--
-- AUTO_INCREMENT de la tabla `gastos`
--
ALTER TABLE `gastos`
  MODIFY `id` int(11) NOT NULL AUTO_INCREMENT, AUTO_INCREMENT=24;

--
-- AUTO_INCREMENT de la tabla `grado_instruccions`
--
ALTER TABLE `grado_instruccions`
  MODIFY `id` int(11) NOT NULL AUTO_INCREMENT, AUTO_INCREMENT=5;

--
-- AUTO_INCREMENT de la tabla `historias_clinicas`
--
ALTER TABLE `historias_clinicas`
  MODIFY `id` int(11) NOT NULL AUTO_INCREMENT, AUTO_INCREMENT=268;

--
-- AUTO_INCREMENT de la tabla `ingresos`
--
ALTER TABLE `ingresos`
  MODIFY `id` int(11) NOT NULL AUTO_INCREMENT, AUTO_INCREMENT=24;

--
-- AUTO_INCREMENT de la tabla `laboratorios`
--
ALTER TABLE `laboratorios`
  MODIFY `id` int(11) NOT NULL AUTO_INCREMENT, AUTO_INCREMENT=18;

--
-- AUTO_INCREMENT de la tabla `locales`
--
ALTER TABLE `locales`
  MODIFY `id` int(11) NOT NULL AUTO_INCREMENT, AUTO_INCREMENT=11;

--
-- AUTO_INCREMENT de la tabla `medidas`
--
ALTER TABLE `medidas`
  MODIFY `id` int(11) NOT NULL AUTO_INCREMENT, AUTO_INCREMENT=9;

--
-- AUTO_INCREMENT de la tabla `migrations`
--
ALTER TABLE `migrations`
  MODIFY `id` int(10) UNSIGNED NOT NULL AUTO_INCREMENT, AUTO_INCREMENT=4;

--
-- AUTO_INCREMENT de la tabla `pacientes`
--
ALTER TABLE `pacientes`
  MODIFY `id` int(11) NOT NULL AUTO_INCREMENT, AUTO_INCREMENT=270;

--
-- AUTO_INCREMENT de la tabla `paquetes`
--
ALTER TABLE `paquetes`
  MODIFY `id` int(11) NOT NULL AUTO_INCREMENT, AUTO_INCREMENT=29;

--
-- AUTO_INCREMENT de la tabla `paquetes_analises`
--
ALTER TABLE `paquetes_analises`
  MODIFY `id` int(11) NOT NULL AUTO_INCREMENT, AUTO_INCREMENT=24;

--
-- AUTO_INCREMENT de la tabla `paquetes_servs`
--
ALTER TABLE `paquetes_servs`
  MODIFY `id` int(11) NOT NULL AUTO_INCREMENT, AUTO_INCREMENT=53;

--
-- AUTO_INCREMENT de la tabla `perfiles`
--
ALTER TABLE `perfiles`
  MODIFY `id` int(11) NOT NULL AUTO_INCREMENT;

--
-- AUTO_INCREMENT de la tabla `personals`
--
ALTER TABLE `personals`
  MODIFY `id` int(11) NOT NULL AUTO_INCREMENT, AUTO_INCREMENT=36;

--
-- AUTO_INCREMENT de la tabla `productos`
--
ALTER TABLE `productos`
  MODIFY `id` int(11) NOT NULL AUTO_INCREMENT, AUTO_INCREMENT=52;

--
-- AUTO_INCREMENT de la tabla `profesionales`
--
ALTER TABLE `profesionales`
  MODIFY `id` int(11) NOT NULL AUTO_INCREMENT, AUTO_INCREMENT=85;

--
-- AUTO_INCREMENT de la tabla `provincias`
--
ALTER TABLE `provincias`
  MODIFY `id` int(11) NOT NULL AUTO_INCREMENT, AUTO_INCREMENT=2;

--
-- AUTO_INCREMENT de la tabla `redactar_resultados`
--
ALTER TABLE `redactar_resultados`
  MODIFY `id` int(11) NOT NULL AUTO_INCREMENT, AUTO_INCREMENT=11;

--
-- AUTO_INCREMENT de la tabla `redactar_resultados_labs`
--
ALTER TABLE `redactar_resultados_labs`
  MODIFY `id` int(11) NOT NULL AUTO_INCREMENT, AUTO_INCREMENT=4;

--
-- AUTO_INCREMENT de la tabla `resultados`
--
ALTER TABLE `resultados`
  MODIFY `id` int(11) NOT NULL AUTO_INCREMENT;

--
-- AUTO_INCREMENT de la tabla `roles`
--
ALTER TABLE `roles`
  MODIFY `id` int(10) UNSIGNED NOT NULL AUTO_INCREMENT, AUTO_INCREMENT=4;

--
-- AUTO_INCREMENT de la tabla `sedes`
--
ALTER TABLE `sedes`
  MODIFY `id` int(11) NOT NULL AUTO_INCREMENT, AUTO_INCREMENT=3;

--
-- AUTO_INCREMENT de la tabla `sedes_afilias`
--
ALTER TABLE `sedes_afilias`
  MODIFY `id` int(11) NOT NULL AUTO_INCREMENT, AUTO_INCREMENT=2;

--
-- AUTO_INCREMENT de la tabla `servicios`
--
ALTER TABLE `servicios`
  MODIFY `id` int(11) NOT NULL AUTO_INCREMENT, AUTO_INCREMENT=114;

--
-- AUTO_INCREMENT de la tabla `sucursales`
--
ALTER TABLE `sucursales`
  MODIFY `id` int(11) NOT NULL AUTO_INCREMENT, AUTO_INCREMENT=3;

--
-- AUTO_INCREMENT de la tabla `users`
--
ALTER TABLE `users`
  MODIFY `id` int(10) UNSIGNED NOT NULL AUTO_INCREMENT, AUTO_INCREMENT=31;

--
-- AUTO_INCREMENT de la tabla `usuarios`
--
ALTER TABLE `usuarios`
  MODIFY `id` int(11) NOT NULL AUTO_INCREMENT, AUTO_INCREMENT=3;

--
-- Restricciones para tablas volcadas
--

--
-- Filtros para la tabla `assigned_roles`
--
ALTER TABLE `assigned_roles`
  ADD CONSTRAINT `assigned_roles_role_id_foreign` FOREIGN KEY (`role_id`) REFERENCES `roles` (`id`) ON DELETE CASCADE ON UPDATE CASCADE;

--
-- Filtros para la tabla `permissions`
--
ALTER TABLE `permissions`
  ADD CONSTRAINT `permissions_ability_id_foreign` FOREIGN KEY (`ability_id`) REFERENCES `abilities` (`id`) ON DELETE CASCADE ON UPDATE CASCADE;
COMMIT;

/*!40101 SET CHARACTER_SET_CLIENT=@OLD_CHARACTER_SET_CLIENT */;
/*!40101 SET CHARACTER_SET_RESULTS=@OLD_CHARACTER_SET_RESULTS */;
/*!40101 SET COLLATION_CONNECTION=@OLD_COLLATION_CONNECTION */;
